:020000040800F2
:100000000000022011580008FD260008FF26000805
:10001000012700080327000805270008000000004A
:10002000000000000000000000000000072700089A
:1000300009270008000000000B2700080D27000812
:1000400061580008615800086158000861580008AC
:10005000615800086158000861580008615800089C
:100060006158000861580008615800081527000809
:1000700025270008352700084527000855270008D0
:1000800065270008752700086158000861580008B6
:10009000615800086158000861580008615800085C
:1000A0006158000885270008615800086158000859
:1000B000615800086158000861580008615800083C
:1000C000615800086158000861580008615800082C
:1000D0006158000895270008A5270008B5270008E3
:1000E000615800086158000861580008615800080C
:1000F000615800086158000861580008C5270008C9
:1001000061580008615800086158000861580008EB
:10011000D5270008E5270008615800086158000845
:10012000F5270008615800080528000861580008F4
:10013000615800080000000000000000615800083D
:1001400061580008615800086158000861580008AB
:100150006158000861580008152800086158000817
:10016000615800086158000861580008615800088B
:10017000615800086158000861580008000000003C
:1001800000000000615800080000000000000000AE
:1001900061580008000000000000000061580008DD
:1001A000000000000000000000000000615800088E
:1001B000615800086158000861580008615800083B
:0401C000615800087A
:1001C80010B5054C237833B9044B13B10448AFF389
:1001D80000800123237010BD800000200000000073
:1001E80098AB000808B5034B1BB103490348AFF3AC
:1001F800008008BD000000008400002098AB0008C3
:1002080081F0004102E000BF83F0004330B54FEABF
:1002180041044FEA430594EA050F08BF90EA020F2C
:100228001FBF54EA000C55EA020C7FEA645C7FEABF
:10023800655C00F0E2804FEA5454D4EB5555B8BFE2
:100248006D420CDD2C4480EA020281EA030382EA53
:10025800000083EA010180EA020281EA0303362DE5
:1002680088BF30BD11F0004F4FEA01314FF4801CB8
:100278004CEA113102D0404261EB410113F0004FCA
:100288004FEA03334CEA133302D0524263EB430381
:1002980094EA050F00F0A780A4F10104D5F1200E1F
:1002A8000DDB02FA0EFC22FA05F2801841F100017A
:1002B80003FA0EF2801843FA05F359410EE0A5F14E
:1002C80020050EF1200E012A03FA0EFC28BF4CF07F
:1002D800020C43FA05F3C01851EBE37101F0004535
:1002E80007D54FF0000EDCF1000C7EEB00006EEB42
:1002F8000101B1F5801F1BD3B1F5001F0CD34908CC
:100308005FEA30004FEA3C0C04F101044FEA445222
:1003180012F5800F80F09A80BCF1004F08BF5FEAA9
:10032800500C50F1000041EB045141EA050130BD89
:100338005FEA4C0C404141EB0101013C28BFB1F59B
:10034800801FE9D291F0000F04BF01460020B1FAE6
:1003580081F308BF2033A3F10B03B3F120020CDAB9
:100368000C3208DD02F1140CC2F10C0201FA0CF097
:1003780021FA02F10CE002F11402D8BFC2F1200CFC
:1003880001FA02F120FA0CFCDCBF41EA0C019040B2
:10039800E41AA2BF01EB0451294330BD6FEA0404FB
:1003A8001F3C1CDA0C340EDC04F11404C4F12002E6
:1003B80020FA04F001FA02F340EA030021FA04F3F8
:1003C80045EA030130BDC4F10C04C4F1200220FA4F
:1003D80002F001FA04F340EA0300294630BD21FA8D
:1003E80004F0294630BD94F0000F83F4801306BF53
:1003F80081F480110134013D4EE77FEA645C18BF47
:100408007FEA655C29D094EA050F08BF90EA020FDD
:1004180005D054EA000C04BF1946104630BD91EAD5
:10042800030F1EBF0021002030BD5FEA545C05D1D8
:100438004000494128BF41F0004130BD14F5800417
:100448003CBF01F5801130BD01F0004545F0FE418B
:1004580041F470014FF0000030BD7FEA645C1ABFC0
:10046800194610467FEA655C1CBF0B46024650EAF7
:10047800013406BF52EA033591EA030F41F4002123
:1004880030BD00BF90F0000F04BF0021704730B5A9
:100498004FF4806404F132044FF000054FF000017E
:1004A80050E700BF90F0000F04BF0021704730B53F
:1004B8004FF4806404F1320410F0004548BF404214
:1004C8004FF000013EE700BF42004FEAE2014FEA69
:1004D80031014FEA02701FBF12F07F4393F07F4F44
:1004E80081F06051704732F07F4208BF704793F047
:1004F8007F4F04BF41F40021704730B54FF460745A
:1005080001F0004521F000411CE700BF50EA01025C
:1005180008BF704730B54FF000050AE050EA010205
:1005280008BF704730B511F0004502D5404261EB75
:1005380041014FF4806404F132045FEA915C3FF4B6
:10054800D8AE4FF003025FEADC0C18BF03325FEA53
:10055800DC0C18BF033202EBDC02C2F1200300FA04
:1005680003FC20FA02F001FA03FE40EA0E0021FA29
:1005780002F11444BDE600BF70B54FF0FF0C4CF417
:10058800E06C1CEA11541DBF1CEA135594EA0C0FC9
:1005980095EA0C0F00F0DEF82C4481EA030621EA04
:1005A8004C5123EA4C5350EA013518BF52EA03353F
:1005B80041F4801143F4801338D0A0FB02CE4FF0F1
:1005C8000005E1FB02E506F00042E0FB03E54FF021
:1005D8000006E1FB03569CF0000F18BF4EF0010E19
:1005E800A4F1FF04B6F5007F64F5407404D25FEA15
:1005F8004E0E6D4146EB060642EAC62141EA5551C8
:100608004FEAC52040EA5E504FEACE2EB4F1FD0C09
:1006180088BFBCF5E06F1ED8BEF1004F08BF5FEA87
:10062800500E50F1000041EB045170BD06F0004639
:1006380046EA010140EA020081EA0301B4EB5C04E6
:10064800C2BFD4EB0C0541EA045170BD41F48011DE
:100658004FF0000E013C00F3AB8014F1360FDEBF03
:10066800002001F0004170BDC4F10004203C35DADF
:100678000C341BDC04F11404C4F1200500FA05F362
:1006880020FA04F001FA05F240EA020001F0004203
:1006980021F0004110EBD37021FA04F642EB060179
:1006A8005EEA430E08BF20EAD37070BDC4F10C04A3
:1006B800C4F1200500FA04F320FA05F001FA04F267
:1006C80040EA020001F0004110EBD37041F1000153
:1006D8005EEA430E08BF20EAD37070BDC4F120055E
:1006E80000FA05F24EEA020E20FA04F301FA05F2C6
:1006F80043EA020321FA04F001F0004121FA04F26E
:1007080020EA020000EBD3705EEA430E08BF20EA3D
:10071800D37070BD94F0000F0FD101F00046400077
:1007280041EB010111F4801F08BF013CF7D041EAF9
:10073800060195F0000F18BF704703F000465200FD
:1007480043EB030313F4801F08BF013DF7D043EACE
:100758000603704794EA0C0F0CEA135518BF95EA84
:100768000C0F0CD050EA410618BF52EA4306D1D10B
:1007780081EA030101F000414FF0000070BD50EA2A
:10078800410606BF1046194652EA430619D094EAB4
:100798000C0F02D150EA013613D195EA0C0F05D19E
:1007A80052EA03361CBF104619460AD181EA0301F2
:1007B80001F0004141F0FE4141F470014FF00000AA
:1007C80070BD41F0FE4141F4780170BD70B54FF045
:1007D800FF0C4CF4E06C1CEA11541DBF1CEA1355C5
:1007E80094EA0C0F95EA0C0F00F0A7F8A4EB0504A7
:1007F80081EA030E52EA03354FEA013100F088809E
:100808004FEA03334FF0805545EA131343EA126366
:100818004FEA022245EA111545EA10654FEA00261B
:100828000EF000419D4208BF964244F1FD0404F5D4
:10083800407402D25B084FEA3202B61A65EB030530
:100848005B084FEA32024FF480104FF4002CB6EBED
:10085800020E75EB030E22BFB61A754640EA0C006D
:100868005B084FEA3202B6EB020E75EB030E22BFAD
:10087800B61A754640EA5C005B084FEA3202B6EBEE
:10088800020E75EB030E22BFB61A754640EA9C00AD
:100898005B084FEA3202B6EB020E75EB030E22BF7D
:1008A800B61A754640EADC0055EA060E18D04FEA3B
:1008B800051545EA16754FEA06164FEAC30343EADB
:1008C80052734FEAC2025FEA1C1CC0D111F4801FA8
:1008D8000BD141EA00014FF000004FF0004CB6E7A1
:1008E80011F4801F04BF01430020B4F1FD0C88BF40
:1008F800BCF5E06F3FF6AFAEB5EB030C04BFB6EB4B
:10090800020C5FEA500C50F1000041EB045170BD3D
:100918000EF0004E4EEA113114EB5C04C2BFD4EB6A
:100928000C0541EA045170BD41F480114FF0000EEE
:10093800013C90E645EA060E8DE60CEA135594EA6A
:100948000C0F08BF95EA0C0F3FF43BAF94EA0C0F6D
:100958000AD150EA01347FF434AF95EA0C0F7FF4E2
:1009680025AF104619462CE795EA0C0F06D152EA36
:1009780003353FF4FDAE1046194622E750EA41061A
:1009880018BF52EA43067FF4C5AE50EA41047FF42B
:100998000DAF52EA43057FF4EBAE12E74FF0FF3C90
:1009A80006E000BF4FF0010C02E000BF4FF0010C61
:1009B8004DF804CD4FEA410C7FEA6C5C4FEA430CDA
:1009C80018BF7FEA6C5C1BD001B050EA410C0CBF29
:1009D80052EA430C91EA030F02BF90EA020F00208B
:1009E800704710F1000F91EA030F58BF994208BFF2
:1009F80090422CBFD8176FEAE37040F001007047AF
:100A08004FEA410C7FEA6C5C02D150EA013C07D105
:100A18004FEA430C7FEA6C5CD6D152EA033CD3D050
:100A28005DF8040B704700BF8446104662468C464A
:100A38001946634600E000BF01B5FFF7B7FF00287D
:100A480048BF10F1000F01BD4DF808EDFFF7F4FFA6
:100A58000CBF012000205DF808FB00BF4DF808ED31
:100A6800FFF7EAFF34BF012000205DF808FB00BF54
:100A78004DF808EDFFF7E0FF94BF012000205DF876
:100A880008FB00BF4DF808EDFFF7CEFF94BF01202B
:100A980000205DF808FB00BF4DF808EDFFF7C4FF24
:100AA80034BF012000205DF808FB00BF4FEA410C6D
:100AB8007FEA6C5C02D150EA013C0AD14FEA430C50
:100AC8007FEA6C5C02D152EA033C02D14FF000008D
:100AD80070474FF0010070474FEA410212F50012CB
:100AE80015D211D56FF47873B3EB625212D94FEA6D
:100AF800C12343F0004343EA505311F0004F23FA57
:100B080002F018BF404270474FF00000704750EAAB
:100B1800013005D111F0004008BF6FF00040704768
:100B28004FF00000704700BF4A0011D212F50012C2
:100B380011D20DD56FF47873B3EB62520ED44FEA2D
:100B4800C12343F0004343EA505323FA02F07047AD
:100B58004FF00000704750EA013002D14FF0FF30EB
:100B680070474FF0000070474FEA4102B2F1E0438E
:100B780024BFB3F5001CDCF1FE5C0DD901F0004C7C
:100B88004FEAC0024CEA5070B2F1004F40EB8300CC
:100B980008BF20F00100704711F0804F21D113F1F8
:100BA8003872BCBF01F00040704741F480114FEA31
:100BB8005252C2F11802C2F1200C10FA0CF320FABA
:100BC80002F018BF40F001004FEAC1234FEAD323D7
:100BD80003FA0CFC40EA0C0023FA02F34FEA430341
:100BE800CCE77FEA625307D150EA01331EBF4FF0CA
:100BF800FE4040F44000704701F0004040F0FE40E5
:100C080040F40000704700BF53B94AB9002908BF33
:100C180000281CBF4FF0FF314FF0FF3001F0F6B84D
:100C2800ADF1080C6DE904CE00F006F8DDF804E03B
:100C3800DDE9022304B070472DE9F047089D0C4612
:100C4800002B4ED194468C458646B2FA82F262D980
:100C58004AB1C2F12003914020FA03F30CFA02FCD6
:100C6800194300FA02FE4FEA1C471FFA8CF6B1FB43
:100C7800F7F44FEA1E4307FB141143EA014304FB50
:100C880006F199420AD91CEB030304F1FF3080F006
:100C98001281994240F20F81023C6344591A1FFAAB
:100CA8008EF3B1FBF7F007FB101143EA014300FB99
:100CB80006F69E420AD91CEB030300F1FF3180F0CF
:100CC800FC809E4240F2F980634402389B1B40EA54
:100CD800044000211DB1D3400022C5E90032BDE81F
:100CE800F0878B4205D90DB1C5E9000100210846FE
:100CF800F5E7B3FA83F1002946D1A34202D3904223
:100D0800C0F0F080861A64EB03030120002DE6D0C2
:100D1800C5E90063E3E7002A40F09080A1EB0C04EA
:100D28004FEA1C481FFA8CF70121B4FBF8F64FEA8A
:100D38001E4308FB164443EA044307FB06F09842A7
:100D480008D91CEB030306F1FF3402D2984200F2E3
:100D5800CD8026461C1A1FFA8EF3B4FBF8F008FB68
:100D6800104443EA044300FB07F79F4208D91CEBF1
:100D7800030300F1FF3402D29F4200F2B080204604
:100D8800DB1B40EA0640A5E7C1F120068B4022FAAA
:100D980006F71F4320FA06FC04FA01F343EA0C03A2
:100DA800F44000FA01F8380C4FEA1349B4FBF0FE9E
:100DB8001FFA87FC00FB1E4449EA04440EFB0CF9A9
:100DC800A14502FA01F20AD93C190EF1FF3A80F066
:100DD8008480A14540F28180AEF1020E3C44A4EB30
:100DE80009041FFA83F9B4FBF0F300FB134449EA42
:100DF800044403FB0CFCA44507D93C1903F1FF305C
:100E080067D2A44565D9023B3C4443EA0E40A0FBA7
:100E18000293A4EB0C049C42CE469C4651D34ED080
:100E280055B1B8EB0E0364EB0C0404FA06F6CB409C
:100E38001E43CC40C5E90064002150E7C2F12003FD
:100E480020FA03F10CFA02FC24FA03F394400C4351
:100E58004FEA1C4800FA02FE1FFA8CF7B3FBF8F0C1
:100E680008FB1031230C43EA014300FB07F19942C8
:100E780008D91CEB030300F1FF362CD299422AD97A
:100E8800023863445B1AA4B2B3FBF8F108FB1133D0
:100E980044EA034401FB07F3A34208D91CEB04040A
:100EA80001F1FF3613D2A34211D902396444E41A7E
:100EB80041EA004139E70446F0E6084606E7C84536
:100EC800AED2B9EB020E63EB070C0138A8E7314646
:100ED800EDE7034699E73046D4E7D6467FE7634413
:100EE80002384DE70646234608460FE7023E6344AC
:100EF80030E700BF03685A004CBF43F0004323F0BB
:100F080000431844704700BF2DE9F84349B34F1E0A
:100F1800044615463E464FF0000909EB060101EB71
:100F2800D171491004EBC1084046FFF7E3FF8F4237
:100F380003464FEAC1000FD00830AB42204407D81F
:100F4800FFF7D8FF0138A84208D201F10109E4E708
:100F5800894506D04E1EE0E7AB42F9D84046BDE8C9
:100F6800F8834FF000084046BDE8F883012807D011
:100F7800022807D0044B00280CBF184600207047F1
:100F880002487047024870473D160008411600089D
:100F98004516000830B5214B83B004468D1E1BB39F
:100FA80001A92846AFF3008088B301992A46FFF7C4
:100FB800ABFF014658B3FFF79DFF4B68A064012BB8
:100FC80028D0002B01F104001FDBFFF793FF00235B
:100FD80023650368E064002B0DDBFFF78BFF0346F6
:100FE8000020236103B030BD0D4B0E49C91AC9104A
:100FF80018460191DAE7C3F30360FFF7B7FF03462A
:1010080028B10020236103B030BD0123E0E70023AD
:101018000920E6E700230520E3E700BF0000000001
:1010280050AF000800B200080368DA0710B504469C
:1010380006D49B0700F1480009D500F069FC236835
:10104800590709D51A070ED5DB0613D510BD00F0D0
:1010580057FC23685907F5D404F1D00000F060FC70
:1010680023681A07F0D404F5A87000F061FC23681F
:10107800DB06EBD404F5E870BDE8104000F09CBC3A
:10108800092070470346006800B11844704700BF44
:10109800704700BF70B504460E46316C2046FFF716
:1010A80079FF054688B9326C626123693246214668
:1010B800012098470828F0D0072806D12846316C27
:1010C800FFF7E6FF301D00F00FFC09F0F7FC00BF4A
:1010D8002DE9F0470D1DD0F80C80D0F81890074680
:1010E80014460FCDADF5727D0DF10C0CACE80F0078
:1010F8000FCDACE80F000FCDACE80F0095E80F005E
:1011080002AE4FF0000E8CE80F00C6F800E020E0B9
:10111800336C7B614FF4F07231467AA809F02AFDEE
:101128003B697AAA394650469847889B736421469A
:10113800CDE9006905463B463A460120C0470446CA
:1011480018BB4FF4F0727AA9304609F013FD082D48
:1011580019D1316C3846FFF71DFF09345FFA84FA5C
:1011680005460028D4D0B36B73643A46CDE90069CC
:101178003B464AF010010120C04730B928460DF51A
:10118800727DBDE8F087072D05D0092528460DF5A5
:10119800727DBDE8F0872046316CFFF779FF03A820
:1011A80000F0A2FB406C7047F0B5CB6B0B6401F10B
:1011B800040C0E460546BCE80F00F9B001AC0FC49C
:1011C800BCE80F000FC4BCE80F000FC49CE80F0078
:1011D8004FF0FF3784E80F00009706E02B696A4656
:1011E800294698470828044608D110992846FFF749
:1011F800D1FE0028F2D0092079B0F0BD6846FFF78B
:1012080013FF062CF7D131462846FFF743FF00BFEE
:10121800C160D96B826119640022194658E700BF82
:1012280070B5C66843690B64AEB903690A460446DB
:101238000D46014602209847072805D008280FD1F7
:1012480029462046FFF726FF3046296CFFF720FF86
:10125800281D00F049FB0122FFF73AFF09F02EFC98
:1012680009F02CFCC2681AB1CA6B0A6400222FE785
:101278009AE700BF704700BF836801460BB10120A1
:1012880018477047012910D009D883B90F2A0ED8FA
:1012980000EB820218465368009A136070470339BE
:1012A80001298CBF022001207047084670470220A0
:1012B800704700BF00B585B00A46002303A9009116
:1012C8001946FFF7DFFF039805B05DF804FB00BF80
:1012D800012910D009D883B90F2A0ED8009900EB3C
:1012E80082020968516018467047033901298CBF8A
:1012F800022001207047084670470220704700BF4F
:1013080010B584B0002303AC039200940A46194632
:10131800FFF7DEFF04B010BD70B5D36B136402F1A4
:10132800040C05460C46BCE80F00ADF50E7D0DF12A
:101338005C0EAEE80F00BCE80F00AEE80F00BCE89A
:101348000F00AEE80F009CE80F004FF0FF368EE864
:101358000F00169610E0FFF7D3FF214616A8A847FE
:10136800034616AA6946082083B9049B98470528AE
:1013780006460CD0092809D026996846FFF70AFEC8
:1013880003466A460C2116A8002BE4D0092616A8A5
:10139800FFF74AFE30460DF50E7D70BD2DE9F04F82
:1013A8009346CA6C89B00D4652F8041B069200F0A9
:1013B800030C002B79D00C0C8DF81D400904E4B205
:1013C800059102EB840202212F6D8DF81C10BCF1EF
:1013D800020F08BFAA6B17F001070CD005A95846E1
:1013E80000F084FB18B9082009B0BDE8F08F092087
:1013F80009B0BDE8F08F1668002EEFD000F00801A4
:101408000191B246029764469946B9F1020F48D055
:10141800B2F800A0568802F10408AA6C26F001036D
:101428000F2158469F18FFF745FF874237D82AF003
:1014380001023A44824294BF00220122730003F061
:1014480002030AF0010A43EA0A03012B47D0022BE0
:1014580031D0002BCBD114B1002A40F0C98008F15B
:101468000402D2F800A0BAF1000FCED105A958465F
:10147800029F00F03BFB0028B9D1002FB3D00F2109
:101488005846FFF717FF0E2102465846FFF738FF68
:10149800674A0F215846FFF733FF0720A8E70022C5
:1014A800CCE7566802F10808B7E7090205918DF8FC
:1014B8001D30032188E7D8F8006026F00043002C8F
:1014C80044D122B1019A002A5AD0002B58D0002EBC
:1014D80001DA08F10408013308EB8302C1E7ECB92B
:1014E800CAB1D8F80430D8F80020991C4FEAD27253
:1014F8003FF47DAF05F158010133049100F08B8072
:1015080008F10400FFF7BEFD04AB0146284608F0C9
:10151800E5FD002857D108F10802A2E70D21584639
:10152800FFF7C8FE2B6A8342F5D1AB6A9845F2D122
:101538004046FFF7DFFC0F2102465846FFF7E0FE62
:101548002A4600215846FFF7DBFEA6E70D2158463C
:101558000393FFF7AFFE2A6A039B8242B7D1AA6AB8
:101568009045B4D100270422C5E90B724244AB620E
:101578006A63D8F80020BA4255DB01220292AAE732
:10158800039408F1040A002605F158071C460DE0EB
:1015980050460497FFF776FD0022014604AB284623
:1015A80001360AF1040A08F099FDE0B9A642EFD124
:1015B8000D215846FFF77EFE049BC5F82880C5E933
:1015C8000803062014E704460D215846FFF772FE6B
:1015D800049E2862022C04BFEE6205F12C06C5E9C0
:1015E8000968062004E72346D8F80060039C6EE7E4
:1015F8004046FFF77FFC08F104020446AA63284628
:1016080008F0CAFD00283FF4F2AE22460F215846E2
:10161800FFF776FE41E70C4658460D21FFF74AFED4
:1016280026462862DBE7581C08EB800081E700BFEC
:10163800D1A900080023B1E60123AFE60223ADE6F5
:101648002DE9F0430646C3B015461C46042900F2AE
:10165800D180DFE801F0AC51CF2A0300002C40F024
:10166800C980102A00F2C6800368DC0600F1E78012
:1016780020AF384600F0AAF9B46B394600234FF082
:10168800010C0CFA03F22A42204603F1010303D0AD
:1016980050F8042B0A600446042B01F10401F0D130
:1016A800B463384600F088F999E0032C40F0A28032
:1016B80094B204EB1243102B4FEA124500F29A80C1
:1016C80003681F0700F1C38020AF384600F052F9C5
:1016D800B26B07EBC50154B10B46D01A01EBC4013C
:1016E800E4001D5843F8045B8B42FAD12244B263EC
:1016F800384600F01DF972E0012C4FEA124895B205
:1017080071D0052C76D108EB0509B9F1200F71D8F5
:10171800B8F10F0F72D8B9F1100F036800F29F806B
:10172800D90708D523F00103304643F0020340F8F7
:10173800483B00F0F1F820AF384600F0EDF8B36B05
:10174800002D00F0B9806D006A1E07EBC801002566
:101758000132043903EB820253F8040B41F8040FF9
:101768009342F9D1002D00F0A1804146102938BFDD
:1017780010216B0010396F46013B07EBC1010133A3
:10178800043902EB830352F8040B41F8040F9A4220
:10179800F9D1012C00F08880B8F10F0FB26302D89C
:1017A80020A800F0B5F8384600F0BAF817E00CBBEE
:1017B800806B23461FFA82FC0124371D04FA03F1CB
:1017C80011EA0C0F024604D052F8041B47F8231004
:1017D80010460133102BF1D1AC0400D4B0630020C3
:1017E80043B0BDE8F08308EB0503102B02D8B8F12D
:1017F800100F14D1022043B0BDE8F083002DEED0C5
:1018080003685A075CD46F46384600F08DF8B26B0F
:101818006B00A8F11001013B07EBC101AFE70368BA
:10182800DA0759D420AF384600F06EF8B36B002DB4
:1018380089D10433B363384600F062F8CFE723F068
:101848001003036000F5E87000F0C0F810E723F01B
:101858000803036000F5A87000F08CF834E7D90796
:1018680008D523F0010343F0020340F8483B00F099
:1018780053F83368580706D5304623F0040340F878
:10188800D03B00F051F820AF384600F045F86846E4
:1018980000F04AF8C8F110025200B36BA9F1100524
:1018A800013A07EBC80153E720AFC2E7012CC0D0CB
:1018B800B8F10F0FB36392D8384600F029F88EE7D5
:1018C80023F0040340F8D03B6F4600F02DF838466B
:1018D80000F02AF8B26B9BE7304623F0030340F888
:1018E800483B00F011F89DE700F1340191E8380019
:1018F8009C46A6464CF8045D90E8FF0FE54600BDFF
:1019080090EC210B704700BF80EC210B704700BFA3
:1019180090EC200B704700BF80EC200B704700BF95
:10192800D0EC200B704700BFC0EC200B704700BF05
:10193800F0EC0201F0EC0211F0EC0221F0EC0231C3
:10194800F0EC0241F0EC0251F0EC0261F0EC0271B3
:10195800F0EC0281F0EC0291F0EC02A1F0EC02B1A3
:10196800F0EC02C1F0EC02D1F0EC02E1F0EC02F193
:10197800704700BFE0EC0201E0EC0211E0EC02214C
:10198800E0EC0231E0EC0241E0EC0251E0EC0261F3
:10199800E0EC0271E0EC0281E0EC0291E0EC02A1E3
:1019A800E0EC02B1E0EC02C1E0EC02D1E0EC02E1D3
:1019B800E0EC02F1704700BFB0FC0181B0FC01917E
:1019C800B0FC01A1B0FC01B1704700BFA0FC0181CF
:1019D800A0FC0191A0FC01A1A0FC01B1704700BFCF
:1019E800EC4600B52DE900502DE9FF1F4FF000032C
:1019F8002DE90C0001A9FFF7D7FBDDF840E012B094
:101A0800704700BFEC4600B52DE900502DE9FF1FD7
:101A18004FF000032DE90C0001A9FFF701FCDDF8E8
:101A280040E012B0704700BFEC4600B52DE9005009
:101A38002DE9FF1F4FF000032DE90C0001A9FFF766
:101A480011FCDDF840E012B0704700BFEC4600B56D
:101A58002DE900502DE9FF1F4FF000032DE90C0080
:101A680001ABFFF7D5FBDDF840E012B0704700BFCF
:101A7800EC4600B52DE900502DE9FF1F4FF000039B
:101A88002DE90C0001AAFFF747FCDDF840E012B091
:101A9800704700BF027A03467AB9427AA2B1416818
:101AA800013A10B44272086803220C1D1A7202022D
:101AB8005C60000E10BC1A6070470068013A1A7228
:101AC80002021A60000E7047B020704700B585B05A
:101AD800002303AA009219460C22FFF7D3FB0398B0
:101AE80005B05DF804FB00BFF0E700BF2DE9F04347
:101AF800064685B00D464FF000082846FFF7CAFF96
:101B0800B028044600F0DA80070646D500F0F00356
:101B1800802B5ED0B02B73D01BD8902B00F09B800D
:101B2800A02B12D1C34303F007034FF47F621A417D
:101B3800010702F47F6201D542F48042002319466E
:101B48003046FFF77DFD0028D7D0092005B0BDE855
:101B5800F083C02B6DD1C62800F09380C72800F011
:101B6800B28000F0F803C02B00F0D280C82800F043
:101B7800DD80C928E9D12846FFF78CFF020300F071
:101B88000F0002F470220130024301210523304680
:101B9800FFF756FD0028B0D0D7E78300DBB21F1D42
:101BA8000DF10C0900231946CDF800900D2230469E
:101BB800FFF768FB039BCDF8009060064CBFDF1B66
:101BC800FF1800230D22194630460397FFF780FBC4
:101BD80093E72846FFF75EFF24022043B0F5004F45
:101BE800B3D004010023A2B219463046FFF728FDFE
:101BF8000028AAD114F4004F18BF4FF001087CE761
:101C0800B12851D0B22800F0AD80B3286DD000F0D3
:101C1800FC03B42B99D000F007020132012342F4EF
:101C2800002219463046FFF70BFD00283FF465AF48
:101C38008BE700F0F803D02B87D100F007020132C0
:101C4800052342F4002201213046FFF7F9FC002861
:101C58003FF453AF79E700F00D030D2B3FF475AF58
:101C680003AF002300F00F02194600973046FFF734
:101C780009FB002300970D2219463046FFF728FB81
:101C88003BE72846FFF706FF020300F00F0001308C
:101C980002F470220323024319463046FFF7D0FCB2
:101CA80000283FF42AAF50E72846FFF7F3FE431E0B
:101CB800DBB20E2B02467FF641AF46E7B8F1000FC4
:101CC80040D0002042E72846FFF7E4FE431EDBB27F
:101CD8000E2B02463FF639AF002304213046FFF7AA
:101CE800AFFC00283FF409AF2FE72846FFF7D2FEE4
:101CF800020300F00F00013002F4702201230243B6
:101D080019463046FFF79CFC00283FF4F6AE1CE766
:101D180000F00F020132032342F420221946304614
:101D2800FFF78EFC00283FF4E8AE0EE72846FFF7E1
:101D3800B1FE00F0F00200F00F031032013343EA65
:101D4800023222E703AC434641460E220094304655
:101D5800FFF798FA009443460F2241463046FFF7B2
:101D6800B7FAAEE700230DF10C090D221946CDF89C
:101D780000903046FFF786FA2846FFF78BFE0206EA
:101D8800039C4FF002070BD500F07F00B8400444D5
:101D980028460394FFF77EFE030607F10707F3D4EE
:101DA80000FA07F204F50174224400230392CDF8E7
:101DB80000900D2219463046FFF78AFA9DE600BFCB
:101DC80010B5C26C536884B04FF0030C08321C0283
:101DD80008461B0E01A9019402928DF80CC08DF8DB
:101DE8000D30FFF783FE04B010BD00BF08B5FFF744
:101DF8007BFE806C08BD00BF08B5FFF775FEC06CA0
:101E0800C379023300EB830008BD00BF704700BFF1
:101E180010F8012B11F8013B012A28BF9A42F7D08C
:101E2800D01A704708B5034B834200D008BD04F0B0
:101E380031F8FBE7D401002072B6FEE700B595B093
:101E48003422002107A807F0ADFC00230293039376
:101E58000493059306930093214A116C41F0805135
:101E68001164126C02F080520092009A01931D4A8C
:101E7800116841F440411160126802F44042019235
:101E8800019A0222079201210A9110210B910D92C9
:101E98000E9308230F93B423109311921292139266
:101EA80007A801F099F9A0B901F016FF98B90F2316
:101EB800029302230393002304934FF4A053059342
:101EC8000693052102A801F01DF830B915B05DF898
:101ED80004FBFFF7B1FFFFF7AFFFFFF7ADFF00BF50
:101EE800003802400070004008B501F0D5FFFFF748
:101EF800A5FF00F025F802F021FC00F079F800F0C9
:101F08007DFA00F0D7FA00F029FB00F07BFB00F027
:101F180029F900F0B5FB02F0B9FC02F0D1FC02F09F
:101F2800E9FC02F07FFC02F097FC03F0FBFF03489A
:101F380002F08AF803F0FEFFFEE700BFD40100209C
:101F4800F0B58BB00024059406940794089409947E
:101F58000194244B1A6B42F004021A631A6B02F0C4
:101F680004020192019A02941A6B42F001021A6368
:101F78001A6B02F001020292029A03941A6B42F061
:101F880002021A631A6B02F002020392039A049483
:101F98001A6B42F008021A631B6B03F008030493E0
:101FA800049B114F22460321384601F027FC0F4DB0
:101FB80022462021284601F021FC0323059301260F
:101FC80006960794089405A9384601F027FB2023B4
:101FD800059306960794089405A9284601F01EFB68
:101FE8000BB0F0BD0038024000080240000002407B
:101FF80000B585B000230093019302930393214811
:10200800214A026043604FF08072826001220261BF
:10201800027680F82030C3621C498162C3600323C2
:10202800C36180F83020426100F0AEFCF0B90423AF
:1020380000930123019302936946124800F08CFE35
:10204800B8B90E2300930223019369460D4800F0A6
:1020580083FE88B90F230093032301936946094837
:1020680000F07AFE58B905B05DF804FBFFF7E4FE0E
:10207800DDE7FFF7E1FEE4E7FFF7DEFEEAE7FFF75B
:10208800DBFEF0E7FC000020002001400100000F0B
:1020980070B588B0002303930493059306930793C0
:1020A800026803F1804303F590339A4201D008B0E7
:1020B80070BD04460025009503F58C335A6C42F434
:1020C80080725A645A6C02F480720092009A0195E8
:1020D8001A6B42F001021A631A6B02F001020192B4
:1020E800019A02951A6B42F004021A631B6B03F003
:1020F80004030293029B102303930326049603A967
:10210800144801F08BFA302303930496059503A92C
:10211800114801F083FA1148114B0360456085604E
:10212800C5604FF4806303614FF4006343614FF46B
:10213800005383614FF48073C3610562456201F007
:10214800E3FB18B9054BA3639C63B0E7FFF774FE84
:10215800F8E700BF00000240000802409C00002091
:102168001064024008B50948094B036042F227335E
:102178004360002383600922C2600361836102F027
:10218800C7F800B908BDFFF757FEFBE7D4010020E8
:102198000044014084B00368B3F1804F15D01F4A52
:1021A800934220D01E4A93422AD01E4A934218D105
:1021B800002303931C4B1A6C42F040021A641B6CF8
:1021C80003F040030393039B0BE000230093164B9B
:1021D8001A6C42F001021A641B6C03F001030093AD
:1021E800009B04B07047002301930F4B1A6C42F018
:1021F80002021A641B6C03F002030193019BF0E7CF
:1022080000230293084B1A6C42F004021A641B6CF8
:1022180003F004030293029BE3E700BF00040040BD
:1022280000080040001800400038024000B583B0A4
:102238000368154A934205D0144A934216D003B056
:102248005DF804FB00210091114B5A6C42F40032F6
:102258005A645B6C03F400330093009B0A46192010
:1022680001F0CCFD192001F0D9FDE8E70023019326
:10227800074B1A6C42F080021A641B6C03F080034F
:102288000193019BDBE700BF00440140001C0040B4
:102298000038024030B58DB00023079308930993A6
:1022A8000A930B930368B3F1804F0DD04B4A9342C6
:1022B80022D04B4A93424AD04A4A93425ED04A4A75
:1022C800934273D00DB030BD00230193474B1A6B76
:1022D80042F002021A631B6B03F002030193019B95
:1022E80040F20C5307930223089301230B9307A989
:1022F8003F4801F093F9E5E7002502953B4B1A6B3F
:1023080042F004021A631A6B02F004020292029A63
:1023180003951A6B42F002021A631B6B03F0020367
:102328000393039B4FF4A0730793022408940B9420
:1023380007A9304801F072F92023079308940995FA
:102348000A950B9407A92A4801F068F9BAE700230F
:102358000493264B1A6B42F002021A631B6B03F0BC
:1023680002030493049B4FF43073079302230893EA
:102378000B9307A91E4801F051F9A3E70023059321
:102388001A4B1A6B42F002021A631B6B03F002032A
:102398000593059B4FF440430793022308930923B1
:1023A8000B9307A9124801F039F98BE7002306932C
:1023B8000E4B1A6B42F001021A631B6B03F0010308
:1023C8000693069B402307930223089309230B9344
:1023D80007A9094801F022F974E700BF000400408A
:1023E8000008004000180040001C0040003802406F
:1023F80000040240000802400000024000B58BB013
:10240800002308930993019302930393049305937C
:102418000693079326484FF08042026001224260EB
:10242800836040F28332C2600361836101F09CFFE4
:1024380058BB00230893099308A91D4802F0F8F82F
:1024480030BB60230193002202920392059201A9F6
:10245800174801F0EDFFF0B904220DEB0201144812
:1024680001F0E6FFD0B9082201A9114801F0E0FF08
:10247800B8B90C2201A90E4801F0DAFFA0B90C483E
:10248800FFF708FF0BB05DF804FBFFF7D5FCD0E7BA
:10249800FFF7D2FCD5E7FFF7CFFCDDE7FFF7CCFC71
:1024A800E1E7FFF7C9FCE4E7FFF7C6FCE7E700BF91
:1024B800AC02002000B58BB0002308930993019368
:1024C8000293039304930593069307932148224AA2
:1024D800026001224260836040F21F32C2600361E1
:1024E800836101F041FF28BB00230893099308A9E1
:1024F800184802F09DF800BB602301930022029265
:102508000392059201A9134801F092FFC0B9042271
:102518000DEB02010F4801F08BFFA0B9082201A9B9
:102528000C4801F085FF88B90A48FFF7B3FE0BB0E5
:102538005DF804FBFFF780FCD6E7FFF77DFCDBE7DF
:10254800FFF77AFCE3E7FFF777FCE7E7FFF774FCB0
:10255800EAE700BF640200200004004000B58BB029
:10256800002308930993019302930393049305931B
:10257800069307932148224A026001224260836041
:1025880040F21F32C2600361836101F0EDFE28BB97
:1025980000230893099308A9184802F049F800BBDA
:1025A80060230193002202920392059201A9134825
:1025B80001F03EFFC0B904220DEB02010F4801F003
:1025C80037FFA0B90C2201A90C4801F031FF88B9E6
:1025D8000A48FFF75FFE0BB05DF804FBFFF72CFC21
:1025E800D6E7FFF729FCDBE7FFF726FCE3E7FFF771
:1025F80023FCE7E7FFF720FCEAE700BF1C02002006
:102608000008004000B589B00023019302930393AA
:1026180004930593069307931748184A026001220A
:102628004260836040F28332C2600361836101F0DB
:102638009BFEB8B96023019300220292039205928F
:1026480001A90D4801F0F4FE78B904220DEB02014E
:10265800094801F0EDFE58B90748FFF71BFE09B01D
:102668005DF804FBFFF7E8FBE4E7FFF7E5FBECE7C1
:10267800FFF7E2FBF0E700BF8C01002000180040E4
:1026880000B589B000230193029303930493059343
:10269800069307931548164A0260436083604FF615
:1026A800FF72C2600361836101F032FEA0B90F4876
:1026B80001F05AFE98B96023019300220292039216
:1026C800059201A9094801F0B3FE58B90748FFF778
:1026D800E1FD09B05DF804FBFFF7AEFBE7E7FFF7A4
:1026E800ABFBE8E7FFF7A8FBF0E700BF44010020D9
:1026F800001C0040FEE7FEE7FEE7FEE7FEE7704746
:102708007047704708B501F0E1FB08BD08B50248FD
:1027180001F0F2F908BD00BF9C05002008B5024889
:1027280001F0EAF908BD00BF5C03002008B50248C3
:1027380001F0E2F908BD00BF5C06002008B50248B8
:1027480001F0DAF908BD00BFFC02002008B5024814
:1027580001F0D2F908BD00BFFC05002008B5024809
:1027680001F0CAF908BD00BF1C04002008B50248E2
:1027780001F0C2F908BD00BFBC03002008B502483B
:1027880001F0AAFC08BD00BFD401002008B502482A
:1027980002F036FE08BD00BF4C07002008B502480D
:1027A80002F02EFE08BD00BF0407002008B502484D
:1027B80002F026FE08BD00BFBC06002008B502488E
:1027C80001F09AF908BD00BF3C05002008B5024891
:1027D80002F016FE08BD00BFDC07002008B502485D
:1027E80002F00EFE08BD00BF9407002008B502489D
:1027F80001F082F908BD00BF9C00002008B502481E
:1028080001F07AF908BD00BFDC04002008B50248D1
:1028180001F072F908BD00BF7C04002082B00021DD
:1028280000910B4B5A6C42F480425A645A6C02F481
:1028380080420092009A01911A6C42F080521A6408
:102848001B6C03F080530193019B02B0704700BFDB
:10285800003802404A4B5A6822F440325A605A689B
:1028680041680A435A600268536823F480735360CE
:1028780002685368016943EA012353600268536898
:1028880023F0407353600268536881680B435360B8
:102898000268936823F40063936002689368C168D0
:1028A8000B439360826A374B9A4257D00268936809
:1028B80023F07063936002689368816A0B439360A6
:1028C8000268936823F04053936002689368C16A72
:1028D8000B4393600268936823F0020393600268D5
:1028E8009368017E43EA4103936090F82030002BFF
:1028F8003FD00268536843F400635360026853682A
:1029080023F46043536001684B68426A013A43EA22
:1029180042334B600268D36A23F47003D3620168C0
:10292800CB6AC269013A43EA0253CB6202689368F0
:1029380023F4007393600268936890F8301043EAB8
:10294800412393600268936823F48063936002686C
:102958009368416943EA81239360704702689368EA
:1029680023F0706393600268936823F04053936088
:10297800B0E70268536823F400635360CAE700BFF6
:10298800002301400100000F38B310B50446036C62
:1029980043B1236C13F0100F0BD00120002384F8EF
:1029A8003C3010BDFFF774FB0023636484F83C30AF
:1029B800EFE7236C23F4885323F0020343F0020368
:1029C80023642046FFF746FF00206064236C23F051
:1029D800030343F001032364E0E70120704700008C
:1029E80082B00023019390F83C30012B00F08980DD
:1029F800012380F83C3003689A6812F0010F13D164
:102A08009A6842F001029A60414B1B68414AA2FB56
:102A180003239B0C03EB4303019302E0019B013B5F
:102A28000193019B002BF9D10268936813F0010F01
:102A38005CD0036C23F4E06323F0010343F4807358
:102A48000364536813F4806F05D0036C23F4405378
:102A580043F480530364036C13F4805F1BD0436C0E
:102A680023F006034364002380F83C306FF0220310
:102A78001360294B5B6813F01F0F27D10368274A9F
:102A8800934211D002F58072934207D0244A9342B0
:102A980014D0002033E000234364E4E702F5007219
:102AA800526812F01F0FF1D19A6812F0405F2AD1D4
:102AB8009A6842F080429A60002020E002F5807215
:102AC800526812F0100FEFD0002018E00368134A84
:102AD800934201D0002012E09A6812F0405F14D1AE
:102AE8009A6842F080429A60002008E0036C43F044
:102AF80010030364436C43F001034364002002B0F5
:102B080070470220FBE70020F9E70020F7E700BF45
:102B18000C00002083DE1B430023014000200140FD
:102B28000022014010B582B013460022019290F8AD
:102B38003C20012A00F0AE800446012280F83C20A7
:102B48000268906810F0010F13D1906840F00100FE
:102B58009060534A1068534AA2FB0020800C00EB97
:102B68004000019002E00198013801900198002886
:102B7800F9D12268906810F4807F03D0906820F41F
:102B8800807090602268906810F0010F77D0206CF8
:102B980020F4E06020F0010040F480702064526866
:102BA80012F4806F05D0226C22F4405242F4805215
:102BB8002264226C12F4805F36D0626C22F0060226
:102BC8006264002284F83C20A26B3748D063A26B71
:102BD80036481064A26B3648D06422686FF0220031
:102BE80010602068426842F0806242602068826813
:102BF80042F48072826020680A4600F14C01A06BA2
:102C080000F0E8FE2B4B5B6813F01F0F27D12368F9
:102C1800294A934211D002F58072934207D0274A7D
:102C2800934214D0002033E000226264C9E702F521
:102C38000072526812F01F0FF1D19A6812F0405FCB
:102C48002AD19A6842F080429A60002020E002F57A
:102C58008072526812F0100FEFD0002018E023683D
:102C6800154A934201D0002012E09A6812F0405FA2
:102C780014D19A6842F080429A60002008E0236CE0
:102C880043F010032364636C43F001036364002082
:102C980002B010BD0220FBE70020F9E70020F7E7AB
:102CA8000C00002083DE1B43EF2C0008CD2C00080D
:102CB800D92C0008002301400020014000220140D7
:102CC8007047704708B5806BFFF7FBFF08BD70477A
:102CD80008B5806B40230364436C43F004034364EA
:102CE800FFF7F5FF08BD08B50346806B026C12F0CC
:102CF800500F25D1036C43F40073036403689A688A
:102D080012F0405F19D1027EBAB9DA6A12F4700F74
:102D180003D09A6812F4806F0FD15A6822F020020B
:102D28005A60036C23F480730364036C13F4805FAC
:102D380003D1036C43F001030364FFF7C1FF08BD2F
:102D4800026C12F0100F04D1826BD26C18469047B7
:102D5800F5E7FFF7BCFFF2E730B482B0002201923A
:102D680090F83C20012A00F0C0800346012280F838
:102D78003C200A68092A40D90468E06892B202EB4C
:102D880042021E3A4FF0070C0CFA02F220EA020245
:102D9800E2601C68E0680A8802EB42021E3A8D680D
:102DA80005FA02F20243E2604A68062A3CD81C6827
:102DB800606B02EB8202053A4FF01F0C0CFA02F22C
:102DC80020EA020262631C68606B4A6802EB8202B6
:102DD800053AB1F800C00CFA02F2024362631868BF
:102DE800434A904250D01868414A904259D0002036
:102DF80083F83C0002B030BC70470468206992B286
:102E080002EB42024FF0070C0CFA02F220EA02022F
:102E180022611C6820690A8802EB42028D6805FA63
:102E280002F202432261BFE70C2A16D81D68286BFC
:102E380002EB8202233A1F2404FA02F220EA020279
:102E48002A631D68286B4A6802EB8202233A0C88C1
:102E580004FA02F202432A63C1E71D68E86A02EB3A
:102E68008202413A1F2404FA02F220EA0202EA62CC
:102E78001D68E86A4A6802EB8202413A0C8804FA43
:102E880002F20243EA62AAE70A68122AABD1194A97
:102E9800506820F400005060506840F48000506092
:102EA800A1E70A681448824201D0112A9FD1114A29
:102EB800506820F480005060506840F40000506072
:102EC80009680D4A914292D10C4A12680C49A1FB3B
:102ED8000212920C02EB820252000192019A002A1D
:102EE80085D0019A013A0192F8E7022082E700BFF3
:102EF8000020014000230140120000100C000020B7
:102F080083DE1B43002800F09B8070B50D46044605
:102F18004F4B1B6803F00F038B4208D2CBB24C4ACD
:102F28001370136803F00F038B4240F08B80236803
:102F380013F0020F17D013F0040F04D0454A93681A
:102F480043F4E0539360236813F0080F04D0414A18
:102F5800936843F4604393603E4A936823F0F00318
:102F6800A1680B439360236813F0010F32D06368A4
:102F7800012B21D09A1E012A25D9364A126812F04F
:102F8800020F61D033498A6822F0030213438B6031
:102F980000F0A8FF06462F4B9B6803F00C036268FD
:102FA800B3EB820F16D000F09DFF801B41F28833EF
:102FB8009842F0D9032042E0264A126812F4003FF2
:102FC800E0D101203BE0234A126812F0007FD9D1FA
:102FD800012034E01E4B1B6803F00F03AB4207D9F6
:102FE800EAB21B4B1A701B6803F00F03AB422DD1DA
:102FF800236813F0040F06D0164A936823F4E053AD
:10300800E1680B439360236813F0080F07D0114A57
:10301800936823F46043216943EAC103936000F095
:1030280047F80C4B9B68C3F303130B4AD35CD84097
:103038000A4B18600A4B186800F008FF002070BDA2
:10304800012070470120FAE70120F8E70120F6E7A0
:10305800003C024000380240C0AB00080C000020D1
:1030680008000020014B1868704700BF0C000020C2
:1030780008B5FFF7F7FF044B9B68C3F38223034AA5
:10308800D35CD84008BD00BF00380240B8AB000888
:1030980008B5FFF7E7FF044B9B68C3F34233034AC5
:1030A800D35CD84008BD00BF00380240B8AB000868
:1030B80008B5464B9B6803F00C03082B07D00C2B74
:1030C80045D0042B01D0424808BD4248FCE73F4B9D
:1030D8005A6802F03F025B6813F4800F12D03B4B32
:1030E8005968C1F388113B480023A1FB0001FDF793
:1030F8008BFD364B5B68C3F3014301335B00B0FBC8
:10310800F3F0E1E7314B5868C0F388104FEA401CF0
:10311800BCEB000C6EEB0E0E4FEA8E1343EA9C6379
:103128004FEA8C11B1EB0C0163EB0E03DB0043EAB1
:103138005173C90011EB000C43F1000399020023FD
:103148004FEA8C2041EA9C51FDF75EFDD1E71F4B09
:103158005A6802F03F025B6813F4800F10D01B4BD3
:103168005968C1F388111B480023A1FB0001FDF732
:103178004BFD164B5B68C3F30273B0FBF3F0A3E798
:10318800124B5868C0F388104FEA401CBCEB000C87
:103198006EEB0E0E4FEA8E1343EA9C634FEA8C11D6
:1031A800B1EB0C0163EB0E03DB0043EA5173C9007A
:1031B80011EB000C43F10003990200234FEA8C2025
:1031C80041EA9C51FDF720FDD3E700BF00380240DB
:1031D8000024F40040787D01002800F0018270B5D9
:1031E80082B00446036813F0010F41D0994B9B68E5
:1031F80003F00C03042B32D0964B9B6803F00C03AE
:10320800082B27D0934B9B6803F00C030C2B59D049
:103218006368B3F5803F5BD0B3F5A02F5ED08D4BCC
:103228001A6822F480321A601A6822F480221A601E
:103238006368002B5CD000F055FE0546854B1B6883
:1032480013F4003F14D100F04DFE401B6428F5D95B
:103258000320CCE17F4B5B6813F4800FD2D07D4B09
:103268001B6813F4003F03D06368002B00F0BA8199
:10327800236813F0020F60D0764B9B6813F00C0F95
:103288004AD0744B9B6803F00C03082B3FD0714B5A
:103298009B6803F00C030C2B69D0E368002B75D0F6
:1032A8006D4B01221A6000F01DFE0546694B1B6834
:1032B80013F0020F61D100F015FE401B0228F5D96A
:1032C800032094E1634B5B6813F4800FA0D0C6E73A
:1032D800604A136843F480331360A9E75D4B1A68AA
:1032E80042F480221A601A6842F480321A609FE71A
:1032F80000F0F8FD0546574B1B6813F4003FB7D0A4
:1033080000F0F0FD401B6428F5D903206FE1514B14
:103318005B6813F4800FBAD14E4B1B6813F0020F91
:1033280003D0E368012B40F05F814A4A136823F019
:10333800F803216943EAC1031360236813F0080FF7
:1033480049D06369002B33D0434B0122C3F8802E48
:1033580000F0C8FD05463F4B5B6F13F0020F3AD1F2
:1033680000F0C0FD401B0228F5D903203FE1394B8E
:103378005B6813F4800F90D1CEE7364A136823F0C8
:10338800F803216943EAC1031360D6E7324B0022F0
:103398001A6000F0A7FD05462E4B1B6813F0020FBC
:1033A800CBD000F09FFD401B0228F5D903201EE179
:1033B800294B0022C3F8802E00F094FD0546254BCA
:1033C8005B6F13F0020F06D000F08CFD401B022843
:1033D800F5D903200BE1236813F0040F76D01D4BB9
:1033E8001B6C13F0805F33D100230193194B1A6CC7
:1033F80042F080521A641B6C03F080530193019BC6
:103408000125164B1B6813F4807F29D0A368012B74
:103418003AD0052B3ED00F4B1A6F22F001021A67E3
:103428001A6F22F004021A67A368002B3CD000F040
:1034380059FD0646074B1B6F13F0020F45D100F0EC
:1034480051FD801B41F288339842F3D90320CEE026
:103458000025D6E7003802400000474200700040CF
:103468006B4A136843F48073136000F03BFD064613
:10347800674B1B6813F4807FC8D100F033FD801BB5
:103488000228F5D90320B2E0624A136F43F0010322
:103498001367C9E75F4B1A6F42F004021A671A6F85
:1034A80042F001021A67BFE700F01CFD0646594BBF
:1034B8001B6F13F0020F08D000F014FD801B41F2BF
:1034C80088339842F3D9032091E0EDB9A369002B22
:1034D80000F08C804F4A926802F00C02082A54D0FF
:1034E800022B17D04C4B00221A6600F0FBFC044656
:1034F800484B1B6813F0007F45D000F0F3FC001B1D
:103508000228F5D9032072E0424A136C23F0805355
:103518001364DBE7404B00221A6600F0E3FC054623
:103528003C4B1B6813F0007F06D000F0DBFC401B0F
:103538000228F5D903205AE0E369226A1343626A34
:1035480043EA8213A26A5208013A43EA0243E26A52
:1035580043EA0263226B43EA02732E4A53602E4BFE
:1035680001221A6600F0BEFC04462A4B1B6813F0C1
:10357800007F06D100F0B6FC001B0228F5D9032015
:1035880035E0002033E0002031E0012B31D0214B21
:103598005B6803F48001E26991422CD103F03F0299
:1035A800216A8A4229D1616A47F6C0721A40B2EB91
:1035B800811F24D103F44031A26A5208013AB1EBC9
:1035C800024F1ED103F07062E16AB2EB016F1AD1AB
:1035D80003F0E043226BB3EB027F16D1002006E034
:1035E80001207047012002E0012000E0002002B025
:1035F80070BD0120FBE70120F9E70120F7E7012072
:10360800F5E70120F3E70120F1E70120EFE700BF2C
:1036180000700040003802400000474200230F2B92
:1036280000F2E38070B582B065E085684FEA430E2A
:10363800032404FA0EF425EA0405CC6804FA0EF40F
:103648002C438460446824EA02044A68C2F30012E6
:103658009A40224342605CE0DC08083450F8242099
:1036680003F00705AD004FF00F0E0EFA05FE22EA33
:103678000E0E0A69AA4042EA0E0240F824205CE0D5
:10368800062200E0002202FA0EF22A430234574DC5
:1036980045F82420564A94686FEA0C0224EA0C057F
:1036A8004E6816F4801F01D04CEA0405504CA56002
:1036B800E46802EA04054E6816F4001F01D04CEADB
:1036C80004054B4CE560646802EA04054E6816F48C
:1036D800003F01D04CEA0405454C6560246822404F
:1036E8004D6815F4803F01D04CEA0402404C22603A
:1036F80001330F2B77D801229A400C6804EA020C98
:1037080032EA0404F4D14C6804F00304013C012CAF
:103718008BD94A6802F00302032A09D0C4685D0005
:103728000322AA4024EA02048A68AA402243C2600B
:103738004A6802F00302022A8ED004684FEA430E58
:10374800032202FA0EF224EA02044A6802F0030293
:1037580002FA0EF2224302604A6812F4403FC7D0D0
:1037680000220192234A546C44F480445464526CFD
:1037780002F480420192019A9C08A51C1B4A52F847
:10378800255003F0030E4FEA8E0E0F2202FA0EF2B6
:1037980025EA0205184A90423FF474AF02F58062A8
:1037A800904216D002F58062904214D002F58062F1
:1037B800904212D002F58062904210D002F58062E9
:1037C80090420ED002F5806290423FF459AF072232
:1037D80059E7012257E7022255E7032253E704225B
:1037E80051E705224FE702B070BD7047003801402D
:1037F800003C014000380240000002400AB18161EB
:10380800704709048161704730B405682C6824F456
:1038180080242C60046863608368402B05D00368AB
:1038280099600368DA6030BC704703689A6003687F
:10383800D960F8E710B40368D9B210390C4AA2FB72
:10384800014212090B4CA25CC2655F2909D923F415
:103858007F7323F0030304338365806D5DF8044BA5
:10386800704723F47F7323F003038365F5E700BFF4
:10387800ABAAAAAAB0AB0008836A826992B9012BE5
:103888000AD0022B02D00BB100207047C36A13F094
:10389800807F28D100207047C36AB3F1C07F24D04D
:1038A80000207047B2F5005F09D0022B25D9032B01
:1038B80025D1C36A13F0807F23D100207047032BE2
:1038C80003D8DFE803F01404140A00207047C36A21
:1038D80013F0807F0DD100207047C36AB3F1C07F19
:1038E80009D000207047012070470120704701204F
:1038F8007047012070470120704701207047002061
:10390800704701207047000070B5044600F0EAFADD
:10391800002C5BD00546022384F83530002384F858
:1039280034302268136823F00103136023681A688F
:1039380012F0010F0AD000F0D5FA431B052BF5D978
:1039480020236365032084F8350070BD1A68204978
:1039580011406268A0680243E0680243206902439C
:1039680060690243A0690243E0690243206A024396
:103978000A43616A04291ED01A602668756925F011
:103988000705636A1D43042B07D1A36A1D43E36A35
:103998001BB12046FFF770FF90B975612046FFF70D
:1039A80049FFE26D3F239340836000206065012357
:1039B80084F83530C9E7E16A206B01430A43DBE745
:1039C80040236365012084F83500BEE70120BCE789
:1039D8003F8010F038B50446856D90F83400012812
:1039E8002BD0012084F8340094F83500C0B20128A7
:1039F80004D0002384F83430022038BD022084F833
:103A08003500002060652046FFF7FEFEE26D3F238B
:103A18009340AB602268136843F016031360236C6D
:103A280023B12268136843F00803136022681368FF
:103A380043F0010313600020DFE70220DDE770B5E3
:103A48000446866D00F04EFA94F83530DBB2022B4E
:103A580006D080236365002384F83430012070BDCC
:103A680005462268136823F0160313602268536919
:103A780023F080035361236CE3B12268136823F0B9
:103A8800080313602268136823F001031360236896
:103A98001B6813F0010F11D000F024FA431B052B0B
:103AA800F5D920236365032084F83500002384F8C2
:103AB8003430D4E7A36C002BDFD1E3E7E26D3F237A
:103AC8009340B360012384F83530002084F8340033
:103AD800C5E790F83530DBB2022B03D0802343656D
:103AE80001207047052380F835300268136823F0F9
:103AF8000103136000207047F0B583B0044600232B
:103B08000193724B1D68724BA3FB0535AD0A876D97
:103B18003E68C26D08239340334210D003681A6888
:103B280012F0040F0BD01A6822F004021A60C26D5A
:103B380008239340BB60436D43F001034365E26D86
:103B480001239340334209D02268526912F0800F52
:103B580004D0BB60636D43F002036365E26D042328
:103B68009340334209D02268126812F0020F04D041
:103B7800BB60636D43F004036365E26D10239340FB
:103B8800334224D02268126812F0080F1FD0BB609D
:103B980023681A6812F4802F0DD01B6813F4002FC5
:103BA80004D1236C9BB12046984710E0A36C73B1F5
:103BB800204698470BE01A6812F4807F03D11A68F0
:103BC80022F008021A60236C0BB120469847E26D78
:103BD80020239340334255D02268126812F0100F08
:103BE80050D0BB6094F83530DBB2052B0ED023687B
:103BF8001A6812F4802F33D01B6813F4002F2AD1CF
:103C0800636C002B3ED0204698473BE0226813683F
:103C180023F0160313602268536923F0800353616D
:103C2800236CA3B12268136823F008031360E26DC4
:103C38003F239340BB60012384F83530002384F888
:103C48003430236D002B3FD0204698473CE0A36CCE
:103C5800002BE7D1EBE7E36BA3B12046984711E0CF
:103C68001A6812F4807F09D11A6822F010021A60CB
:103C7800012384F83530002384F83430E36B0BB12A
:103C880020469847636DFBB1636D13F0010F17D0A1
:103C9800052384F835302268136823F00103136084
:103CA800019B01330193AB4204D823681B6813F0CE
:103CB800010FF5D1012384F83530002384F834301E
:103CC800E36C0BB12046984703B0F0BD0C00002010
:103CD800B5814E1B406D704710B582B0002301932B
:103CE800194B1A6C42F080521A641B6C03F0805313
:103CF8000193019B154B01221A6400F0F3F8044666
:103D0800134B5B6813F4803F08D100F0EBF8001BFD
:103D1800B0F57A7FF4D9032002B010BD0B4B012215
:103D28005A6400F0DFF80446094B5B6813F4003F5F
:103D380007D100F0D7F8001BB0F57A7FF4D903203B
:103D4800EAE70020E8E700BF0038024000000E4222
:103D580000700040002807DB00F01F024009012323
:103D68009340024A42F82030704700BF00E100E06B
:103D7800002808DB0901C9B200F1604000F5614084
:103D880080F80013704700F00F000901C9B2014B19
:103D98001954704714ED00E000B500F00700C0F1B9
:103DA800070CBCF1040F28BF4FF0040C031D062BB1
:103DB8000FD9C31E4FF0FF3E0EFA0CF021EA0001A6
:103DC80099400EFA03FE22EA0E0241EA02005DF86B
:103DD80004FB0023EEE70000074AD36823F4E063FE
:103DE8001B041B0C000200F4E060034343F0BF63B4
:103DF80043F40033D360704700ED00E010B504468B
:103E0800054BD868C0F30220FFF7C6FF01462046DD
:103E1800FFF7AEFF10BD00BF00ED00E008B5FFF7EB
:103E280099FF08BD0138B0F1807F0BD24FF0E02335
:103E38005861054AF02182F8231000209861072272
:103E48001A6170470120704700ED00E010B5044684
:103E58000E4B1A784FF47A73B3FBF2F30C4A1068DE
:103E6800B0FBF3F0FFF7DEFF68B90F2C01D9012092
:103E78000AE0002221464FF0FF30FFF7BFFF054B55
:103E88001C60002000E0012010BD00BF04000020DD
:103E98000C0000200800002008B50B4B1A6842F4FB
:103EA80000721A601A6842F480621A601A6842F452
:103EB80080721A600320FFF78FFF0F20FFF7C6FFFD
:103EC800FEF7ACFC002008BD003C0240034A116824
:103ED800034B1B780B441360704700BFF4020020AB
:103EE80004000020014B1868704700BFF40200204E
:103EF80038B50446FFF7F6FF0546B4F1FF3F02D098
:103F0800044B1B781C44FFF7EDFF401BA042FAD37B
:103F180038BD00BF0400002030B4036A026A22F0F2
:103F2800010202624268846924F0730C0C6844EA56
:103F38000C0423F0020C8B6843EA0C03114DA842D1
:103F480003D005F58065A84205D123F00803CD68A4
:103F58002B4323F004030B4DA84203D005F58065DD
:103F6800A84207D122F440724D6945EA020C8A69D9
:103F780042EA0C02426084614A684263036230BCD0
:103F8800704700BF0000014030B4036A026A22F49F
:103F9800807202624268C46924F0730C0C6844EAB7
:103FA8000C0523F400738C6843EA0423114CA042E7
:103FB80003D004F58064A04206D123F40063CC68E2
:103FC80043EA042323F480630A4CA04203D004F597
:103FD8008064A04207D122F440524C6942EA04129C
:103FE8008C6942EA04124260C5614A68C26303628E
:103FF80030BC70470000014030B4036A026A22F402
:10400800805202624468C26922F4E6420D6842EABC
:10401800052223F400538D6843EA0533094DA8426D
:1040280003D005F58065A84204D124F480444D6985
:1040380044EA85144460C2614A680264036230BC81
:10404800704700BF0000014090F83D30DBB2012B03
:1040580037D1022380F83D300268D36843F001036A
:10406800D3600368194A934220D0B3F1804F1DD022
:10407800A2F57C42934219D002F58062934215D092
:1040880002F58062934211D002F5784293420DD036
:1040980002F57052934209D0A2F59432934205D0AA
:1040A8001A6842F001021A60002070479A6802F00C
:1040B8000702062A07D01A6842F001021A60002097
:1040C8007047012070470020704700BF0000014082
:1040D800704770477047704770B504460368DE68DC
:1040E8001D6915F0020F10D016F0020F0DD06FF0F9
:1040F80002021A610123037703689B6913F0030F17
:104108005ED0FFF7E6FF0023237715F0040F12D0E7
:1041180016F0040F0FD023686FF004021A6102230F
:10412800237723689B6913F4407F4FD02046FFF71D
:10413800D0FF0023237715F0080F12D016F0080FD0
:104148000FD023686FF008021A61042323772368CD
:10415800DB6913F0030F40D02046FFF7BAFF0023B6
:10416800237715F0100F12D016F0100F0FD0236818
:104178006FF010021A61082323772368DB6913F4B0
:10418800407F31D02046FFF7A4FF0023237715F0A6
:10419800010F02D016F0010F2DD115F0800F02D0BB
:1041A80016F0800F2FD115F0400F02D016F0400FF7
:1041B80031D115F0200F02D016F0200F33D170BD89
:1041C800FFF786FF2046FFF785FF9CE72046FFF7AD
:1041D8007FFF2046FFF77EFFABE72046FFF778FF1B
:1041E8002046FFF777FFBAE72046FFF771FF204622
:1041F800FFF770FFC9E723686FF001021A612046D4
:10420800FDF710FEC9E723686FF080021A612046A7
:1042180000F055FAC7E723686FF040021A6120469C
:10422800FFF759FFC5E723686FF020021A6120469F
:1042380000F044FAC3E700000368344A904212D001
:10424800B0F1804F0FD0A2F57C4290420BD002F51E
:104258008062904207D002F58062904203D002F556
:104268007842904203D123F070034A681343274AE7
:1042780090422AD0B0F1804F27D0A2F57C429042DC
:1042880023D002F5806290421FD002F580629042EE
:104298001BD002F57842904217D002F57052904236
:1042A80013D002F5806290420FD002F580629042EE
:1042B8000BD0A2F59832904207D002F58062904266
:1042C80003D002F58062904203D123F44073CA6898
:1042D800134323F080034A69134303608B68C36266
:1042E8000B688362094B984203D003F580639842B8
:1042F80001D10B69036301234361036913F0010FC3
:1043080003D0036923F001030361704700000140F3
:1043180040B310B5044690F83D30F3B1022384F859
:104328003D30214651F8040BFFF786FF012384F83E
:10433800463084F83E3084F83F3084F8403084F8C2
:10434800413084F8423084F8433084F8443084F8AB
:10435800453084F83D30002010BD80F83C30FDF732
:1043680065FFDBE70120704740B310B5044690F8BD
:104378003D30F3B1022384F83D30214651F8040B57
:10438800FFF75AFF012384F8463084F83E3084F85A
:104398003F3084F8403084F8413084F8423084F863
:1043A800433084F8443084F8453084F83D300020A8
:1043B80010BD80F83C30FDF7EDFEDBE701207047CB
:1043C80030B4036A026A22F0100202624468826909
:1043D80022F4E6420D6842EA052223F020038D68A4
:1043E80043EA0513114DA84203D005F58065A8429C
:1043F80006D123F08003CD6843EA051323F0400378
:104408000A4DA84203D005F58065A84207D124F4D7
:1044180040644D6944EA85048D6944EA8504446032
:1044280082614A688263036230BC704700000140C1
:1044380038B590F83C30012B66D004460D46012370
:1044480080F83C300C2A5AD8DFE802F0075959594D
:104458001B5959593059595944000068FFF75CFDF8
:104468002268936943F0080393612268936923F0F3
:10447800040393612268936929690B4393610020BF
:104488003EE00068FFF79CFF2268936943F40063ED
:1044980093612268936923F4806393612268936926
:1044A800296943EA01239361002029E00068FFF7A6
:1044B8006BFD2268D36943F00803D3612268D3698E
:1044C80023F00403D3612268D36929690B43D361BC
:1044D800002015E00068FFF78FFD2268D36943F4D8
:1044E8000063D3612268D36923F48063D3612268AF
:1044F800D369296943EA0123D361002000E0012040
:10450800002384F83C3038BD0220FCE701F01F018D
:104518004FF0010C0CFA01FC036A23EA0C03036256
:10452800036A8A40134303627047000010B50446CB
:104538000846002942D194F83E30DBB2013B18BF4F
:104548000123002B6ED1002851D1022384F83E307C
:10455800012201462068FFF7D9FF2368334A9342B6
:1045680003D002F58062934203D15A6C42F40042B0
:104578005A6423682D4A934249D0B3F1804F46D0FC
:10458800A2F57C42934242D002F5806293423ED02B
:1045980002F5806293423AD002F57842934236D0CF
:1045A80002F57052934232D0A2F5943293422ED043
:1045B8001A6842F001021A60002032E0042908D08B
:1045C80008290DD094F84130DBB2013B18BF012314
:1045D800B7E794F83F30DBB2013B18BF0123B0E7DF
:1045E80094F84030DBB2013B18BF0123A9E7042847
:1045F80005D0082807D0022384F84130A8E7022311
:1046080084F83F30A4E7022384F84030A0E79A6892
:1046180002F00702062A07D01A6842F001021A605F
:10462800002010BD0120FCE70020FAE7000001404F
:1046380090F83C20012A3DD010B40346012280F8AE
:104648003C20022280F83D2002685068946820F0DF
:10465800700C086840EA0C0050601A6816488242DC
:104668001AD0B2F1804F17D0A0F57C40824213D007
:1046780000F5806082420FD000F5806082420BD046
:1046880000F57840824207D000F57050824203D08E
:10469800A0F59430824204D124F080044968214373
:1046A8009160012283F83D20002083F83C005DF8EA
:1046B800044B704702207047000001407047704764
:1046C800034AD2F8883043F47003C2F88830704740
:1046D80000ED00E010B503460C4A0D490D4800688E
:1046E80040B10C4800680344521A934206D8094A5C
:1046F800136010BD0748084C0460F2E705F05AF84B
:104708000C2303604FF0FF30F3E700BF00000220E6
:1047180000040000F8020020C02900200120704792
:1047280008B505F047F8162303604FF0FF3008BDC1
:1047380008B54FF0FF31FFF7F3FFFEE710B582B081
:1047480000240094364B1A6B42F480021A631A6BE9
:1047580002F480020092009A01941A6B42F400124B
:104768001A631B6B03F400130193019B2246214635
:104778000B20FFF743FB0B20FFF750FB2246214697
:104788000C20FFF73BFB0C20FFF748FB2246214695
:104798000D20FFF733FB0D20FFF740FB2246214693
:1047A8000E20FFF72BFB0E20FFF738FB2246214691
:1047B8000F20FFF723FB0F20FFF730FB224621468F
:1047C8001020FFF71BFB1020FFF728FB224621468D
:1047D8001120FFF713FB1120FFF720FB224621468B
:1047E8002F20FFF70BFB2F20FFF718FB224621464F
:1047F8003820FFF703FB3820FFF710FB224621463D
:104808003A20FFF7FBFA3A20FFF708FB2246214639
:104818004620FFF7F3FA4620FFF700FB02B010BD71
:104828000038024008B50A480A4B03604FF4613368
:10483800436000238360C36003610C22426183618B
:10484800C36100F014FC00B908BDFDF7F5FAFBE7F9
:10485800DC070020004C004008B50A480A4B0360FA
:104868004FF4E133436000238360C36003610C228B
:1048780042618361C36100F0FAFB00B908BDFDF72E
:10488800DBFAFBE7940700200050004008B50A480F
:104898000A4B03604FF4E133436000238360C36035
:1048A80003610C2242618361C36100F0E0FB00B93F
:1048B80008BDFDF7C1FAFBE74C07002000100140D6
:1048C80008B50A480A4B03604FF46133436000237C
:1048D8008360C36003610C2242618361C36100F09D
:1048E800C6FB00B908BDFDF7A7FAFBE704070020DF
:1048F8000044004008B50A480A4B03604FF41643C9
:10490800436000238360C36003610C2242618361BA
:10491800C36100F0ACFB00B908BDFDF78DFAFBE7F9
:10492800BC060020004800402DE9F04190B0044644
:1049380000230B930C930D930E930F930368794AFE
:10494800934211D0784A934270D0784A934200F04B
:104958000B81774A934200F06B81764A934200F0CC
:10496800CA8110B0BDE8F08100250095724B1A6C21
:1049780042F400221A641A6C02F400220092009A8F
:1049880001951A6B42F001021A631B6B03F00103D5
:104998000193019B03230B9302220C920E9308238D
:1049A8000F930BA96548FEF739FE6548654B036010
:1049B8004FF0006343608560C5604FF48063036116
:1049C800456185614FF48073C36105624562FEF7F6
:1049D8009BFF28BB5A4BE3639C635B485B4B0360BC
:1049E8004FF000634360402383600023C3604FF4AB
:1049F80080620261436183614FF48072C261036225
:104A08004362FEF781FF70B94F4BA3639C6300229A
:104A180011463420FFF7F2F93420FFF7FFF9A0E739
:104A2800FDF70AFAD6E7FDF707FAEDE70025029544
:104A3800414B1A6C42F480121A641A6C02F4801208
:104A48000292029A03951A6B42F004021A631A6BD7
:104A580002F004020392039A04951A6B42F00802CA
:104A68001A631B6B03F008030493049B4FF48053F1
:104A78000B934FF00208CDF8308003270E970826D5
:104A88000F960BA93248FEF7C9FD04230B93CDF806
:104A980030800D950E970F960BA92E48FEF7BEFD98
:104AA8002D482E4B03604FF0006343608560C5605E
:104AB8004FF480630361456185614FF48073C3617E
:104AC80005624562FEF720FF28BB234BE3639C6326
:104AD8002348244B03604FF0006343604023836006
:104AE8000023C3604FF480620261436183614FF425
:104AF8008072C26103624362FEF706FF70B9184B09
:104B0800A3639C63002211463520FFF777F935200F
:104B1800FFF784F925E7FDF78FF9D6E7FDF78CF95C
:104B2800EDE700BF004C004000500040001001407D
:104B380000440040004800400038024000000240A5
:104B48005C06002040600240FC05002070600240C6
:104B580000080240000C02409C0500201060024042
:104B68003C050020B860024000250595944B5A6C1E
:104B780042F010025A645A6C02F010020592059A2B
:104B880006951A6B42F001021A631B6B03F00103CE
:104B98000693069B4FF4C0630B9302230C930323E5
:104BA8000E9307230F930BA98648FEF737FD864817
:104BB800864B03604FF0006343608560C5604FF427
:104BC80080630361456185614FF48073C361056249
:104BD8004562FEF799FE28BB7B4BE3639C637C48E8
:104BE8007C4B03604FF000634360402383600023E5
:104BF800C3604FF480620261436183614FF4807245
:104C0800C26103624362FEF77FFE70B9704BA36313
:104C18009C63002211462520FFF7F0F82520FFF7B6
:104C2800FDF89EE6FDF708F9D6E7FDF705F9EDE78B
:104C380000250795624B1A6C42F400321A641A6C0C
:104C480002F400320792079A08951A6B42F00102A3
:104C58001A631B6B03F001030893089B0C230B9347
:104C680002230C9303230E9307230F930BA9554894
:104C7800FEF7D4FC5848594B03604FF0006343607B
:104C88008560C5604FF480630361456185614FF4B9
:104C98008073C36105624562FEF736FE28BB4E4B42
:104CA800E3639C634E484F4B03604FF000634360DF
:104CB800402383600023C3604FF480620261436134
:104CC80083614FF48072C26103624362FEF71CFE87
:104CD80070B9434BA3639C63002211462620FFF75B
:104CE8008DF82620FFF79AF83BE6FDF7A5F8D6E7FA
:104CF800FDF7A2F8EDE700250995314B1A6C42F44F
:104D080080221A641A6C02F480220992099A0A9580
:104D18001A6B42F004021A631B6B03F004030A9334
:104D28000A9B4FF440630B9302230C9303230E93C7
:104D380007230F930BA92C48FEF770FC2B482C4B2C
:104D480003604FF0006343608560C5604FF4806383
:104D58000361456185614FF48073C36105624562F3
:104D6800FEF7D2FD28BB214BE3639C632148224B0D
:104D780003604FF000634360402383600023C360F7
:104D88004FF480620261436183614FF48072C261B3
:104D980003624362FEF7B8FD70B9164BA3639C63C8
:104DA800002211462720FFF729F82720FFF736F8B9
:104DB800D7E5FDF741F8D6E7FDF73EF8EDE700BF88
:104DC8000038024000000240DC0400204064024039
:104DD8007C040020B86402401C0400208860024063
:104DE800BC030020A0600240000802405C030020D1
:104DF80028600240FC02002058600240026802F16C
:104E08000C0353E8003F23F0C0030C3242E80031A2
:104E18000029F3D1202380F841307047026802F15D
:104E28000C0353E8003F23F490730C3242E800313E
:104E38000029F3D1026802F1140353E8003F23F07C
:104E48000103143242E800310029F3D1036B012B2E
:104E580005D0202380F8423000230363704702689E
:104E680002F10C0353E8003F23F010030C3242E830
:104E780000310029F3D1ECE790F84130DBB2212B67
:104E880001D0022070478368B3F5805F17D0036AAA
:104E98005A1C02621A7803685A60C38C9BB2013BA1
:104EA8009BB2C3844BB90268D36823F08003D360F4
:104EB8000268D36843F04003D36000207047036959
:104EC800002BE4D1036A1B880268C3F3080353600C
:104ED800036A02330362E0E710B504460268136907
:104EE80023F44053C1680B431361836802691A4372
:104EF80043691A43C3691A430168CB6823F416430C
:104F080023F00C031343CB600268536923F4407306
:104F180081690B4353610368314A934206D002F515
:104F28008062934202D0FEF7A3F801E0FEF7B0F8E2
:104F3800E369B3F5004F29D00021031849411B1834
:104F480041F10001C90041EA5371DB001818636898
:104F58004FEA83024FEA937341F10001FBF754FED5
:104F6800204AA2FB00314909642303FB11031B01FA
:104F78003233A2FB03235B0903F0F00202EB0112B8
:104F880003F00F03216813448B6010BD002302183F
:104F980043EB0301121841F10001C90041EA5271C3
:104FA800D200101841F10001626892185B41FBF7CA
:104FB8002BFE0C4AA2FB00314909642303FB1103B1
:104FC800DB003233A2FB03235B095A0002F4F872B8
:104FD80002EB011203F00703216813448B60D4E746
:104FE800001001401F85EB512DE9F04383B00546C1
:104FF8000E4617469946DDF828802B681C6836EA65
:1050080004040CBF01240024BC4228D1B8F1FF3F9E
:10501800F3D0FEF767FFA0EB0900404523D8B8F1AD
:10502800000F22D02B68DA6812F0040FE5D0802E2A
:10503800E3D0402EE1D01A6812F0080FDDD000242A
:1050480001941A6801925B680193019B2846FFF757
:10505800E5FE08236B6485F84040012000E000204D
:1050680003B0BDE8F0830320FAE70320F8E760B354
:1050780010B5044690F8413013B3242384F8413026
:105088002268D36823F40053D3602046FFF724FF37
:105098002268136923F4904313612268536923F04B
:1050A8002A0353612268D36843F40053D360002075
:1050B8006064202384F8413084F84230606310BD76
:1050C80080F84030FFF730FCD7E7012070472DE922
:1050D800F04182B01E4690F84130DBB2202B56D109
:1050E80004460D469046002955D00AB901204FE0E4
:1050F80000234364212380F84130FEF7F3FE07467E
:10510800A4F82480A4F82680A368B3F5805F02D0B1
:105118004FF0000814E023692BB34FF000080FE0AC
:10512800202384F84130032032E038F8023B22681B
:10513800C3F308035360E28C92B2013A92B2E2845C
:10514800E38C9BB293B100963B4600228021204617
:10515800FFF74AFF0028E3D1002DE6D015F8012B10
:1051680023685A60E7E7A8460025E9E700963B462A
:10517800002240212046FFF737FF18B9202384F882
:10518800413005E0202384F84130032000E002206C
:1051980002B0BDE8F0810120FAE710B504462268A4
:1051A80002F10C0353E8003F23F4F0730C3242E899
:1051B80000310029F3D1226802F1140353E8003FBB
:1051C80023F00103143242E800310029F3D1236BA4
:1051D800012B3CD023685B6913F0800F13D0226841
:1051E80002F1140353E8003F23F08003143242E82D
:1051F80000310029F3D1A36B2BB100221A65A06BF3
:10520800FEF71DFC80BB23685B6913F0400F13D0C9
:10521800226802F1140353E8003F23F040031432DC
:1052280042E800310029F3D1E36B2BB100221A6563
:10523800E06BFEF704FC00BB0020E084E0856064BE
:10524800202384F8423084F84130206310BD22685E
:1052580002F10C0353E8003F23F010030C3242E83C
:1052680000310029F3D1B5E7A06BFEF733FD202804
:10527800C9D1102363640320E8E7E06BFEF72AFD39
:105288002028D9D1102363640320DFE7704708B5CD
:105298000168CA6822F04002CA60202280F84120D2
:1052A800FFF7F4FF002008BD70477047704710B53E
:1052B800846B23685A6994F84130DBB2212B10D0F3
:1052C80023685A6902F0400294F84230DBB2222B7C
:1052D80011D0636C43F0100363642046FFF7E6FFC8
:1052E80010BD02F08002002AEAD00023E3842046A1
:1052F800FFF784FDE4E7002AEBD00023E38520468E
:10530800FFF78CFDE5E708B5806B0023C385C384F0
:10531800FFF7CCFF08BD704790F84230DBB2222B74
:1053280069D18368B3F5805F4FD0826AB3F5805F37
:1053380004D0002B56D10369002B53D103685B6856
:105348001370836A01338362C38D9BB2013B9BB2A6
:10535800C385002B51D100B583B00268D36823F010
:105368002003D3600268D36823F48073D360026893
:10537800536923F001035361202380F8423000234E
:105388004363036B012B33D100230363026802F1EB
:105398000C0353E8003F23F010030C3242E80031BD
:1053A8000029F3D103681A6812F0100F06D0002202
:1053B80001921A6801925B680193019B818DFFF746
:1053C800AAFF002003B05DF804FB0269002AACD1F3
:1053D800826A03685B68C3F308031380836A023335
:1053E8008362B1E703685B6803F07F031370A8E783
:1053F800FFF75AFFE5E702207047002070470000DA
:1054080010B582B0044602681368D068516913F079
:105418000F0F09D113F0200F0CD010F0200F09D076
:105428002046FFF779FF16E011F0010115D110F4BD
:10543800907F12D1216B012979D013F0800F03D00E
:1054480010F0800F40F0148113F0400F03D010F0DB
:10545800400F40F0118102B010BD13F0010F06D0CB
:1054680010F4807F03D0626C42F00102626413F092
:10547800040F04D019B1626C42F00202626413F0A6
:10548800020F04D019B1626C42F00402626413F096
:10549800080F07D010F0200F00D119B1626C42F04C
:1054A80008026264626C002AD5D013F0200F02D083
:1054B80010F0200F29D123685B6903F04003626C68
:1054C80012F0080F00D163B32046FFF7A7FC23684A
:1054D8005B6913F0400F20D0226802F1140353E8EF
:1054E800003F23F04003143242E800310029F3D191
:1054F800E36B73B1624A1A65E06BFEF7EAFA0028BB
:10550800A9D0E06B036D9847A5E72046FFF704FF95
:10551800D1E72046FFF7CAFE9DE72046FFF7C6FE03
:1055280099E72046FFF7C2FE0023636493E713F070
:10553800100F82D010F0100F3FF47FAF00230193BB
:105548001368019353680193019B536913F0400F4B
:1055580052D0E26B13685B689BB2002B3FF47BAFC1
:10556800A18D99427FF677AFE385D369B3F5807F44
:1055780037D0226802F10C0353E8003F23F480730C
:105588000C3242E800310029F3D1226802F11403F9
:1055980053E8003F23F00103143242E800310029A8
:1055A800F3D1226802F1140353E8003F23F04003CB
:1055B800143242E800310029F3D1202384F8423024
:1055C80000232363226802F10C0353E8003F23F011
:1055D80010030C3242E800310029F3D1E06BFEF7EA
:1055E8002EFA02236363A18DE38D9BB2C91A89B297
:1055F8002046FFF790FE2EE7A18DE38D9BB2C91AD6
:1056080089B2E38D9BB2002B3FF425AF00293FF40C
:1056180022AF226802F10C0353E8003F23F4907391
:105628000C3242E800300028F3D1226802F114035A
:1056380053E8003F23F00103143242E80030002809
:10564800F3D1202384F8423000232363226802F137
:105658000C0353E8003F23F010030C3242E80030FB
:105668000028F3D1022363632046FFF754FEF2E6D5
:105678002046FFF701FCEEE62046FFF708FEEAE6C3
:105688000F53000808B5806B01234363036B012B9C
:1056980002D0FFF70AFE08BD818D4908FFF73BFEDF
:1056A800F9E708B50346806B1B681B6813F4807F15
:1056B8002BD10023C385026802F10C0353E8003F95
:1056C80023F480730C3242E800310029F3D10268D8
:1056D80002F1140353E8003F23F00103143242E8B7
:1056E80000310029F3D1026802F1140353E8003FA6
:1056F80023F04003143242E800310029F3D120237B
:1057080080F84230036B012B07D000234363036BFF
:10571800012B0FD0FFF7C8FD08BD026802F10C038A
:1057280053E8003F23F010030C3242E8003100290F
:10573800F3D1EAE7818DFFF7EEFDEDE730B583B0F1
:10574800044613468162828500254564222280F83A
:105758004220C26B1F48D063E26B1F481064E26BA3
:105768001E48D064E26B156520680A46011DE06B8F
:10577800FEF730F9019523681A6801925B68019376
:10578800019B23695BB1226802F10C0353E8003FD7
:1057980043F480730C3242E800310029F3D12268C7
:1057A80002F1140353E8003F43F00103143242E8C6
:1057B80000310029F3D1226802F1140353E8003FB5
:1057C80043F04003143242E800310029F3D10020AD
:1057D80003B030BDAB5600088D560008B75200081C
:1057E80008B590F84230DBB2202B08D149B10AB98C
:1057F800012008BD00230363FFF7A0FFF9E702209B
:10580800F7E70120F5E70000DFF834D0FEF758FF8E
:105818000C480D490D4A002302E0D458C450043303
:10582800C4188C42F9D30A4A0A4C002301E01360D9
:105838000432A242FBD303F0C3FFFCF755FB7047C9
:1058480000000220000000208000002028B200088C
:1058580080000020C0290020FEE7000000000000B2
:1058680038B52DED028B05469FED258A254C9FED19
:10587800261AF0EE480A9FED250A204600F0A2FEFF
:105888009FED1B1B9FED1C0B204600F0C3FE6421FF
:10589800204600F0AEFE0021204600F0C0FE1C4C61
:1058A8009FED1C1AF0EE480A9FED1B0A204600F0F7
:1058B80089FEA86980F00045FAF706FE41EC180B4E
:1058C8002846FAF701FEB0EE481AF0EE681A41ECE5
:1058D800100B204600F09EFE6421204600F089FE51
:1058E8000021204600F09BFEBDEC028B38BD00BFB6
:1058F800000000000000004000000000000000C0A0
:1059080000000000900800200AD7A33CCDCC4C3EF4
:10591800280800200AD7233CCDCC4C3D012800D0D4
:10592800704708B54FF6FF73994200D008BD034889
:1059380000F03EFE024800F03BFEF7E7900800202A
:10594800280800200000000070B52DED048B0446E7
:105958000E46C74B1B78002B00F0DC80D4ED150AEF
:105968009FEDC40AC44800F05DFE94F8503000EE84
:10597800903AF8EE600AB3EE040AC04800F052FE0E
:10598800B4F94E00304400F0F9FC05B2D4ED157AB4
:10599800F5EEC07AF1EE10FA40F3C280B3EE007A69
:1059A800F4EEC77AF1EE10FA00F2ED8085EAE573BD
:1059B800A3EBE5739BB21D2B00F2E58086EAE67344
:1059C800A3EBE6739BB2592B00F2B080AA4801F012
:1059D80003F8F0EE408AB3EE000A00F04FFDB0EE97
:1059E800408A94ED150AB5EEC00AF1EE10FA40F3BC
:1059F8009A8000F043FD78EE407A17EE900AFAF7A5
:105A080063FD97A3D3E90023FAF7B6FDFBF7ACF8DB
:105A180009EE100A94F85030142B00F2AE80F0EE24
:105A2800490AB0EE680A00F0BBFB05B294ED187A9B
:105A3800D4ED647A37EE277AD4ED197AD4ED656A15
:105A480077EEA67AB5EEC07AF1EE10FA40F37581DA
:105A5800F0EE476AB6EE006AF4EEC66AF1EE10FAA6
:105A680005DD87EE266AB6EE007A26EE077AF5EEB1
:105A7800C07AF1EE10FA40F36381F0EE676AB6EE91
:105A8800006AF4EEC66AF1EE10FA05DD87EEA66A42
:105A9800F6EE007A66EE277A38EE870A79EE270A5C
:105AA80020EE000A60EEA00A30EE200A00F0E6FCC4
:105AB80086EAE673A3EBE6739BB25A2B08D9F6EE97
:105AC800087AB4EEE70AF1EE10FA01DDB0EE670AE3
:105AD80094ED068AB4EEC08AF1EE10FA01D4B0EE65
:105AE800408AB5EEC08AF1EE10FA00F12C817019E7
:105AF80000F044FCDFED5F0A0023B0EE601A1A469E
:105B0800B0EE480A01B204F5C87002F065FABDECBF
:105B1800048B70BDFFF7A4FE554B01221A701DE7D8
:105B2800F1EE677A3AE7B1EE400A62E7524800F0D0
:105B380053FFF1EE408AB3EE000A00F09FFCB0EE8E
:105B4800408A94ED150AB5EEC00AF1EE10FA11DD9F
:105B580000F094FC78EE407A17EE900AFAF7B4FC5D
:105B68003FA3D3E90023FAF707FDFAF7FDFF09EE93
:105B7800100A4FE7B1EE400AEAE7404800F02CFF70
:105B880039EE009A4BE794F85030132B7CD83C4AF6
:105B9800A2FB03231B0907EE903AF8EEE77AB3EE6F
:105BA8000E7A67EE877A9FED377A77EE877A07EE77
:105BB800105AB8EEC77A002D2EDD77EE277AFDEE63
:105BC800E77A17EE903A1DB286EAE673A3EBE6731E
:105BD8009BB2592B23D8284600F0E8FB10EE100A98
:105BE800FAF772FC20A3D3E90023FAF7C5FCFAF709
:105BF800BBFF08EE900A284600F024FC10EE100ABD
:105C0800FAF762FC18A3D3E90023FAF7B5FCFAF710
:105C1800ABFF09EE100A09E7F1EE677ACDE72846EF
:105C280000F0C4FB10EE100AFAF74EFC0EA3D3E9FD
:105C38000023FAF7A1FCFAF797FF08EE900A284626
:105C480000F000FC10EE100AFAF73EFC06A3D3E9B8
:105C58000023FAF791FCFAF787FF09EE100AE5E648
:105C68009A9999999999B93F9A9999999999D93FEE
:105C780024080020000000009008002028080020C8
:105C8800CDCCCCCC0000B44207EE903AF8EEE77ADF
:105C9800F3EE046A86EEA77AF7EE007AB4EEE77AB6
:105CA800F1EE10FA01DDB0EE677A17EE100AFAF796
:105CB8000BFC41EC100B03F0C5FE51EC100B00225D
:105CC800254BFAF759FC22A3D3E90023FAF77EFD06
:105CD800FAF74AFF07EE100A07EE905AF8EEE77A4D
:105CE800002D1ADD77EE877AFDEEE77A17EE903A07
:105CF8001DB286EAE673A3EBE6739BB2592B0FD865
:105D0800284600F053FBB6EE009A60EE098A284652
:105D180000F098FB20EE099A88E6B1EE477AE1E7B1
:105D2800284600F043FBB6EE009A60EE098A284642
:105D380000F088FB20EE099A78E6F1EE476A89E6DA
:105D4800F1EE676A9BE69FED058AD0E6AFF3008027
:105D5800182D4454FB2109400080664000000000D3
:105D680008B54FF6FF710120FFF7D8FD08BD10B543
:105D7800044600F58053D3F8500108B104F088F9BF
:105D880004F58053D3F8400108B104F081F904F513
:105D98008053D3F8300108B104F07AF904F5805340
:105DA800D3F8200108B104F073F904F58053D3F84F
:105DB800100108B104F06CF9204610BD012800D08C
:105DC800704738B54FF6FF73994200D038BD074C7D
:105DD800204602F035FC064A0649204603F016FD27
:105DE800054D284600F072FB6C60EFE708090020BB
:105DF80000000020775D0008F8080020D0B50446B0
:105E0800B5EEC00AF1EE10FA10D4F7EE007AB4EE4F
:105E1800E70AF1EE10FA02DD00261D4F08E010EE49
:105E2800100AFAF751FB06460F4601E00026002744
:105E3800A068FAF727FB32463B46FAF79DFBFAF7CC
:105E48004BFE07EE900AF8EEE77A636833B92368E9
:105E58001B68FCEEE77AC3ED0D7AD0BD042B08D0A1
:105E6800082B0DD023681B68FCEEE77AC3ED107A87
:105E7800F3E723681B68FCEEE77AC3ED0E7AECE7DC
:105E880023681B68FCEEE77AC3ED0F7AE5E700BFED
:105E98000000F03F08B51F4A13680133136007EE8E
:105EA800903AF8EEE77A9FED1C7A67EE877AFDEE76
:105EB800E77A17EE900A00F079FAB5EEC00AF1EE2B
:105EC80010FA15DD134BD3ED007AF8EEE77A9FED63
:105ED800127A67EE877AFDEEE77A17EE900A00F0FD
:105EE80065FA0E48FFF78AFF0D4801F08FFE08BDDE
:105EF800084BD3ED007AF8EEE77A9FED077A67EE64
:105F0800877AFDEEE77A17EE900A00F04FFAB1EEC5
:105F1800400AE6E758270020EC51383EB80900202F
:105F2800001A002008B5024802F00EFD08BD00BFA7
:105F38000809002008B5024800F00CF8FBE700BF8C
:105F4800F808002008B54FF6FF710120FFF736FF6B
:105F580008BD000010B5044600F0C8FA606802F0F9
:105F680007FE606802F08CFE606802F049FF606816
:105F780003F02EF9606803F079FB606802F078FDA1
:105F88006368002283F82A2063681A7D1AB993F996
:105F98004320012A02D1012283F82A20636893F85A
:105FA8003E200AB983F83F20636893F83E2052B137
:105FB80093F83F203AB9DA8E998F0A449A87636832
:105FC800012283F83F206368002283F88D206368EC
:105FD80093F943202AB993F8442012B1012283F897
:105FE8008D206068037D33B1013B032B49D8DFE87E
:105FF80003F0456B6F7D00F5C87002F079FA6068B0
:1060080090F8423073B1012B19D0022B28D0032B02
:1060180037D190F832305BB3642100F5875001F036
:106028003FFD2EE0002100F58650083001F038FDD4
:106038006068002100F5875001F032FD21E090F8FA
:106048002E3033B1642100F58650083001F028FD68
:1060580017E0322100F58650083001F021FD10E0EC
:10606800B7EE000A00F58750183001F0B4FD08E0DB
:10607800322100F5875001F013FD02E0204601F0BF
:106088005DFA204600F072FA80B22081B0F5FA7FFE
:1060980005D2204600F06AFAB0F5FA7FF9D3204617
:1060A80000F064FA07EE900AF8EE677A9FED167A28
:1060B80067EE877AF7EE006A86EEA77ABDEEC77AB2
:1060C800124B83ED007A10BD204600F0F1FDD8E7B1
:1060D800204601F055F86368B3F98A20A3F84620F2
:1060E800636893F88C20A3F84820CAE7204600F09C
:1060F800ADFF6368B3F98A20A3F84620636893F874
:106108008C20A3F84820BCE7BD3786355C270020E3
:1061180010B5044680F8291307EE901AF8EEE77ACE
:10612800B7EE007AC7EE277A17EE900AFAF7CCF99D
:10613800C4E9CC0110BDF8B5054690F8283390F8AD
:106148002963B34202D3002380F8283395F82873D3
:1061580005EBC70383ED000B00220023C5E9C82324
:1061680000240BE005EBC403D3E90023D5E9C801FB
:10617800FAF74CF8C5E9C8010134E4B2A642F1D8EF
:10618800D5E9CC23D5E9C801FAF7F6F9C5E9C8017C
:10619800013785F82873F8BD90EDC80B70470000EB
:1061A80008B52DED048BF0EE408AB0EE608AF5EE6E
:1061B800C00AF1EE10FA21DDF0EE609AF5EEC08A21
:1061C800F1EE10FA1DDDB0EE689AB5EE408AF1EEF8
:1061D80010FA05D1F5EE408AF1EE10FA00F0AA8027
:1061E800B5EE408AF1EE10FA0ED1F5EEC08AF1EE66
:1061F80010FA40F3A880DFED5A7A9DE0F1EE609A3C
:10620800DCE7B1EE689AE0E7F5EE408AF1EE10FAC5
:1062180008D1B5EEC08AF1EE10FA40F39780DFEDB1
:10622800517A89E0F4EEC99AF1EE10FA64DD89EE4C
:10623800297ADFED4D7A67EE277ADFED4C6A77EE43
:10624800E67A67EE877ADFED4A6A77EEA67A67EE36
:10625800877A17EE900AFAF737F93FA3D3E90023B4
:10626800FAF78AF9FAF780FC07EE900AF4EEC99A71
:10627800F1EE10FA0EDDB5EEC08AF1EE10FA04DD8B
:10628800F5EEC08AF1EE10FA39D4B5EEC08AF1EE17
:1062980010FA37D4F4EEC99AF1EE10FA4CDCB5EEE8
:1062A800C08AF1EE10FA0DDDF5EEC08AF1EE10FAB3
:1062B80003DD9FED2B7A77EE677AF5EEC08AF1EE73
:1062C80010FA32D4B5EEC08AF1EE10FA34D5F5EEF4
:1062D800C08AF1EE10FA03DD9FED217A77EE877A16
:1062E800F5EEC08AF1EE10FA26D5F1EE677A9FED49
:1062F8001C7A77EEC77A1FE089EE897A99E7F1EE82
:10630800677AC2E7F5EEC08AF1EE10FA03DD9FED79
:10631800197A77EE677AF5EEC08AF1EE10FAB9D5F8
:106328009FED147A77EEC77AB4E79FED0D7A77EE92
:10633800C77AC7E7DFED0B7AFDEEE77A17EE900A2A
:10634800BDEC048B08BDDFED0C7AF5E7DFED097ACB
:10635800F2E700BFAFF300807B14AE47E17A843FD9
:106368000000B442000000000000E0C300806E445A
:106378000030B845000034430000B4C201E000F525
:10638800B47010F1B40FFADB01E0A0F5B470B428D2
:10639800FBDC704701E000F5B4700028FBDB01E08E
:1063A800A0F5B470B0F5B47FFADC704708B5FFF714
:1063B800F1FF214A82FB00320244C317C3EBA21348
:1063C8005A2202FB1303A0F15A02592A01D8C3F139
:1063D8005A03A0F58772592A01D8C3F15A035A28DB
:1063E80013D9A0F15B02592A15D9A0F1B502592A8F
:1063F80017D9A0F20F1058281BD8104A02EB8303B4
:1064080093ED000AB1EE400A04E00C4A02EB830364
:1064180093ED000A08BD094A02EB830393ED000AD5
:10642800F8E7064A02EB830393ED000AB1EE400A4F
:10643800F0E79FED030AEDE7B7600BB6D0AB0008B5
:106448000000000008B55A30FFF7B0FF08BD000093
:10645800401A80EAE073A3EBE073074A82FB031259
:106468001A44D817C0EB22204FF4B47202FB103044
:10647800B42800DD101A7047B7600BB6F0EE406A1A
:10648800B5EEC00AF1EE10FA1BD4F7EE007AB4EEBE
:10649800E70AF1EE10FA11DDF0EE407A86EEA77AFF
:1064A80037EE277AB0EE670AF6EE007A67EE277ABB
:1064B800B4EEE70AF1EE10FAF0DC7047F7EE007A76
:1064C800ECE79FED010A704700000000064AD2F889
:1064D800FC3043F08073C2F8FC30A2F55D421368CB
:1064E80043F001031360704700ED00E0014B5B6867
:1064F80003607047001000E038B50A4B5A6800681E
:10650800101AF9F7BFFF04460D46FCF7D1FDF9F75D
:10651800B9FF02460B4620462946FAF757F941ECDF
:10652800100B38BD001000E008B52DED028B0D4BA7
:106538005B6802689B1A07EE903AB8EE678AFCF728
:10654800B7FD07EE100AB8EE477AC8EE077A9FED56
:10655800067A67EE877AFCEEE77A17EE900ABDECCA
:10656800028B08BD001000E000007A4408B52DED4C
:10657800028B0D4B5B6802689B1A07EE903AB8EEE7
:10658800678AFCF795FD07EE100AB8EE477AC8EE61
:10659800077A9FED067A67EE877AFCEEE77A17EEC0
:1065A800900ABDEC028B08BD001000E0002474497D
:1065B80010B504466430FFF789FF002384F8603083
:1065C800204610BD70B5044610EE100A10EE906A11
:1065D80011EE105AF9F778FFC4E908013046F9F7C7
:1065E80073FFC4E90A012846F9F76EFFC4E90C01F4
:1065F80070BD10B5044607EE901AF8EEE77AB7EECC
:10660800007AC7EE277A17EE900AF9F75DFFC4E91A
:10661800120110BD80ED160B80ED141B704780F839
:10662800601070472DE9D04F2DED028B0446B0EE77
:10663800408A90F86030FBB1012B00F0A380022B58
:1066480000F02E81D4E9146732463B46D4E90E01A6
:10665800FAF722FA08B1C4E90E67D4E91667324698
:106668003B46D4E90E01FAF7F9F908B1C4E90E6717
:10667800BDEC028BBDE8D08F70EEC07A17EE900AA1
:10668800F9F722FF2646E6E819013046FFF734FFFE
:1066980053EC102BD4E91201FAF7E0F920BBD4E946
:1066A8000823D4E90001F9F767FF06460F46D4E945
:1066B8000A23D4E90201F9F75FFF02460B46304688
:1066C8003946F9F7A3FD06460F46D4E90C23D4E969
:1066D8000401F9F751FF02460B4630463946F9F7EF
:1066E80095FDC4E90E01ADE7D4E90623D4E900011C
:1066F800F9F78AFD804689463046FFF7FDFE53ECE0
:10670800102B40464946FAF761F8C4E90401D4E978
:106718000623D4E90001F9F779FD80468946304619
:10672800FFF7EAFE53EC102B40464946F9F724FFE1
:106738000022A84BF9F720FF02460B46D4E90201D4
:10674800F9F764FD02460B46C4E90223D4E914892B
:1067580042464B46FAF7A0F908B1C4E90289D4E9E0
:10676800168942464B46D4E90201FAF777F908B18F
:10677800C4E90289D4E90023C4E906233046FFF7B7
:10678800B5FE8CE770EEC07A17EE900AF9F79CFE1A
:106798002646E6E819013046FFF7AEFE53EC102B0B
:1067A800D4E91201FAF75AF920BBD4E90823D4E94D
:1067B8000001F9F7E1FE06460F46D4E90A23D4E9B9
:1067C8000201F9F7D9FE02460B4630463946F9F779
:1067D8001DFD06460F46D4E90C23D4E90401F9F758
:1067E800CBFE02460B4630463946F9F70DFDC4E9A3
:1067F8000E0127E718EE100AF9F766FE02460B4667
:1068080043EC182BD4E91023F9F7FEFC804689469F
:106818003046FFF771FE53EC102B40464946F9F716
:10682800D5FFC4E90401D4E90623D4E90001F9F746
:10683800EDFC804689463046FFF75EFE53EC102B90
:1068480040464946F9F798FE0022624BF9F794FE54
:1068580002460B46D4E90201F9F7D8FC02460B467A
:10686800C4E90223D4E9148942464B46FAF714F9DD
:1068780008B1C4E90289D4E9168942464B46D4E9ED
:106888000201FAF7EBF808B1C4E90289D4E9002358
:10689800C4E9062384ED108B3046FFF727FE84E712
:1068A80070EEC07A17EE900AF9F70EFE2646E6E873
:1068B80019013046FFF720FE53EC102BD4E91201E2
:1068C800FAF7CCF850BBD4E90823D4E90001F9F76A
:1068D80053FE02460B4600200021F9F795FC0646B8
:1068E8000F46D4E90A23D4E90201F9F745FE024626
:1068F8000B4630463946F9F789FC06460F46D4E977
:106908000C23D4E90401F9F737FE02460B4630465A
:106918003946F9F779FCC4E90E0193E618EE100A36
:10692800F9F7D2FD82468B46D4E91023F9F76CFCBF
:10693800804689463046FFF7DFFD53EC102B404672
:106948004946F9F743FFC4E90401D4E90623D4E929
:106958000001F9F75BFC804689463046FFF7CCFD1D
:1069680053EC102B40464946F9F706FE0022194B16
:10697800F9F702FE02460B46D4E90201F9F746FC94
:1069880002460B46C4E90223D4E9148942464B4621
:10699800FAF782F808B1C4E90289D4E916894246AF
:1069A8004B46D4E90201FAF759F808B1C4E902895B
:1069B800D4E90023C4E90623D4E9102350465946F4
:1069C800F9F722FCC4E90001C4E910AB3046FFF72F
:1069D8008DFD78E70000E03F08B5D0E90E01FAF731
:1069E800C3F800EE100A08BD00220023C0E9022304
:1069F8007047000038B52DED028B0546134C9FED0E
:106A0800141ADFED140A9FED140A2046FFF7DAFD89
:106A1800A86980F00045F9F757FD41EC180B2846A6
:106A2800F9F752FDB0EE481AF0EE681A41EC100B77
:106A38002046FFF7EFFD64212046FFF7DAFD00212D
:106A48002046FFF7ECFDBDEC028B38BD7027002017
:106A58008FC2F53C000000009A99193E0000000022
:106A680070B52DED048B044600267F4B1B78D3B1FF
:106A78007E4DD4ED150A9FED7E0A2846FFF7D2FD1C
:106A88002846FFF7A9FFB0EE409AB4F9260082B273
:106A980002F159039BB2B22B10D910F15A0F08DA40
:106AA800B43216B20BE0FFF7A5FF6F4B01221A7044
:106AB800DEE75A2803DDB43A16B200E00646B4F918
:106AC8004E30002BC0F287805A3636B294F8213007
:106AD800C3F10C0308EE103AB8EEC88AFFF766FC5B
:106AE80028EE008A94F8213008EE903AF8EEE88A09
:106AF8003046FFF75BFC68EE808A38EE288ABDEEE8
:106B0800C88A18EE103A1DB294F82130C3F10C036C
:106B180008EE103AB8EEC88AB4F92600FFF792FCDE
:106B280028EE008A94F8213008EE903AF8EEE88AC8
:106B38003046FFF787FC68EE808A38EE288ABDEE7B
:106B4800C88A18EE103A1BB2B4F9266086EAE672D3
:106B5800A2EBE67292B23D3A92B23A2A3ED9B2B26A
:106B6800A2F15B0189B22B2903D8B4F94E10002990
:106B78000BDB863292B22B2A03D8B4F94E20002AB6
:106B880003DC94F85020322A36D994F82100C0F159
:106B98000C00F9F787FC32A3D3E90023F9F7ECFCE2
:106BA800F9F7E2FF07EE900A94ED060AB4EEE70A59
:106BB800F1EE10FA01D4B0EE670A00239FED2C1A0B
:106BC8001A46F7EE000A314604F5C87001F004FAD7
:106BD800BDEC048B70BD5A3E36B277E700239FEDBB
:106BE800241A1A46F7EE000AB6EE000A194604F50A
:106BF800C87001F0F1F9EBE707EE903AF8EEE70A12
:106C080007EE905AB8EEE70AFFF7CAFAFFF7B6FBA5
:106C180001B2B5EEC09AF1EE10FA1DDDB4F94E30AE
:106C2800002BB8BF5B429BB2782B01D99FED109A1D
:106C380094ED060AB4EEC90AF1EE10FA01D4B0EEEA
:106C4800490ADFED0B0A0023B0EE601A1A4604F574
:106C5800C87001F0C1F9BBE7B1EE499ADEE700BFA1
:106C68009A9999999999B93F60270020702700202F
:106C780000000000012800D0704708B54FF6FF73E8
:106C8800994200D008BD0648FFF792FC0548FFF777
:106C98001DFC0548FFF71AFC0448FFF717FCF1E74D
:106CA800702700206C270020682700206427002018
:106CB80010B50446594B1B78E3B94268B2F94E3017
:106CC800002BB8BF5B429BB20E2B06D892F850300F
:106CD800312B02D892F823302BB95148FFF706FC24
:106CE8004E4B00221A704E48FFF71EFC40F2DC5350
:106CF800984228D8606890F82E305BBBB0F94E30C7
:106D0800002BB8BF5B429BB21D2B03D890F85030C4
:106D1800132B26D9002100F58650083000F0C0FE5C
:106D28003E4B1B7823BB606890F82330002B4ED075
:106D3800FFF796FE6368B3F926203A4B1A803A4863
:106D4800FFF7D4FB10BD354B01221A703748FFF707
:106D5800CDFBCFE7642100F58650083000F0A0FE97
:106D6800DEE7322100F58650083000F099FED7E7BB
:106D78002E48FFF7D9FBB0F57A7F12D8606890F8F3
:106D88002E3003B301239FED2A1AB0F97420F7EED1
:106D9800000A90ED060A002100F5C87001F01CF900
:106DA800D0E71E4B00221A706068B7EE000A00F5A3
:106DB8008750183000F00FFF1948FFF797FB1B4862
:106DC800FFF794FBDAE70021FEF7BEFDBAE71648A5
:106DD800FFF7AAFBB0F57A7F10D2606800239FED19
:106DE800151A1A46F7EE000AB0EE600A0D49B1F915
:106DF800001000F5C87001F0EFF8A3E76068002301
:106E08009FED0C1A1A46F7EE000AB6EE000AB0F922
:106E1800701000F5C87001F0DFF893E761270020D3
:106E28006C270020622700206427002068270020A4
:106E3800DB0FC9400000000008B54FF6FF710120C4
:106E4800FFF718FF08BD000070B52DED028B044652
:106E5800B0F9260082B202F159039BB2B22B0BD9CA
:106E6800002610F15A0F02DAB43216B205E05A2899
:106E780003DDB43A16B200E00646B4F98A30002BB6
:106E8800C0F283805A3636B294F82130C3F10C032D
:106E980008EE103AB8EEC88AFFF788FA28EE008A9A
:106EA80094F8213008EE903AF8EEE88A3046FFF779
:106EB8007DFA68EE808A38EE288ABDEEC88A18EE18
:106EC800103A1DB294F82130C3F10C0308EE103AC1
:106ED800B8EEC88AB4F92600FFF7B4FA28EE008A9B
:106EE80094F8213008EE903AF8EEE88A3046FFF739
:106EF800A9FA68EE808A38EE288ABDEEC88A18EEAC
:106F0800103A1BB2B4F9266086EAE672A2EBE67282
:106F180092B22E3A92B2582A3AD9B2B2A2F15B0191
:106F280089B22B2903D8B4F98A10002907DB8632E5
:106F380092B22B2A3AD8B4F98A20002A36DD94F87E
:106F48002100C0F10C00F9F7ADFA35A3D3E900230D
:106F5800F9F712FBF9F708FE07EE900A94ED060A16
:106F6800B4EEE70AF1EE10FA01D4B0EE670A002396
:106F78009FED2D1A1A46F7EE000A314604F5C8703F
:106F880001F02AF8BDEC028B70BD5A3E36B27BE7A1
:106F980000239FED251A1A46F7EE000AB6EE000AFE
:106FA800194604F5C87001F017F8EBE707EE903AB8
:106FB800F8EEE70A07EE905AB8EEE70AFFF7F0F89E
:106FC800FFF7DCF906B2B4F98A50002DB8BF6D425C
:106FD800ADB22846F9F766FA11A3D3E90023F9F709
:106FE800CBFAF9F7C1FD07EE900A782D01D9DFED4C
:106FF8000E7A94ED060AB4EEE70AF1EE10FA01D41F
:10700800B0EE670ADFED080A0023B0EE601A1A46F0
:10701800314604F5C87000F0DFFFB3E7AFF3008036
:107028009A9999999999B93F00000000012800D0D0
:10703800704708B54FF6FF73994200D008BD024863
:10704800FFF744FAFAE700BFDC27002010B5044632
:10705800406890F8233053B1FFF7F6FE6368B3F940
:107068002620164B1A801648FFF740FA10BD144820
:10707800FFF75AFAB0F57A7F10D2606800239FEDC7
:10708800111A1A46F7EE000AB0EE600A0B49B1F978
:10709800001000F5C87000F09FFFE7E76068002364
:1070A8009FED081A1A46F7EE000AB6EE000AB0F984
:1070B800701000F5C87000F08FFFD7E7D8270020C0
:1070C800DC2700200000000008B54FF6FF71012002
:1070D800FFF7ACFF08BD08B5B7EE000A00F587500A
:1070E800183000F078FD08BD38B50446B0F98A506C
:1070F80085EAE573A3EBE5739BB23B2B18D82846CA
:10710800F9F7D0F900220F4BF9F736FAF9F7E4FC52
:1071180003B2E91800239FED0C1A1A46F1EE040A8F
:1071280094ED060A09B204F5C87000F055FF38BDA1
:1071380093FBF5F303EB4303C3EB03135B001BB2B1
:10714800E7E700BF0000F83F00000000012800D07A
:10715800704708B54FF6FF73994200D008BD05483F
:10716800FFF7B4F90448FFF7B1F90448FFF7AEF99F
:10717800F4E700BFE8270020E4270020E0270020EC
:1071880010B50446436893F8233093B91148FFF7C4
:10719800CBF907EE100AB8EE477A0F4BD3ED007A19
:1071A800DFED0E6A67EEA67AB4EEE77AF1EE10FA32
:1071B80003D5606800F048FB10BD094B00221A7027
:1071C800606890F82E3013B9FFF78EFFF4E7FFF7E9
:1071D80082FFF1E70C2800200428002000007A44F0
:1071E8000028002008B54FF6FF710120FFF7AEFF19
:1071F80008BD000038B52DED028B0446524B1B78B4
:10720800002B66D090F82E30002B50D14F48FFF756
:107218008BF9B0F5FA7F02D94B4B00221A704C4813
:10722800FFF782F9B0F5FA7F45D3B4F97430002B33
:10723800B8BF5B429BB23B2B02D994F88030A3B114
:107248000025414B1D70C82104F5C87001F020F9D4
:10725800294604F58650083000F096FCB7EE000A7F
:1072680004F58750183000F0B6FCB4F9742082EAAF
:10727800E273A3EBE2739BB22D2B06D993FBF2F3D7
:1072880003EB4303C3EB03131AB2E18EC1F1B4015C
:1072980001239FED301AF6EE000AB0EE600A09B23B
:1072A80004F5C87000F098FEBDEC028B38BD274885
:1072B800FFF71CF9AAE79FED280A0023B0EE401A51
:1072C8001A46F0EE400A194604F5C87000F084FE2C
:1072D800EAE7B0F97430002BB8BF5B429BB23C2B95
:1072E8001DD890F880300BBBB4F974502846F9F7D4
:1072F800D9F80022194BF9F73FF994ED068AF9F706
:10730800EBFB01239FED161A2A46F7EE000AB0EEB2
:10731800480A01B204F5C87000F05EFEC4E70A4BE3
:1073280001221A700A48FFF7E1F8BDE7002100F5CD
:107338008650083000F028FCB7EE000A04F58750A4
:10734800183000F048FCCFE7F0270020F427002091
:10735800F8270020DB0F493F000000000000F83F3D
:10736800DB0F494010B582B0044690F8323023BB99
:107378005C48FFF7D9F8B0F5FA7F02D95A4B0022DA
:107388001A705A48FFF7D0F8B0F5FA7F19D3584B5E
:107398001B78002B52D0B4F93630002BB8BF5B42B3
:1073A8009BB25A2B30D94FF4FA7104F5C87001F02A
:1073B8006FF84D4B00221A7024E04A48FFF796F800
:1073C800D6E79FED4C0A0023B0EE401A1A46F0EEBD
:1073D800400A194604F5C87000F0FEFDB4F974209F
:1073E80082EAE273A3EBE2739BB293FBF2F303EB43
:1073F8004303C3EB0313404A138000233C4A137032
:107408003E4A137002B010BD3B4BB3F9003083EA1B
:10741800E371A1EBE37189B291FBF3F1C1EB811345
:1074280001EB831301EB4301C90009B200910B463C
:107438000A4604F5C87000F0FBFCE3E72F4B1B7805
:107448004BB3B4F93620002AB8BF524292B22A4B45
:10745800B3F9001081EAE173A3EBE1739BB29A429E
:1074680003D9234B01221A70CCE793FBF1F303EB0A
:107478004303C3EB03135A0052429FED1E0A032332
:107488009FED1F1A12B2F0EE400A002104F5C870F1
:1074980000F0A2FDB6E7B4F9740080EAE073A3EB4C
:1074A800E0739BB23B2B07D894F87630632B03D854
:1074B800124B01221A70A5E7F8F7F4FF0022114BCE
:1074C800F9F75AF8F9F708FB03239FED0D1A002284
:1074D800F6EE000AB0EE600A01B204F5C87000F0DA
:1074E8007BFD8FE7F4270020F1270020FC270020F0
:1074F800ED27002000000000EE270020EC270020E8
:10750800DB0FC93F0000F83F012800D0704708B5DD
:107518004FF6FF73994200D008BD0548FEF7D6FF25
:107528000448FEF7D3FF0448FEF7D0FFF4E700BF96
:10753800FC270020F8270020F427002010B5044677
:10754800406890F82E30002B41D1B0F94E30002B16
:10755800B8BF5B429BB21D2B03D890F85030132B59
:107568003CD9002100F58650083000F099FA60688F
:1075780090F83230CBBBB0F94E30002BB8BF5B422D
:107588009BB2962B03D990F85030132B33D9002196
:1075980000F5875000F084FA636893F8233093B9B4
:1075A8003048FEF7C1FF07EE100AB8EE477A2E4BB7
:1075B800D3ED007ADFED2D6A67EEA67AB4EEE77AAE
:1075C800F1EE10FA1DD5606800F03EF910BD642197
:1075D80000F58650083000F063FAC8E7322100F55C
:1075E8008650083000F05CFAC1E7642100F5875046
:1075F80000F056FAD0E7322100F5875000F050FA33
:10760800CAE71B4B00221A70606890F82E3013B935
:10761800184B1B7813B1FFF7EDFDD7E790F8323020
:1076280013B9154B1B786BB1134B1B7833B1124B45
:1076380001221A706068FFF795FEC7E70F48FEF74A
:1076480055FFF4E7B0F94E30002BB8BF5B429BB250
:10765800772B03D80021FEF777F9B7E7B421FEF7B7
:1076680073F9B3E70C2800200428002000007A44AE
:1076780000280020F0270020F1270020FC27002008
:1076880008B54FF6FF710120FFF73EFF08BD000067
:1076980038B52DED048B044690F8223008EE103AE8
:1076A800B8EEC88AB0F92800FEF780FE28EE008AF6
:1076B8009FED599A28EE098A94F8223008EE903AFC
:1076C800F8EEE88AB4F92800FEF7BCFE68EE808A76
:1076D80068EE898A94F82230C3F1180307EE903ACD
:1076E800B8EEE79AB4F94E00FEF760FE29EE009A6C
:1076F800DFED4A9A29EE299A38EE098A94F8223061
:10770800C3F1180307EE903AB8EEE79AB4F94E00C1
:10771800FEF798FE29EE009A29EE299A78EE898AD2
:10772800F0EE680AB0EE480AFEF73AFD09EE100AD4
:10773800B8EEC99A28EE088A68EEA88A38EE288A30
:10774800B0EE480AFEF79AFEB5EEC00AF1EE10FA5E
:107758004ADDB0EE480AFEF791FE10EE100AF8F77F
:10776800B3FE29A3D3E90023F8F706FFF9F7FCF9DC
:1077780007EE900A94ED068AB4EEE78AF1EE10FA65
:1077880001D4B0EE678AB4F94E5085EAE573A3EBED
:10779800E5739BB2592B30D818EE100AF8F794FE0F
:1077A8001BA3D3E90023F8F7E7FEF9F7DDF900EEAC
:1077B800100AF6EE007AB4EEE70AF1EE10FA01DDEF
:1077C800B0EE670ABDEEC99A00239FED151A2A4646
:1077D800DFED140A19EE101A09B204F5C87000F0AA
:1077E800FBFBBDEC048B38BDB0EE480AFEF746FE45
:1077F800F1EE407A17EE900AB1E705F1B400FEF712
:10780800BDFD05B2C8E700BF9A9999999999B93F02
:107818009A9999999999D93F9A99193FCDCCCC3E83
:10782800DB0F494000000000012800D0704708B570
:107838004FF6FF73994200D008BD0248FEF746FE96
:10784800FAE700BF0C28002010B5044690F82E3047
:1078580013B990F8323073B101239FED3B1A00221F
:10786800F6EE000AB0EE600AB4F9281004F5C87004
:1078780000F0B2FB10BD3548FEF756FE07EE100AC1
:10788800B8EE477A324BD3ED007ADFED326A67EE15
:10789800A67AB4EEE77AF1EE10FA02DD2E4B1B78E9
:1078A80013B32A48FEF740FE07EE100AB8EE477AEF
:1078B800274BD3ED007ADFED296A67EEA67AB4EE9E
:1078C800E77AF1EE10FA23D500239FED251A1A4620
:1078D800F3EE040A94ED070A2249B1F9001004F501
:1078E800C87000F079FBC5E70A2104F5C87000F0FC
:1078F800CFFD1648FEF7FAFD174B01221A70D4F88F
:107908009821134B1A60B4F92820164B1A80C8E73F
:10791800B4F94E10B4F92800FEF79AFD59280EDC88
:1079280000239FED0F1A1A46F7EE000A94ED070A96
:10793800B4F9281004F5C87000F04EFB9AE7204609
:10794800FFF7A6FE96E700BFDB0FC93F0C28002013
:107958000428002000007A44002800200000484342
:10796800000000000828002008B54FF6FF7101202C
:10797800FFF75AFF08BD10B5044641680068FCF7D8
:10798800D5FD2368DB68A36010BD0000000000007F
:107998002DE9F0410446154603685F68DE68092250
:1079A8005A600268536803FB0111374B1B68B3FB2D
:1079B800F1F3013BD3600068FCF7AAFC58BBD4F88C
:1079C8000080D8F80C00F8F75DFD2DA3D3E900235B
:1079D800F8F7D2FDF9F780F807EE900AF8EEE77AA3
:1079E8006368DBB9D8F80030FCEEE77AC3ED0D7AAE
:1079F8002846FCF77DFA63684BBB23681B680022A6
:107A08005A6323685F602368DE602068FCF780FCA7
:107A180080BBBDE8F081FAF70FFAD0E7042B08D055
:107A2800082B0DD0D8F80030FCEEE77AC3ED107AB9
:107A3800DEE7D8F80030FCEEE77AC3ED0E7AD7E738
:107A4800D8F80030FCEEE77AC3ED0F7AD0E7042BC4
:107A580006D0082B09D023681B6800221A64D0E7D7
:107A680023681B6800229A63CBE723681B680022FF
:107A7800DA63C6E7FAF7E0F9CBE700BFAFF30080B7
:107A88009A9999999999B93F0C00002010B5044624
:107A9800016042601030FEF719FD204610BD00005D
:107AA8002DE9F04782460E4600F110073846FEF7EA
:107AB80023FD55EC104B3846FEF718FD30A3D3E9EB
:107AC800002320462946F8F7C9FF08B33046F8F7DF
:107AD800E9FC80468946DAE9026732463B46F8F710
:107AE800DBFF68B332463B4640464946F8F78CFB15
:107AF80022462B46F8F740FD00221F4BF8F73CFDC5
:107B080002460B4630463946F8F780FBCAE90201BF
:107B1800DAF8004016A3D3E90023DAE90201F8F7FE
:107B28002BFDF9F721F800EE100A2046FEF766F95A
:107B38009FED120ADAF80400FEF760F9BDE8F08755
:107B480042464B4630463946F8F75EFB22462B46FE
:107B5800F8F712FD0022084BF8F70EFD02460B4617
:107B680030463946F8F750FBCAE90201D0E700BFB2
:107B780000000040E17A843F00002440000000003B
:107B88009A9999999999B93F38B504460D46B7EE2F
:107B9800000A0068FEF732F9B7EE000A6068FEF7DF
:107BA8002DF900220023C4E902232846FCF7A0F996
:107BB80038BD10B5044664224FF47A710068FFF7A7
:107BC800E7FE642240F2DC516068FFF7E1FE10BD79
:107BD800016042607047437A0BB90123037280ED5C
:107BE800030AF7EE007AB4EEE70AF1EE10FA01DDC7
:107BF800C0ED037AD0ED037AF5EEC07AF1EE10FA13
:107C080000D470470023C360FBE7000010B50446AA
:107C1800037A002B37D0038A01339BB20382012BEE
:107C280017D9C92B29D890ED037AF7EE006AC6EE6A
:107C3800877AFDEEE77A17EE902A93FBF2F102FBC2
:107C480011339BB94368012299881868FBF7D6FD60
:107C580018E04368002299881868FBF7CFFD23686D
:107C6800002299881868FBF7C9FD0BE043680022D9
:107C780099881868FBF7C2FD04E00023037201220B
:107C88004272038210BD437A002B37D0038A013336
:107C98009BB20382012B13D940F2E932934223D8D5
:107CA8001A4A82FB0312921002EB8202B3EB420FD4
:107CB80013D10368012299881868FBF79FFDE1E753
:107CC8004368002299881868FBF798FD236800220A
:107CD80099881868FBF792FDD4E703680022998811
:107CE8001868FBF78BFDCDE70368012299881868AF
:107CF800FBF784FD002363722382C3E743680022F5
:107D080099881868FBF77AFDBCE700BF6766666666
:107D1800F8B50646016142618361069BC361079B12
:107D28000362089B4362099B83620A9BC36200F556
:107D38005165032404E02846FEF73AFC013C683507
:107D4800002CF8DA06F56B673846FEF731FC06F5C5
:107D58007360FEF7BBFB0B9BC6F8183F0C9BC6F87D
:107D68001C3F002528E04FF44E7005FB00F0303032
:107D780005213044FEF7CCF9682405FB04F404F52A
:107D8800516434449FED241ADFED240A9FED240A40
:107D98002046FEF717FC9FED181B9FED190B204698
:107DA800FEF738FCFA212046FEF723FC0121204685
:107DB800FEF735FC0135EDB2032DD4D99FED191A24
:107DC800DFED190A9FED190A3846FEF7FBFB9FED18
:107DD8000E1B9FED0F0B3846FEF71CFC4FF4FA7193
:107DE8003846FEF706FC00213846FEF718FC3046F8
:107DF800F8BD00BFAFF300800000000000408F40D6
:107E0800000000000000F03F182D4454FB211940E9
:107E1800182D4454FB2119C0CDCC4C3E00007A43A8
:107E2800000048420AD7233C00000000CDCCCC3DDE
:107E38002DE9F04104460F4616461D46BDF9188047
:107E480081EAE173A3EBE1739BB2B3F57A7F04D9BE
:107E580093FBF1F313FB01F31FB286EAE673A3EB7E
:107E6800E6739BB2B3F57A7F04D993FBF6F313FB61
:107E780006F31EB285EAE573A3EBE5739BB2B3F58F
:107E88007A7F04D993FBF5F313FB05F31DB288EA57
:107E9800E873A3EBE8739BB2B3F57A7F05D993FB3C
:107EA800F8F313FB08F30FFA83F8002F48DD07EE09
:107EB800907AB8EEE70ADFED447A20EE270A2069C7
:107EC800FDF79CFF9FED410A6069FDF797FF002EC3
:107ED80047DD07EE906AB8EEE70ADFED3B7A20EE61
:107EE800270AA069FDF78AFF9FED380AE069FDF7C8
:107EF80085FF002D46DD07EE905AB8EEE70ADFED64
:107F0800327A20EE270A206AFDF778FF9FED2F0AC4
:107F1800606AFDF773FFB8F1000F44DD07EE908A41
:107F2800B8EEE70ADFED287A20EE270AA06AFDF707
:107F380065FF9FED260AE06AFDF760FFBDE8F08166
:107F48009FED220A2069FDF759FF07EE907AF8EEB7
:107F5800E77A9FED1F0A27EE800A6069FDF74EFF5A
:107F6800B5E79FED1A0AA069FDF748FF07EE906A8A
:107F7800F8EEE77A9FED160A27EE800AE069FDF72A
:107F88003DFFB6E79FED110A206AFDF737FF07EEC0
:107F9800905AF8EEE77A9FED0E0A27EE800A606A9B
:107FA800FDF72CFFB7E79FED090AA06AFDF726FF4A
:107FB80007EE908AF8EEE77A9FED050A27EE800A29
:107FC800E06AFDF71BFFB9E76F12833A0000000073
:107FD8006F1283BA000000002DE9F04F2DED068BDB
:107FE80089B004460E46F0EE408AB0EE608A09EE8B
:107FF800102AF0EE419A984600F573652846FEF778
:108008007BFA5BEC10AB2846FEF770FACCA3D3E9F9
:10801800002350465946F8F73FFD80B3C44B002271
:108028001A60002509E0682005FB00F000F55160A2
:108038002044FEF7D9FC0135EDB2032DF3D93046C3
:10804800FEF700FABA4DD5ED00AA6AEE80AA3046CE
:10805800FEF7ACF995ED00AA2AEE00AA04F56B69C3
:10806800D4F8183FB3F9003000EE103AF8EEC90A18
:10807800B8EEC00A4846FEF7D5FA002596E018EE95
:10808800100AF8F721FA52465B46F8F775FA824665
:108098008B46B5EE408AF1EE10FA03D1A44BC3ED3E
:1080A800008ACCE7A24BD3ED007AF4EEE87AF1EE41
:1080B80010FA15D517EE900AF8F706FA52465B46FD
:1080C800F8F7A4F8F8F750FD07EE900A984B1860F7
:1080D800F4EEE87AF1EE10FAB1DDC3ED008AAEE70E
:1080E800F4EEE87AF1EE10FAA9DD17EE900AF8F747
:1080F800EBF952465B46F8F787F8F8F735FD07EED7
:10810800900A8B4B1860F4EEE87AF1EE10FA96D5E7
:10811800C3ED008A93E7F1EE407A55E038EE088A1D
:10812800002D00F08480032D00F084805A2605FB82
:1081380006F62D363046FEF739F9B1EE409A2D2075
:10814800FEF780F929EE009A29EE2A9A3046FEF7C2
:1081580079F9F0EE408A2D20FEF774F968EE808AEE
:1081680068EE8A8A79EE287A17EE900AF8F7ACF961
:1081780006460F4618EE100AF8F7A6F96AA3D3E9DF
:108188000023F8F7F9F902460B4630463946F8F766
:108198003DF80022674BF8F7EFF9F8F7E5FC08AB74
:1081A80003EB850343F8100C0135EDB2032D44D8D9
:1081B8004846FEF711FCB0EE408AB5EEC00AF1EE73
:1081C80010FAA8DDF0EE407AF4EEE97AF1EE10FA52
:1081D80008DDF5EE409AF1EE10FA03D087EE887AC2
:1081E80027EE298AB8F1010F98D0B8F1020F0ED006
:1081F800B8F1030F12D0B8F1040F97D138EE088AFE
:10820800AB1EDBB2012B91D89FED4B8A8EE738EE7F
:10821800088A012D8AD89FED488A87E738EE088AB0
:108228006B1EDBB2012B81D89FED438A7EE79FED61
:10823800428A7BE79FED408A78E7002546E0F1EE29
:10824800676A5CE0F1EE486A62E0682006FB00F0CD
:1082580000F551602044FEF7C7FB384B03EB86035B
:1082680083ED008A682706FB07F707F5516727445F
:10827800D4F81C3F4FEA850803EB850393ED000A09
:10828800B5EEC08AF1EE10FA4ADDF0EE480A38463B
:10829800FEF7C8F9B5EEC08AF1EE10FA54DD38469B
:1082A800FEF79AFB08AB03EB4603BDEEC00A10EEDF
:1082B800102A23F8182CD4F81C3F43441B6806F5F1
:1082C800727604EB860633600135EDB2032D57D87C
:1082D8002E4608AB03EB850313ED048AB5EE408AFE
:1082E800F1EE10FAB1D0154B03EB8503D3ED007A0C
:1082F800F5EEC07AF1EE10FAA1DDF0EE676A87EECE
:10830800A67AB5EEC08AF1EE10FA9BDDF0EE486A67
:10831800C8EE267AB4EE677AF1EE10FA9DD094E7AB
:10832800F1EE480AB3E700BFC3F5285C8FC2B53F3A
:1083380010280020000044400000000014280020FD
:108348009A9999999999B93F3846FEF745FBB1EE44
:10835800400A08AB03EB4603BDEEC00A10EE102A34
:1083680023F8182CD4F81C3F4344D3ED007AF1EEDF
:10837800677A06F5727604EB8606C6ED007AA3E7FF
:1083880000261CE04FF44E7506FB05F530352544F4
:1083980008AB03EB460737F9180CF8F783F841ECFC
:1083A800100B2846FDF7C7FE2846FDF7F5FE51ECF1
:1083B800100BF8F791FB27F8180C0136F6B2032ECC
:1083C800E0D904F57263D3ED008A04F6247393EDC3
:1083D80000AA78EECA7A04F6287393ED009A77EE2D
:1083E800C97A04F62C73D3ED009A77EEA97A17EEC2
:1083F800900AF8F769F824A3D3E90023F8F7BCF842
:10840800F8F7B2FB08EE100A2060F1EE688A78EE01
:10841800CA8A39EE289A79EE897A17EE900AF8F71F
:1084280053F819A3D3E90023F8F7A6F8F8F79CFB4B
:1084380007EE900A606028EE088A67EEA77A38EEA1
:10844800270AFEF71BF884ED020AD4ED010A94ED21
:10845800000AFDF7A5FE07EE900AF8EEE77AC4EDEC
:10846800037ABDF90E300093BDF90C30BDF90A202E
:10847800BDF908102046FFF7DBFC09B0BDEC068B00
:10848800BDE8F08FAFF300809A9999999999893F3F
:1084980038B504460D46B7EE000A0069FDF7AEFC94
:1084A800B7EE000A6069FDF7A9FCB7EE000AA069FB
:1084B800FDF7A4FCB7EE000AE069FDF79FFCB7EEF4
:1084C800000A206AFDF79AFCB7EE000A606AFDF719
:1084D80095FCB7EE000AA06AFDF790FCB7EE000A1B
:1084E800E06AFDF78BFC2846FBF702FD38BD00006B
:1084F80010B52DED028B04469FED168AB0EE480AA2
:108508000069FDF77BFCB0EE480A6069FDF776FC70
:10851800B0EE480AA069FDF771FCB0EE480AE069C0
:10852800FDF76CFCB0EE480A206AFDF767FCB0EE78
:10853800480A606AFDF762FCB0EE480AA06AFDF7D7
:108548005DFCB0EE480AE06AFDF758FCBDEC028B12
:1085580010BD00BF0000000010B5044664224FF4AF
:108568002F710069FFF714FA64224FF44871A0696B
:10857800FFF70EFA64224FF46171206AFFF708FAD8
:1085880064224FF47A71A06AFFF702FA64224FF46A
:108598002F716069FFF7FCF964224FF44871E069B4
:1085A800FFF7F6F964224FF46171606AFFF7F0F99A
:1085B80064224FF47A71E06AFFF7EAF910BD10B54A
:1085C8000446006803681A6812F0080F0BD11A688D
:1085D80012F0040F07D11A6812F0020F03D11B68BA
:1085E80013F0010F06D0FCF7D8FDA2896168206856
:1085F800FDF7F6F8A3892268D26B126852689B1AB5
:108608009BB223816089C01A18BF012010BD0346A0
:10861800B0F80CC00268D26B12685168ACEB01016B
:1086280089B201814289914208D04168885C01324F
:1086380092FBFCF10CFB11225A8170470020704715
:10864800F0B589B00446002580F8205080F83450F1
:1086580080F84C50B048C4F8A8002021A4F8AC1009
:108668002A46FBF7CBF8AD4BC4F8B030C4F8B45089
:10867800DB68C4F8B830AA4BC4F8C0300420C4F88A
:10868800C400DA68C4F8C820C4F8D030C4F8D4509C
:10869800C4F8D820A34BC4F8E0304FF0080CC4F855
:1086A800E4C0D968C4F8E810C4F8F0300C27C4F85E
:1086B800F470C4F8F8109C4AC4F80021C4F8040106
:1086C800D668C4F80861C4F81031C4F81401C4F8B5
:1086D8001811C4F82021C4F82451C4F82861C4F83A
:1086E8003021C4F834C1C4F83861904AC4F8402134
:1086F800C4F84451D668C4F84861C4F85021C4F895
:108708005401C4F85861C4F86031C4F86451C4F81D
:108718006811C4F87021C4F87471C4F87861844E83
:10872800C4F880610121A4F884112A463046FBF779
:1087380065F8C4F888610221A4F88C112A463046ED
:10874800FBF75CF8231D069304F13603059304F543
:108758009873049304F59073039304F58873029354
:1087680004F58073019304F1F003009304F1E0032E
:1087780004F1D00204F1C00104F5C870FFF7C8FA8B
:1087880004F5A87204F5A07104F586500830FFF7C7
:108798007DF904F5B87204F5B07104F58750FFF758
:1087A80075F904F5C47204F5C07104F587501830E2
:1087B800FFF70EFA04F580565E4BC6F80C318020A0
:1087C80001F0C1FFC6F81001A6F81451A6F8165119
:1087D8008023A6F8183186F81A51574BC6F81C3171
:1087E8004FF4807001F0AFFFC6F82001A6F82451BD
:1087F800A6F826514FF48071A6F8281186F82A5158
:108808004E4AC6F82C21802001F09DFFC6F83001A1
:10881800A6F83451A6F836518021A6F8381186F802
:108828003A51474AC6F83C214FF4807001F08BFF5B
:10883800C6F84001A6F84451A6F846514FF4807096
:10884800A6F8480186F84A513E4AC6F84C2101F07C
:108858007AFFC6F85001A6F85451A6F856514FF4BD
:108868008071A6F8581186F85A5104F58A501C30C0
:10887800FDF72CFE04F58B50FDF728FE04F58B5010
:108888000430FDF723FE04F58B500830FDF71EFE7B
:108898000A2104F58B501030FDF73AFC0A2104F543
:1088A800A5500830FDF734FC032104F5BF50FDF74F
:1088B8002FFC032104F5D8501830FDF729FC28E0D7
:1088C80004F58053D3F8500108B101F0E1FB04F539
:1088D8008053D3F8400108B101F0DAFB04F5805366
:1088E800D3F8300108B101F0D3FB04F58053D3F875
:1088F800200108B101F0CCFB04F58054D4F8100134
:1089080008B101F0C5FB01F0C5FBE0E7E6E7ECE7DD
:10891800F2E7204609B0F0BD000002404401002003
:108928008C010020AC020020640200201C02002000
:10893800000802404C07002004070020BC06002065
:10894800DC0700209407002070B50546464C2046F9
:10895800FAF746F8032245492046FAF7E3F80022D9
:1089680006E0424B33F81230002BFAD00132D2B273
:10897800022AF6D905F58054002684F81A61B4F85D
:108988001821D4F81011D4F80C01FCF729FF84F849
:108998002A61B4F82821D4F82011D4F81C01FCF776
:1089A8001FFF84F83A61B4F83821D4F83011D4F8AC
:1089B8002C01FCF715FF84F84A61B4F84821D4F873
:1089C8004011D4F83C01FCF70BFF84F85A61B4F865
:1089D8005821D4F85011D4F84C01FCF701FF05F1E7
:1089E800B000FEF7C8FF05F1C000FEF7C4FF05F1AF
:1089F800D000FEF7C0FF05F1E000FEF7BCFF05F16F
:108A0800F000FEF7B8FF05F58070FEF7B4FF05F536
:108A18008870FEF7B0FF05F59070FEF7ACFF05F51E
:108A28009870FEF7A8FF05F5A070FEF7A4FF05F5FE
:108A3800A870FEF7A0FF05F5B070FEF79CFF05F5DE
:108A4800B870FEF798FF05F5C870FFF785FDC820D8
:108A5800FBF74EFA05F586500830FFF7AAF805F53A
:108A68008750FFF7A6F870BDFC00002060280020A2
:108A7800F8B504463C4B1888F7F714FD34A3D3E93E
:108A88000023F7F779FDF8F76FF82060F7F71CFD7A
:108A980031A3D3E90023F7F76FFD06460F46334BA2
:108AA8001868F7F711FD2EA3D3E90023F7F764FD43
:108AB80002460B4630463946F7F7A8FBF8F754F854
:108AC80007EE900A2060B2EE097AF4EEC77AF1EE6A
:108AD80010FA01DD84ED007A2268244B1A6004F54F
:108AE8008B561036204F7888F7F7CCFC41EC100BEA
:108AF8003046FDF720FB04F5A5550835B888F7F78B
:108B0800C1FC41EC100B2846FDF715FB3046FDF77C
:108B180043FB51EC100BF8F707F8A0852846FDF742
:108B28003BFB51EC100BF7F7FFFF80B22086A38DBB
:108B380040F2F31293428CBF0023012384F82E30B5
:108B480090428CBF0020012084F83200F8BD00BF9D
:108B58009A99999999998A3F00AAF1D24D62503F02
:108B68002B8716D9CEF7EF3F602800201000002091
:108B7800F8B505460BE001333D4A137007E0072BB3
:108B88001CD05A1E3B4988540133394A137005F5E5
:108B980088540C342046FFF712FD002860D0204688
:108BA800FFF735FD344B1870314B1B78002BE6D19D
:108BB800FF28E0D02E4B00221A70E8E7AA2803D03D
:108BC8002B4B00221A70E2E795F8343013B90123D1
:108BD80085F83430274C2078637843EA0020F7F78B
:108BE80061FC21A3D3E90023F7F7C6FC0022234B3D
:108BF800F7F70AFB06460F46B5F93C00F7F752FCB3
:108C080002460B4630463946F7F7FEFAF7F764FF97
:108C1800FDF7B4FBE886A078E37843EA0020F7F78D
:108C280041FC11A3D3E90023F7F7A6FC0022134B5C
:108C3800F7F7EAFAF7F750FF28872079637943EACC
:108C48000020F7F72FFC08A3D3E90023F7F794FCDB
:108C580000220A4BF7F7D8FAF7F73EFF6887AFE725
:108C6800F8BD00BFAFF300809A9999999999B93FD7
:108C78005E280020582800205428002000806640E4
:108C880030B583B005460BE00133594A137007E04D
:108C9800082B1CD05A1E574988540133544A137064
:108CA80005F588541C342046FFF789FC002872D04B
:108CB8002046FFF7ACFC504B18704D4B1B78002B2F
:108CC800E6D1FF28E0D04A4B00221A70E8E7AA282C
:108CD80003D0474B00221A70E2E795F8203013B909
:108CE800012385F82030434C2078F7F7DBFB3EA3BF
:108CF800D3E90023F7F76AFDF7F736FF6860607875
:108D0800F7F7D0FB38A3D3E90023F7F75FFDF7F7B0
:108D18002BFFA860A078F7F7C5FB33A3D3E900239E
:108D2800F7F754FDF7F720FFE860E078F7F7BAFBAC
:108D38002DA3D3E90023F7F749FDF7F715FF2861BD
:108D480023791A0985F82120C3F3C00185F8231077
:108D5800C3F3400185F8241003F0010185F82510BC
:108D6800617901F0010185F84010A0795A38400076
:108D7800E88413F0040F05D02885C2F1180285F89D
:108D88002220A6E7B430FDF7F9FA288595F82130B6
:108D980085F822309DE705F58A541C342046FDF7F6
:108DA800E5FB42F20F73984201D803B030BDFF23B0
:108DB8008DF8043095F82A308DF8053095F8413053
:108DC8008DF80630AA238DF8073005F58055642301
:108DD80004220DEB0201D5F81C01FCF778F92046B6
:108DE800FDF784FBE1E700BF182D4454FB2119402F
:108DF800532800204C2800204928002000000000AB
:108E080030B585B005460BE00133CB4A137007E057
:108E1800052B1CD05A1EC94988540133C64A137001
:108E280005F589540C342046FFF7C9FB002844D0C7
:108E38002046FFF7ECFBC24B1870BF4B1B78002B8A
:108E4800E6D1FF28E0D0BC4B00221A70E8E7AA2838
:108E580003D0B94B00221A70E2E7B84C23781A09FC
:108E6800083A85F8432003F00F032B7563785A09F5
:108E780085F84420C3F3820285F84220C3F34002F8
:108E880085F83E2003F0010385F84130A078F7F714
:108E980009FBA7A3D3E90023F7F76EFBF7F764FEF6
:108EA800A861E078F7F7FEFAA1A3D3E90023F7F762
:108EB80063FBF7F759FEE861CBE72B7D1BB1032B6A
:108EC80001D0042B15D105F58B542046FDF74EFB38
:108ED8009C4B98420DD995F9433013F1020F0AD0F3
:108EE800DBB1012B62D0022B00F0A6802046FDF7F3
:108EF800FDFA05B030BD95F82E2095F9323043EAD9
:108F080042038DF8043005F580556423012201A938
:108F1800D5F82C01FCF7DBF8E8E7FF238DF80430DF
:108F2800D5ED007AB3EE047A67EE877AFCEEE77A3D
:108F380017EE903A8DF8053095F83F1095F83420E3
:108F480095F8200095F84C30024013405BB243EA94
:108F580041038DF80630B5F9362093B283F4004307
:108F68001B0A8DF807308DF80820B5F9462093B212
:108F780083F400431B0A8DF809308DF80A20B5F9EF
:108F8800482093B283F400431B0A8DF80B308DF808
:108F98000C20AA238DF80D3005F5805564230A228C
:108FA80001A9D5F82C01FCF792F89FE7FF238DF86B
:108FB8000430B5F92600F7F775FA0022624BF7F787
:108FC800DBFA0022614BF7F721F9F7F7ADFD8DF8D1
:108FD8000500B5F92800F7F765FA00225A4BF7F7AC
:108FE800CBFA0022594BF7F711F9F7F79DFD8DF8E9
:108FF800060095F821308DF8073095F8402095F84F
:1090080023309B0043EAC2035BB295F8242043EA6D
:1090180042035BB295F9252013438DF80830AA2343
:109028008DF8093005F580556423062201A9D5F885
:109038002C01FCF74CF859E795F84430012B37D050
:10904800022B00F08980032B7FF450AFFF238DF8AB
:109058000430B5F97C00F7F725FA00223A4BF7F708
:109068008BFA0022394BF7F7D1F8F7F75DFD8DF849
:109078000500B5F97E308DF80630B5F978307F33C4
:109088008DF80730B5F97A307F338DF8083095F8C8
:1090980082308DF80930AA238DF80A3005F58055FD
:1090A8006423072201A9D5F82C01FCF710F81DE765
:1090B800FF238DF80430B5F94E00F7F7F3F90022D5
:1090C800214BF7F759FA0022204BF7F79FF8F7F7EB
:1090D8002BFD8DF8050095F850308DF80630D5ED4C
:1090E800187ADFED1B6A67EEA67A9FED1A7A77EE9B
:1090F800877AFCEEE77A17EE903A8DF80730D5EDCF
:10910800197A67EEA67A77EE877AFCEEE77A17EE99
:10911800903A8DF80830AA238DF8093005F5805566
:109128006423062201A9D5F82C01FBF7D0FFDDE660
:109138007B14AE47E17A843F482800204428002069
:10914800402800209F8601000000E03F0080564034
:109158000000C8420000FE42FF238DF80430B5F934
:109168006800F7F79FF90022174BF7F705FA002276
:10917800164BF7F74BF8F7F7D7FC8DF8050095F87D
:109188006A308DF80630B5F96C00F7F78BF90022D4
:109198000D4BF7F7F1F900220C4BF7F737F8F7F713
:1091A800C3FC8DF8070095F86E308DF80830AA23B7
:1091B8008DF8093005F580556423062201A9D5F8F4
:1091C8002C01FBF784FF91E60000E03F0080564049
:1091D8002DE9F04F2DED048B83B005460BE00133EC
:1091E800144A137007E00C2B1DD05A1E12498854DC
:1091F8000133104A137005F589541C342046FFF7D3
:10920800DEF9002800F029822046FFF700FA0B4B10
:109218001870084B1B78002BE5D1FF28DFD0054BD1
:1092280000221A70E7E7AA280AD0024B00221A7017
:10923800E1E700BF3F280020342800203228002022
:1092480095F84C3013B9012385F84C30DE4F3A7845
:109258007B7843EA0223A3F50043B5F98800184454
:10926800FDF78CF8A5F84E00BB7885F85030FB78F0
:109278005A3BB5F9880000EB4300FDF77FF8A5F8E5
:1092880068003B7985F86A307B795A3BB5F98800E4
:1092980000EB4300FDF772F8A5F86C00BB7985F880
:1092A8006E30FB7903F0010285F88020C3F3400398
:1092B80085F881303E7A7F3E76007C7A7F3C640078
:1092C800BB7A85F8823095F8503008EE103AB8EE3F
:1092D800C88AB5F94E00FDF769F828EE008A85EDD1
:1092E800158A95F8503008EE103AB8EEC88AB5F9E4
:1092F8004E00FDF7A7F828EE008A85ED168A05F5D9
:109308008B5708373846FDF7F7F859EC108BAAA3A6
:10931800D3E9002340464946F7F7BEFB002800F092
:10932800B38095ED159ADFF8A4B2BBF9003007EECB
:10933800903AF8EEE77A79EE677A17EE900AF7F73F
:10934800C3F842464B46F7F741FA9DA3D3E90023F9
:10935800F7F712F9F7F708FC08EE100A2866D5EDBA
:10936800168ADFF86CA2BAF9003007EE903AF8EEE8
:10937800E77A78EEE77A17EE900AF7F7A5F842460B
:109388004B46F7F723FA8EA3D3E90023F7F7F4F84F
:10939800F7F7EAFB07EE900A6866BDEEC99A19EE80
:1093A800103AABF80030FDEEE88A18EE903AAAF8C9
:1093B8000030F6EE006A28EE267A85ED187A67EE18
:1093C800A67AC5ED197AB5EEC07AF1EE10FA40F337
:1093D800D580F0EE476AB0EE006AF4EEC66AF1EEA8
:1093E80010FA05DD87EE266A36EE066A85ED186AFC
:1093F800F5EEC07AF1EE10FA40F3C380B0EE677A6A
:10940800F0EE006AB4EEE67AF1EE10FA05DDC7EE8A
:10941800876A76EEA66AC5ED196A05F5BF59286E02
:10942800F7F752F841EC100B4846FCF784FE05F5B7
:10943800D85808F11808686EF7F746F841EC100B91
:109448004046FCF778FE4846FCF7A6FE51EC100BA8
:10945800F7F78AFB28664046FCF79EFE51EC100B96
:10946800F7F782FB07EE900A686695ED180A20EE7A
:10947800000A67EEA77A30EE270AFCF7FFFF85EDB2
:10948800170A3846FDF732F895F86A2012B995F8A8
:109498006E30FBB1B5F9681081EAE173A3EBE173B3
:1094A8009BB25A2B70D8B5F96C7087EAE770A0EBBD
:1094B800E77080B2592803D895F86E00002863D168
:1094C800A5F8741085F87620A5F8707095F86E30B8
:1094D80085F8723095F876305B4208EE103AB8EEAF
:1094E800C88AB5F97400FCF761FF28EE008A95F880
:1094F800723008EE903AF8EEE88AB5F97000FCF799
:1095080055FF68EE808A38EE688ABDEEC88A18EE84
:10951800103A1FB295F876305B4208EE103AB8EE72
:10952800C88AB5F97400FCF78DFF28EE008A95F813
:10953800723008EE903AF8EEE88AB5F97000FCF758
:1095480081FF68EE808A38EE688ABDEEC88A18EE18
:10955800103A1BB295F86A20002A3BD095F86E2085
:10956800C2B3374407EBD7777A10A5F8782023449D
:1095780003EBD3735B10A5F87A302FE0F1EE476A5E
:1095880029E7B1EE677A3BE7B5F96C7087EAE770CF
:10959800A0EBE77080B25A289CD8592B01D8002A32
:1095A80098D1A5F8747095F86E3085F87630A5F8DE
:1095B800701085F872208DE79A9999999999B93F11
:1095C8007B14AE47E17A843F3428002030280020FD
:1095D8002E280020A5F87860A5F87A40B5F97830EB
:1095E80000EE103AB5F97A3000EE903AF8EEE00A5B
:1095F800B8EEC00AFCF7D4FDA5F87C00B5F97830C0
:10960800B5F97A2002FB02F203FB032300EE103ABD
:10961800B8EEC00AFCF732FFBDEEC00A10EE103AF1
:10962800A5F87E30B5F93600F6F73CFF00220D4B61
:10963800F6F7A2FF00220C4BF6F7E8FDF7F774FAED
:109648008DF8070005F58050642301220DF107010C
:10965800D0F83C01FBF73BFDE7E503B0BDEC048B1C
:10966800BDE8F08F0000E03F0080564030B583B081
:1096780005460BE00133474A137007E0052B1CD061
:109688005A1E454988540133424A137005F58A54D5
:109698000C342046FEF793FF002838D02046FEF70A
:1096A800B6FF3E4B18703B4B1B78002BE6D1FF28CA
:1096B800E0D0384B00221A70E8E7AA2803D0354BCF
:1096C80000221A70E2E7344A13785A3B5B00A5F887
:1096D800883053785A3B5B00A5F88A30937885F830
:1096E8008C30D37803F0010285F88F20C3F3400251
:1096F80085F89420C3F3800285F89620C3F3C0024E
:1097080085F89520C3F3001385F89730D7E705F55A
:109718008B5404342046FCF729FFB0F5FA6F37D391
:10972800B5F93630002BB8BF5B429BB2282B03D962
:109738002B7D0BB985F88D3095F8932095F89130ED
:109748001B0143EA42135BB295F8922043EAC20335
:109758005BB295F8902043EA82035BB295F88E20BD
:1097680043EA42035BB295F98D201343DBB20C4AFE
:1097780013708DF8073005F58055642301220DF12B
:109788000701D5F84C01FBF7A2FC2046FCF7AEFE1A
:1097980003B030BD2C2800202828002025280020D0
:1097A8002428002002440346934200D1704703F85E
:1097B800011BF9E7014B1868704700BF140000202F
:1097C80070B50D4D0D4C641BA4100026A64209D19E
:1097D8000B4D0C4C01F0DCF9641BA4100026A642CA
:1097E80005D170BD55F8043B98470136EEE755F8AA
:1097F800043B98470136F2E700B2000800B20008BF
:1098080000B2000824B20008704770470B460146B2
:10981800184600F0BFB8000070B50F4E0C4631680E
:10982800054611B900F0A6F830602146284600F038
:10983800A1F8431C03D14FF0FF34204670BDC41C6F
:1098480024F00304A042F8D0211A284600F092F828
:109858000130F2D1EFE700BFA42900202DE9F84339
:10986800CD1C25F0030508350C2D38BF0C25002D1F
:10987800064601DBA94204D90C2333600020BDE869
:10988800F883DFF8D48000F069F8D8F800301C4677
:1098980044BB29463046FFF7BFFF431C044658D156
:1098A800D8F800402746002F43D1002C4BD023681E
:1098B8003946304604EB030900F05CF8814542D193
:1098C80021686D1A29463046FFF7A6FF01303AD0C5
:1098D80023682B442360D8F800305A6862BBC8F864
:1098E80000700FE02268521B20D40B2A17D9611987
:1098F800A342256018BF5960636808BFC8F8001004
:1099080062514B60304600F02FF804F10B00231D24
:1099180020F00700C21A1CBF1B1AA350AFE76268E9
:10992800A3420CBFC8F800205A60EBE723466468DE
:10993800AEE73C467F68B6E71A465B68A342FBD1B0
:1099480000235360DEE70C233360304600F00CF848
:1099580094E70560D6E700BFA82900200148FFF773
:1099680053BF00BFA02900200148FFF74EBF00BF2A
:10997800A029002038B5064D0023044608462B6070
:10998800FAF7A8FE431C02D12B6803B1236038BD47
:10999800AC29002010B504460448134620B10A46F5
:1099A80002202146AFF3008010BD00BF0000000078
:1099B80038B50546002941D051F8043C0C1F002B4E
:1099C800B8BFE418FFF7CAFF1D4A136833B96360CC
:1099D80014602846BDE83840FFF7C6BFA34208D93F
:1099E800206821188B4201BF19685B68091821603B
:1099F800EDE71A465B680BB1A342FAD91168501813
:109A0800A0420BD120680144501883421160E0D174
:109A180018685B68536008441060DAE702D90C23C1
:109A28002B60D6E7206821188B4204BF19685B6851
:109A3800636004BF091821605460CAE738BD00BFDD
:109A4800A829002038B52DED028B55EC104B00F0FD
:109A58002FF822462B4620462946B0EE408AF0EEE3
:109A6800608AF7F723F8A8B945EC104B00F024FA00
:109A78000C4B51EC100B0022F7F70EF850B1FFF722
:109A880099FEBDEC028B21230360BDE838400648EF
:109A980000F0F6BAB0EE480AF0EE680ABDEC028BA8
:109AA80038BD00BF0000F03F3CAD000800000000DA
:109AB8002DE9F04F55EC104BC74B87B025F0004609
:109AC8009E4201952DD906F1404606F5801626439B
:109AD80016D1A7A3D3E9002320462946F6F74CFD63
:109AE800A5A3D3E9002306460F4620462946F6F7E4
:109AF80043FD02460B4630463946F6F787FB09E038
:109B080022462B4620462946F6F77EFB02460B46A0
:109B1800F6F75CFE04460D4645EC104B07B0BDE871
:109B2800F08FAE4B9E4210D8B6F1795F80F0AD80D1
:109B380093A3D3E9002320462946F6F767FBA84BF1
:109B48000022F6F7A9FF0028E6D145EC104B00F0FB
:109B5800B3F9A34953EC102B0020F6F755FBA14BA2
:109B68000022F6F709FD88A3D3E9002304460D4631
:109B7800F6F702FD86A3D3E90023F6F747FB224652
:109B88002B46F6F7F9FC84A3D3E90023F6F73CFB50
:109B980022462B46F6F7F0FC81A3D3E90023F6F71B
:109BA80035FB22462B46F6F7E7FC7FA3D3E90023D3
:109BB800F6F72AFB22462B46F6F7DEFC7CA3D3E910
:109BC8000023F6F723FB22462B46F6F7D5FC7AA3AB
:109BD800D3E90023CDE9020120462946F6F7CCFC5B
:109BE80077A3D3E90023F6F70FFB22462B46F6F7B7
:109BF800C3FC75A3D3E90023F6F708FB22462B46DE
:109C0800F6F7BAFC72A3D3E90023F6F7FDFA224669
:109C18002B46F6F7B1FC724B0022F6F7F7FA45EC43
:109C2800104BCDE9040100F04FF96F4B9E425BECFD
:109C380010AB40F2DB80DDE90423DDE90201F6F731
:109C4800C5FD52465B46F6F797FC52465B46F6F76B
:109C5800DDFA02460B46F6F7D9FA47A3D3E9002303
:109C6800F6F7D2FA02460B4641A1D1E90001F6F710
:109C7800CBFA019B002BDCBF024601F100430446EE
:109C88000D46DCBF14461D4646E722462B462046B5
:109C98002946F6F771FC3CA3D3E9002306460F4694
:109CA800F6F76AFC3AA3D3E90023F6F7AFFA32468F
:109CB8003B46F6F761FC38A3D3E90023F6F7A4FA8C
:109CC80032463B46F6F758FC35A3D3E90023F6F7AE
:109CD8009DFA32463B46F6F74FFC33A3D3E90023FF
:109CE800F6F792FA32463B46F6F746FC30A3D3E93C
:109CF8000023F6F78BFA32463B46F6F73DFC2EA3D7
:109D0800D3E900238046894630463946F6F734FCC5
:109D18002BA3D3E90023F6F777FA32463B46F6F74A
:109D28002BFC29A3D3E90023F6F770FA32463B4609
:109D3800F6F722FC26A3D3E90023F6F765FA3246A4
:109D48003B46F6F719FC264B0022F6F75FFA024667
:109D58000B4640464946F6F739FD22462B46F6F7AC
:109D68000BFC02460B4620462946C6E6AFF30080A8
:109D7800182D4454FB21F93F075C143326A6913C67
:109D88009C7500883CE4377E09F7FD0DE13D023FF4
:109D980088B20175E0EF493F3B8F68B52882A43F40
:109DA8005544880E55C1C93F7D6FEB0312D6D43F89
:109DB800555555555555C53F82922EB1C5B8B33F37
:109DC80059018D1B6C06E63FC88A599CE52A00405C
:109DD8004B2D8A1C273A0340FFFFEF3FFFFFDF3F71
:109DE8000000F03F0000E03F3233EF3F52465B4651
:109DF80050465946F6F70AFADDE9042306460F46A7
:109E0800DDE90201F6F7E2FC02460B463046394628
:109E1800F6F7B2FB4FF0000806460F4642465B468F
:109E280040465946F6F7A8FB02460B462046294607
:109E3800F6F7EAF9424604460D465B46504659464F
:109E4800F6F7E4F902460B4620462946F6F7BEFC2B
:109E580002460B46F6F7DAF902460B4612A1D1E99B
:109E68000001F6F7D1F902460B4630463946F6F7B7
:109E7800CBF9424604460D465B4640465946F6F73E
:109E8800C5F902460B460AA1D1E90001F6F7BCF96B
:109E980002460B4620462946F6F7B6F902460B4617
:109EA80003A1D1E90001E2E6075C143326A6913C40
:109EB800182D4454FB21E93F51EC100B024621F0C8
:109EC800004343EC102B70472DE9F84F684A55ECD6
:109ED800104BAA432B46214610D12246204629463C
:109EE800F6F74AFB02460B4620462946F6F78EF956
:109EF80004460D4645EC104BBDE8F88F002D0EDCEE
:109F080025F000422243F5D09DB12246204629463D
:109F1800F6F77AF902460B46F6F758FCE8E72A15F1
:109F280015D1002009E0CB0A153A4905002BFAD0D3
:109F3800F7E72A46FAE75B000130DC02FBD5441E4E
:109F4800121BC0F1200421FA04F423438140C3F317
:109F58001303A2F2FF3543F48013D2075CBF5B0002
:109F680003EBD1734FEA430358BF4900002603EBC4
:109F7800D1736D104900162032464FF4001417199A
:109F88009F42DEBF3A19DB1B3619CF0F013807EBAA
:109F980043034FEA41014FEA5404F0D10446202715
:109FA8004FF0004C9A4200EB0C0E02DB13D18E45A9
:109FB80011D8BEF1000F0EEB0C0042DA002840DB8E
:109FC80002F101089B1A8E4588BF03F1FF33A1EB0C
:109FD8000E01644442464FEAD17E013F0EEB430333
:109FE8004FEA41014FEA5C0CDCD119431BD0DFF882
:109FF80084A0DFF884B0DAE90001DBE90023F6F792
:10A0080003F9DAE9008902460B4640464946F6F765
:10A018002FFD40B1B4F1FF3FDAE90001DBE900238D
:10A0280011D101363C4672106308F10702F17F52E4
:10A0380002F5001248BF43F0004302EB05511846F1
:10A0480056E79046BEE7F6F7E1F8DAE900890246F6
:10A058000B4640464946F6F701FD20B1A01C08BF53
:10A0680001360234DFE7631C23F00104DBE700BF9D
:10A078000000F07F70000020680000200000000051
:10A088009FED010B704700BF000000000000F87F43
:10A0980000F06ABC1EB400F09CF81EBCF7F7B2FCD6
:10A0A8000378472B17D143784E2B14D18378552B3F
:10A0B80011D1C378432B0ED10379432B0BD14379AC
:10A0C8002B2B08D183792B2B05D1C07901288CBF84
:10A0D8000020012070470020704700002DE9F3415F
:10A0E8001D460378472B0E460246C17913D14378A3
:10A0F8004E2B10D18378552B0DD1C378432B0AD121
:10A108000379462B07D143794F2B04D18379522BFE
:10A1180001D1002931D01046FFF7C2FF80F00104B9
:10A12800E4B200230020019053BB5CBB01290ABFA5
:10A1380052F8203CA2F12003783B012908BF52F8CD
:10A14800202C1C6818BF58320192236820469B684F
:10A158009847C8B1019B1B6801930227336801AA7D
:10A16800D3F81080214601233046C04770B1019BC7
:10A178002B60384602B0BDE8F08101230C46D1E7D8
:10A18800034CE2E7034CE0E70127E7E70746F0E77F
:10A1980060AD00088CAD000810B5044600F034F836
:10A1A80002462046A4F12001FFF77AFF60B154F877
:10A1B800043C0133012B44F8043C03D1936844F870
:10A1C800083C9160012010BD9368002BF9D000F085
:10A1D800A3FA10B500F018F8826801460AB900F031
:10A1E8009BFA02F120042046FFF75AFF40B1D369D9
:10A1F800013BD36113B9906988609361204610BD13
:10A208008860FBE77047000000487047B0290020CD
:10A21800024A03490348FFF7F9BA00BF00000020CB
:10A228000DA20008B029002030B500231A4610F806
:10A23800015B05F07F04944023432C0602F10702DA
:10A24800F5D40B6030BD30B500231A4610F8014B29
:10A2580004F07F0595402B43250602F10702F5D44B
:10A268001F2A06D8640642BF4FF0FF3404FA02F2F0
:10A2780013430B6030BD50282DE9F341064688464C
:10A2880015461F4608D1D01C20F0030050F8044B97
:10A298003C6002B0BDE8F08100F00F030C2B2ED813
:10A2A800DFE803F025071D25292D2D2D2D18212543
:10A2B800290001A92846FFF7B7FF019C002CE7D029
:10A2C80006F07003102B08BFA8464444330648BF65
:10A2D8002468DDE701A92846FFF7B5FFEDE7284622
:10A2E80030F8024BEAE7284630F9024BE6E7284601
:10A2F80050F8044BE2E7284650F8084BDEE700F038
:10A30800DDFB08B50346FF2B08460DD003F07003AC
:10A31800302B0FD004D8202B08D005D900F0CEFB65
:10A32800402B0BD0502BF9D1002008BDBDE80840C8
:10A3380000F0C1BBBDE8084000F0BABBBDE808406A
:10A34800F7F754BD70B50C460146204615461E4623
:10A35800FFF7D7FF334601462A462046BDE870403E
:10A36800FFF789BF73B50C461546064608B1F7F7DF
:10A378003DFD2246286012F8011BFF291CD02B1D29
:10A388003046FFF7DFFF0246104610F8013BFF2B6F
:10A3980014D010232B7501A9FFF746FF019B034436
:10A3A800EB6010F8013B6B7501A9FFF73DFF019BBE
:10A3B80003442B6102B070BD6860E5E72B7500238C
:10A3C800EEE71FB503AB009300230A461946F6F7DC
:10A3D80059FF039805B05DF804FB00002DE9F04F24
:10A3E80093B00023079300F00303012B05460C46A6
:10A3F800164610D0022B03D0002B3BD101073BD5CA
:10A4080031462046F7F7DCFC18B1092013B0BDE847
:10A41800F08F0820FAE7020723D5022305F0080584
:10A428001D430CAB009300230C22194630460C94B4
:10A43800F6F74EFF062D21D1D4F83080D4E90A79F9
:10A44800B8F1000F0CBF4FF0010A4FF0030A15F0E6
:10A45800080500F00381BAF1010F40F0FB8000F01D
:10A468005BF90F6A30460D21FFF7ABFF8742D4D165
:10A478000623D3E700F022FB0123CFE73046F7F7A6
:10A48800BBFC81460028BBD00CAA01463046FFF72A
:10A4980069FF9DF844B0039031465846FFF731FFF5
:10A4A8000F2102900E903046FFF78BFF039A20F0A1
:10A4B800010808F1FF38109F974215D80027B846C1
:10A4C8004FF0010AEB07C2D5BAF1020F98D00D215F
:10A4D8003046079DFFF775FFC4E90A79C4E9080506
:10A4E800C4F83080062091E79DF845A008AB514696
:10A4F8000020FFF727FF09AB024651460020FFF76F
:10A5080021FF0AAB024651460020FFF71BFF0BA9AB
:10A51800FFF78AFE0C9B08990B44434502464BD82B
:10A5280009990B444345C6D9DDF82880B8F1000FD6
:10A5380001D00D9B98440B9808B101383844B8F104
:10A54800000F3FF45DAF002800F0D68015F0080337
:10A55800049333D0472323704E2363705523A3708D
:10A568004323E370462323714F2363715223A3715E
:10A578000023E3710023039309A9FFF764FE0AA9E6
:10A588000590FFF760FE099F002F60D03ADDBBF110
:10A59800FF0F33D00BF00703042B3FF66BAF01A27C
:10A5A80052F823F009A600087DA40008D7A50008E2
:10A5B80009A6000801A600083A467CE7E379012BC2
:10A5C8000CBF54F8203C04F158030793D2E7022249
:10A5D8000F990BAB07FB121258460299FFF74BFE77
:10A5E8000B9931B13CB307AB00222046FFF776FD4B
:10A5F80008B34FF0030A65E70822E9E70022E7E716
:10A608000422E5E70F9B6FF04042D21B03EB820A5E
:10A61800C4B10499B1B9079B0B93AAF1040A5AF87B
:10A62800041F0029E5D00BAB002251442046FFF758
:10A6380055FD0028F3D00A98002859D0059B0344FB
:10A64800184699E753F82230002BF4D1D1E70123BB
:10A658000393F0E7002F1FDA00F070F8BAF1010F4A
:10A6680002D1204600F0A1F9002F15DA0CAA4946BC
:10A678003046FFF777FE9DF844003146FFF741FE6C
:10A688000F9BFA4303EB820353F8252052BB0422A5
:10A69800C4E90A50C4E90C2300230BAD1A46194635
:10A6A800009530460B94F6F713FE00231946012255
:10A6B800009530460B97F6F70BFE0F213046FFF753
:10A6C80080FE00F0010040EA080000230B9000958E
:10A6D8000F2219463046F6F7FBFDBAF1020F03D0F8
:10A6E800072093E60135CFE72046FFF755FDF7E74A
:10A6F800039B002B3FF484AE00274FF0020AE1E6EB
:10A7080008B5804700F0DAF9024B1868BFF35B8F91
:10A71800704700BF7C00002008B5FFF7F5FFFFF782
:10A72800EFFF08B58047FFF7F7FF0000024B1868F6
:10A73800BFF35B8F704700BF7800002008B5FFF7B4
:10A74800F5FFFFF7EEFF00F099B9000010B5034BD5
:10A758000360044600F0B4F8204610BDD0AD0008F0
:10A7680010B50446FFF7F2FF20460C2100F0FEF872
:10A77800204610BD2DE9F041DDF8188090450646C9
:10A788000F4615461C460BD0B0680368CDF81880F4
:10A798001E6A2A4623463946B446BDE8F04160475A
:10A7A800194600F057F80028EED00620BDE8F081E1
:10A7B8002DE9F14F0D461946DDE90A4BDDE90CA6F6
:10A7C80081461746984600F045F890B1002D346050
:10A7D800377109DB2C44A24514BF01240624B47147
:10A7E800002001B0BDE8F08F0235F9D10123B37123
:10A7F800F6E7544506D15946484600F02BF808B10B
:10A808007771EDE7D9F808000368CDE90CA6CDE922
:10A818000A4BDC693A4643462946A44601B0BDE8DE
:10A82800F04F60472DE9F04107460C4615461E4695
:10A8380000F079F848B9B86803689F692A46334632
:10A848002146BC46BDE8F0416047BDE8F08170474D
:10A8580000207047814208B50ED0406803782A2B43
:10A868000CD049680B782A2B08BF0131F7F7D0FACA
:10A87800B0FA80F0400908BD0120FCE70020FAE7A3
:10A888007FB500241023CDE90234036815469E697C
:10A8980012686B46CDE90044B0479DF8043003F0D8
:10A8A8000603062B03BF009B2B600120204604B043
:10A8B80070BD009890420CBF062001207047000030
:10A8C80010B5034B03600446FFF7C1FF204610BDD7
:10A8D80044AE000810B50446FFF7F2FF20460821F1
:10A8E80000F044F8204610BD2DE9F0411F46DDE98F
:10A8F8000834DDF8188098450646154607D10799AB
:10A90800FFF7A8FF18B165710020BDE8F08139464E
:10A918003046FFF79FFF0028F6D00123C4F80080D7
:10A928002571A371F0E738B515461C46FFF792FF6D
:10A9380020B10823E36006232560237138BD2DE983
:10A94800F04105460C4616461F46FFF783FF48B9F7
:10A95800032F07D823683246294620465B69BDE89D
:10A96800F0411847BDE8F08100F0B8B8FFF7FCBF28
:10A978000378472B17D143784E2B14D18378552B66
:10A9880011D1C378432B0ED10379432B0BD14379D3
:10A998002B2B08D183792B2B05D1C07901288CBFAB
:10A9A8000020012070470020704710B5044648B1C8
:10A9B80000F03BF82046FFF7DBFF18B154F8140C01
:10A9C800FFF79EFEFFF7A8FE38B50246FFF7D0FF57
:10A9D800044640B152F8184C0025104600F025F8FE
:10A9E8001DB1FFF7ABFE0125F7E72046FFF799FEFB
:10A9F8000378472B17D143784E2B14D18378552BE6
:10AA080011D1C378432B0ED10379432B0BD1437952
:10AA18002B2B08D183792B2B05D1C07901288CBF2A
:10AA28000020012070470020704738B50446FFF722
:10AA3800EBFB056802462046A4F12001FFF7D8FF8A
:10AA480028B90DB1FFF768FE1160284638BD54F8E3
:10AA58000C3C002BB4BFC3F10103013344F80C3C98
:10AA680053688D4203F1FF33536020461CBF44F8FE
:10AA7800105C1160656AF6F7FDFBE6E7012838BF50
:10AA8800012010B50446204600F020F800B110BDA2
:10AA980000F006F808B900F011F88047F3E7000065
:10AAA800024B1868BFF35B8F704700BFBC290020BA
:10AAB80008B500F003F808B5FFF7FAFF08B5062057
:10AAC80000F03CF80120F9F733FE0000024B014684
:10AAD8001868FEF7C3BE00BF14000020024B0146F1
:10AAE8001868FEF765BF00BF140000201F2938B59D
:10AAF80005460C4604D9162303604FF0FF3038BDD5
:10AB0800C26B12B152F821304BB9284600F030F828
:10AB1800224601462846BDE8384000F017B8012B08
:10AB28000AD0591C03D1162303600120E7E700214E
:10AB380042F82410204698470020E0E7024B0146DF
:10AB48001868FFF7D3BF00BF1400002038B5074DC1
:10AB580000230446084611462B60F9F7E1FD431C23
:10AB680002D12B6803B1236038BD00BFAC29002097
:10AB7800F9F7D4BD0A44914200F1FF3300D1704780
:10AB880010B511F8014B03F8014F9142F9D110BDEE
:10AB9800F8B500BFF8BC08BC9E467047F8B500BFC2
:08ABA800F8BC08BC9E46704792
:10ABB0000006101600061016000000000102030433
:10ABC000000000000000000001020304060708095D
:10ABD0000000000059F88E3CC6F20E3D3A5E563D2C
:10ABE0007BDC8E3DB67EB23D0513D63DA296F93D87
:10ABF00065830E3E5B30203ED4D0313E6F63433ED2
:10AC0000CDE6543E9259663E60BA773EEE83843E6E
:10AC100057208D3EBEB1953E7A379E3EDFB0A63EB0
:10AC2000441DAF3E017CB73E6FCCBF3EE90DC83E30
:10AC3000C93FD03E6C61D83E2F72E03E7171E83E54
:10AC4000945EF03EF738F83E0000003F89D9033F9C
:10AC5000CAA8073F776D0B3F44270F3FE8D5123F47
:10AC60001879163F8D101A3FFE9B1D3F241B213F74
:10AC7000BB8D243F7CF3273F254C2B3F72972E3F03
:10AC800022D5313FF304353FA726383FFF393B3FFC
:10AC9000BD3E3E3FA634413F7D1B443F0AF3463F45
:10ACA00013BB493F60734C3FBD1B4F3FF3B3513F54
:10ACB000CE3B543F1DB3563FAE19593F516F5B3FDA
:10ACC000D7B35D3F14E75F3FDA08623F0119643F85
:10ACD0005E17663FCA03683F1DDE693F35A66B3FBE
:10ACE000EC5B6D3F20FF6E3FB28F703F810D723F76
:10ACF0007178733F63D0743F3F15763FEA46773FE4
:10AD00004D65783F5170793FE2677A3FEB4B7B3F6F
:10AD10005C1C7C3F25D97C3F35827D3F81177E3F7F
:10AD2000FD987E3F9E067F3F5C607F3F2FA67F3F62
:10AD300014D87F3F05F67F3F0000803F004E313042
:10AD40005F5F637878616269763131355F5F666F26
:10AD5000726365645F756E77696E6445000000001C
:10AD600044AE00083DAD00084E31305F5F63787837
:10AD7000616269763131395F5F666F726569676EEE
:10AD80005F657863657074696F6E450044AE000856
:10AD900068AD00084E31305F5F6378786162697634
:10ADA0003132305F5F73695F636C6173735F7479B5
:10ADB00070655F696E666F4500000000D0AD0008E9
:10ADC00094AD000830AE000800000000BCAD0008E3
:10ADD00055A7000869A7000859A8000859A8000845
:10ADE00047A9000889A800082DA80008B9A70008ED
:10ADF0007DA70008537439747970655F696E666F5A
:10AE00000000000044AE0008F4AD00084E31305F91
:10AE10005F637878616269763131375F5F636C6157
:10AE200073735F747970655F696E666F45000000CB
:10AE3000D0AD00080CAE000804AE00080000000011
:10AE400030AE0008C9A80008DDA8000859A800080D
:10AE500059A8000847A9000889A800082FA90008D8
:08AE6000F1A80008BBA80008DE
:10AE680080C90181B0A908B10000000008B10181C2
:10AE7800B0B000840000000008B10181B0B00084C7
:10AE88000000000008B10181B0B00084000000009B
:10AE980080C90181008408B10000000080C90181D7
:10AEA800008408B10000000080C90181B0B0FD84B1
:10AEB8000000000080C90181B0A908B100000000AD
:10AEC80008B10181B0B000840000000080C9018190
:10AED800B0A908B10000000081C90181B0A908B17A
:10AEE80000000000C9080181B0B0AF820000000076
:10AEF800EDF4FF7FB0AB0800FFFF012822E202005B
:10AF080000A40304D00500C80304CE0500EC030424
:10AF1800CC05008E0404CA0500B0044E800500C6A6
:10AF280005040000C9020181B0B0AF810000000033
:10AF380008B10181B0B000840000000008B10181AF
:08AF4800B0B00084000000001D
:10AF5000F05CFF7F010000004460FF7FB0A9028029
:10AF6000D060FF7FB0B0A8802061FF7F01000000AB
:10AF70002C61FF7FB0B0AA806061FF7FAE71B280AC
:10AF80002C62FF7F010000002862FF7FAB3F38800A
:10AF90008862FF7F010000009062FF7FB0B0AA804E
:10AFA000CC62FF7F010000007863FF7FAA0DB280B2
:10AFB000F463FF7FB0AF08808466FF7F010000006C
:10AFC0008866FF7FAD3F02802869FF7F0100000097
:10AFD000046BFF7F00840480186BFF7F010000007A
:10AFE000146BFF7FB0AD0480E06DFF7FB0A80380DD
:10AFF000046EFF7F44FFFF7F086EFF7F48FFFF7FE7
:10B00000146EFF7F0100000060A8FF7F5CFEFF7FE1
:10B0100014A9FF7F0100000038A9FF7FAA81C98021
:10B0200048ADFF7F0100000074AEFF7F48FEFF7F48
:10B03000FCAEFF7F4CFEFF7F04AFFF7F50FEFF7F23
:10B040000CAFFF7F0100000014AFFF7FB0B0A880FD
:10B05000C8B0FF7F01000000A8B4FF7FA908B1803D
:10B06000D0B4FF7F34FEFF7F0CB5FF7F38FEFF7F3B
:10B0700048B5FF7FB0B0A88054B5FF7F0100000045
:10B08000ACB5FF7F2CFEFF7F58B9FF7F01000000A9
:10B090006CB9FF7F28FEFF7FD0B9FF7FAA81C980EE
:10B0A000DCBBFF7F0100000010BCFF7FB0B0A880B8
:10B0B00090BDFF7F0100000098BDFF7FAA80C9807E
:10B0C00074BFFF7F010000008CBFFF7FB0B0A8807D
:10B0D00000C0FF7F0100000006C0FF7FECFDFF7F86
:10B0E00010C0FF7FA908B1806CC0FF7F0100000085
:10B0F00098C0FF7FB0B0A880F4C0FF7F01000000BF
:10B10000FCC0FF7FD0FDFF7F64C2FF7FB0A801803D
:10B1100000C4FF7F010000002CC4FF7FB0B0A880F6
:10B1200068C5FF7F0100000070C5FF7FB4FDFF7F91
:10B1300000C7FF7F0100000018C7FF7FB0B0A880E4
:10B1400030C8FF7F0100000036C8FF7FB0B0A88084
:10B1500048C8FF7FB0B0AC803CC9FF7FB0B0A880CA
:10B1600048C9FF7FB0B0AE8028CAFF7FA908B18070
:10B170004ACAFF7FB0B0A88060CAFF7F010000000C
:10B1800094CAFF7FB0B0A88090CBFF7FAB08B1809E
:10B19000A8CCFF7F0100000048CEFF7F50FDFF7F5D
:10B1A000F8D2FF7FA908B18050D3FF7F01000000D3
:10B1B000B0D3FF7FB0B0A8805ED4FF7F0100000055
:10B1C00088D4FF7F34FDFF7F88D7FF7FB0B0AA808F
:10B1D000A8D8FF7FAB08B180B0DAFF7FB0A90280AA
:10B1E00028DCFF7FB0A90480F0DFFF7F40FDFF7FF8
:10B1F00084E4FF7FB0A90280B4E5FF7F0100000076
:10B20000ED010008695D00084D5F0008416E00080F
:10B21000D1700008ED710008897600087179000886
:04B2200019A2000867
:04B22400C901000854
:10B228000000000001000000100000000024F400ED
:10B238009A99194118000020000000006828002091
:10B24800D02800203829002000000000000000005D
:10B2580000000000000000000000000000000000E6
:10B2680000000000000000000000000000000000D6
:10B2780000000000000000000000000000000000C6
:10B28800000000000000000059F3F8C21F6EA5017D
:10B29800000000000000F03F21A70008C5AA000830
:040000050800581186
:00000001FF
