ARM GAS  /var/folders/5c/srt4fy4j1pd641bjfx75k5000000gn/T//ccJC9EFJ.s 			page 1


   1              		.cpu cortex-m4
   2              		.arch armv7e-m
   3              		.fpu fpv4-sp-d16
   4              		.eabi_attribute 27, 1
   5              		.eabi_attribute 28, 1
   6              		.eabi_attribute 20, 1
   7              		.eabi_attribute 21, 1
   8              		.eabi_attribute 23, 3
   9              		.eabi_attribute 24, 1
  10              		.eabi_attribute 25, 1
  11              		.eabi_attribute 26, 1
  12              		.eabi_attribute 30, 1
  13              		.eabi_attribute 34, 1
  14              		.eabi_attribute 18, 4
  15              		.file	"motor_drive.cpp"
  16              		.text
  17              	.Ltext0:
  18              		.cfi_sections	.debug_frame
  19              		.file 1 "src/unit/motor_drive/motor_drive.cpp"
  20              		.section	.text._ZN12PwmSingleOut4initEv,"axG",%progbits,_ZN12PwmSingleOut4initEv,comdat
  21              		.align	1
  22              		.weak	_ZN12PwmSingleOut4initEv
  23              		.syntax unified
  24              		.thumb
  25              		.thumb_func
  27              	_ZN12PwmSingleOut4initEv:
  28              		.fnstart
  29              	.LVL0:
  30              	.LFB245:
  31              		.file 2 "Lib/PWMSingle/PWMSingle.hpp"
   1:Lib/PWMSingle/PWMSingle.hpp **** #ifndef __PWMSINGLE__
   2:Lib/PWMSingle/PWMSingle.hpp **** #define __PWMSINGLE__
   3:Lib/PWMSingle/PWMSingle.hpp **** 
   4:Lib/PWMSingle/PWMSingle.hpp **** #include "MyMath.hpp"
   5:Lib/PWMSingle/PWMSingle.hpp **** #include "tim.h"
   6:Lib/PWMSingle/PWMSingle.hpp **** 
   7:Lib/PWMSingle/PWMSingle.hpp **** #ifdef __cplusplus
   8:Lib/PWMSingle/PWMSingle.hpp **** extern "C" {
   9:Lib/PWMSingle/PWMSingle.hpp **** 
  10:Lib/PWMSingle/PWMSingle.hpp **** class PwmSingleOut {
  11:Lib/PWMSingle/PWMSingle.hpp ****      public:
  12:Lib/PWMSingle/PWMSingle.hpp ****       PwmSingleOut(TIM_HandleTypeDef *htim, uint32_t channel)
  13:Lib/PWMSingle/PWMSingle.hpp ****           : _htim(htim), _channel(channel), _maxValue(_htim->Init.Period) {
  14:Lib/PWMSingle/PWMSingle.hpp ****       }
  15:Lib/PWMSingle/PWMSingle.hpp **** 
  16:Lib/PWMSingle/PWMSingle.hpp ****       void init() {
  32              		.loc 2 16 12 view -0
  33              		.cfi_startproc
  34              		@ args = 0, pretend = 0, frame = 0
  35              		@ frame_needed = 0, uses_anonymous_args = 0
  36              		.loc 2 16 12 is_stmt 0 view .LVU1
  37 0000 10B5     		push	{r4, lr}
  38              		.save {r4, lr}
  39              	.LCFI0:
  40              		.cfi_def_cfa_offset 8
  41              		.cfi_offset 4, -8
  42              		.cfi_offset 14, -4
ARM GAS  /var/folders/5c/srt4fy4j1pd641bjfx75k5000000gn/T//ccJC9EFJ.s 			page 2


  43 0002 0446     		mov	r4, r0
  17:Lib/PWMSingle/PWMSingle.hpp ****             HAL_TIM_PWM_Start(_htim, _channel);
  44              		.loc 2 17 13 is_stmt 1 view .LVU2
  45              		.loc 2 17 30 is_stmt 0 view .LVU3
  46 0004 4168     		ldr	r1, [r0, #4]
  47 0006 0068     		ldr	r0, [r0]
  48              	.LVL1:
  49              		.loc 2 17 30 view .LVU4
  50 0008 FFF7FEFF 		bl	HAL_TIM_PWM_Start
  51              	.LVL2:
  18:Lib/PWMSingle/PWMSingle.hpp ****             _maxValue = _htim->Init.Period;
  52              		.loc 2 18 13 is_stmt 1 view .LVU5
  53              		.loc 2 18 25 is_stmt 0 view .LVU6
  54 000c 2368     		ldr	r3, [r4]
  55              		.loc 2 18 37 view .LVU7
  56 000e DB68     		ldr	r3, [r3, #12]
  57              		.loc 2 18 23 view .LVU8
  58 0010 A360     		str	r3, [r4, #8]
  19:Lib/PWMSingle/PWMSingle.hpp ****       }
  59              		.loc 2 19 7 view .LVU9
  60 0012 10BD     		pop	{r4, pc}
  61              		.loc 2 19 7 view .LVU10
  62              		.cfi_endproc
  63              	.LFE245:
  64              		.fnend
  66              		.global	__aeabi_f2d
  67              		.global	__aeabi_ui2d
  68              		.global	__aeabi_dmul
  69              		.global	__aeabi_d2iz
  70              		.section	.text._ZN12PwmSingleOut5writeEf,"axG",%progbits,_ZN12PwmSingleOut5writeEf,comdat
  71              		.align	1
  72              		.weak	_ZN12PwmSingleOut5writeEf
  73              		.syntax unified
  74              		.thumb
  75              		.thumb_func
  77              	_ZN12PwmSingleOut5writeEf:
  78              		.fnstart
  79              	.LVL3:
  80              	.LFB246:
  20:Lib/PWMSingle/PWMSingle.hpp **** 
  21:Lib/PWMSingle/PWMSingle.hpp ****       void write(float duty) {
  81              		.loc 2 21 12 is_stmt 1 view -0
  82              		.cfi_startproc
  83              		@ args = 0, pretend = 0, frame = 0
  84              		@ frame_needed = 0, uses_anonymous_args = 0
  85              		.loc 2 21 12 is_stmt 0 view .LVU12
  86 0000 D0B5     		push	{r4, r6, r7, lr}
  87              	.LCFI1:
  88              		.cfi_def_cfa_offset 16
  89              		.cfi_offset 4, -16
  90              		.cfi_offset 6, -12
  91              		.cfi_offset 7, -8
  92              		.cfi_offset 14, -4
  93 0002 0446     		mov	r4, r0
  22:Lib/PWMSingle/PWMSingle.hpp ****             duty = (int)(Constrain(duty, 0.0, 1.0) * _maxValue);
  94              		.loc 2 22 13 is_stmt 1 view .LVU13
  95              		.loc 2 22 26 is_stmt 0 view .LVU14
ARM GAS  /var/folders/5c/srt4fy4j1pd641bjfx75k5000000gn/T//ccJC9EFJ.s 			page 3


  96 0004 B5EEC00A 		vcmpe.f32	s0, #0
  97 0008 F1EE10FA 		vmrs	APSR_nzcv, FPSCR
  98 000c 10D4     		bmi	.L9
  99              		.loc 2 22 26 discriminator 2 view .LVU15
 100 000e F7EE007A 		vmov.f32	s15, #1.0e+0
 101 0012 B4EEE70A 		vcmpe.f32	s0, s15
 102 0016 F1EE10FA 		vmrs	APSR_nzcv, FPSCR
 103 001a 02DD     		ble	.L12
 104              		.loc 2 22 26 view .LVU16
 105 001c 0026     		movs	r6, #0
 106 001e 1D4F     		ldr	r7, .L15
 107 0020 08E0     		b	.L4
 108              	.L12:
 109              		.loc 2 22 26 discriminator 5 view .LVU17
 110 0022 10EE100A 		vmov	r0, s0
 111              	.LVL4:
 112              		.loc 2 22 26 discriminator 5 view .LVU18
 113 0026 FFF7FEFF 		bl	__aeabi_f2d
 114              	.LVL5:
 115              		.loc 2 22 26 discriminator 5 view .LVU19
 116 002a 0646     		mov	r6, r0
 117 002c 0F46     		mov	r7, r1
 118 002e 01E0     		b	.L4
 119              	.LVL6:
 120              	.L9:
 121              		.loc 2 22 26 view .LVU20
 122 0030 0026     		movs	r6, #0
 123 0032 0027     		movs	r7, #0
 124              	.LVL7:
 125              	.L4:
 126              		.loc 2 22 52 discriminator 8 view .LVU21
 127 0034 A068     		ldr	r0, [r4, #8]
 128 0036 FFF7FEFF 		bl	__aeabi_ui2d
 129              	.LVL8:
 130 003a 3246     		mov	r2, r6
 131 003c 3B46     		mov	r3, r7
 132 003e FFF7FEFF 		bl	__aeabi_dmul
 133              	.LVL9:
 134              		.loc 2 22 20 discriminator 8 view .LVU22
 135 0042 FFF7FEFF 		bl	__aeabi_d2iz
 136              	.LVL10:
 137 0046 07EE900A 		vmov	s15, r0	@ int
 138              		.loc 2 22 18 discriminator 8 view .LVU23
 139 004a F8EEE77A 		vcvt.f32.s32	s15, s15
 140              	.LVL11:
  23:Lib/PWMSingle/PWMSingle.hpp ****             __HAL_TIM_SET_COMPARE(_htim, _channel, duty);
 141              		.loc 2 23 13 is_stmt 1 discriminator 8 view .LVU24
 142 004e 6368     		ldr	r3, [r4, #4]
 143 0050 33B9     		cbnz	r3, .L5
 144              		.loc 2 23 13 is_stmt 0 discriminator 1 view .LVU25
 145 0052 2368     		ldr	r3, [r4]
 146 0054 1B68     		ldr	r3, [r3]
 147 0056 FCEEE77A 		vcvt.u32.f32	s15, s15
 148              	.LVL12:
 149              		.loc 2 23 13 discriminator 1 view .LVU26
 150 005a C3ED0D7A 		vstr.32	s15, [r3, #52]	@ int
 151              	.L3:
ARM GAS  /var/folders/5c/srt4fy4j1pd641bjfx75k5000000gn/T//ccJC9EFJ.s 			page 4


  24:Lib/PWMSingle/PWMSingle.hpp ****       }
 152              		.loc 2 24 7 view .LVU27
 153 005e D0BD     		pop	{r4, r6, r7, pc}
 154              	.LVL13:
 155              	.L5:
  23:Lib/PWMSingle/PWMSingle.hpp ****             __HAL_TIM_SET_COMPARE(_htim, _channel, duty);
 156              		.loc 2 23 13 discriminator 2 view .LVU28
 157 0060 042B     		cmp	r3, #4
 158 0062 08D0     		beq	.L13
  23:Lib/PWMSingle/PWMSingle.hpp ****             __HAL_TIM_SET_COMPARE(_htim, _channel, duty);
 159              		.loc 2 23 13 discriminator 4 view .LVU29
 160 0064 082B     		cmp	r3, #8
 161 0066 0DD0     		beq	.L14
  23:Lib/PWMSingle/PWMSingle.hpp ****             __HAL_TIM_SET_COMPARE(_htim, _channel, duty);
 162              		.loc 2 23 13 discriminator 6 view .LVU30
 163 0068 2368     		ldr	r3, [r4]
 164 006a 1B68     		ldr	r3, [r3]
 165 006c FCEEE77A 		vcvt.u32.f32	s15, s15
 166              	.LVL14:
  23:Lib/PWMSingle/PWMSingle.hpp ****             __HAL_TIM_SET_COMPARE(_htim, _channel, duty);
 167              		.loc 2 23 13 discriminator 6 view .LVU31
 168 0070 C3ED107A 		vstr.32	s15, [r3, #64]	@ int
 169              		.loc 2 24 7 discriminator 6 view .LVU32
 170 0074 F3E7     		b	.L3
 171              	.LVL15:
 172              	.L13:
  23:Lib/PWMSingle/PWMSingle.hpp ****             __HAL_TIM_SET_COMPARE(_htim, _channel, duty);
 173              		.loc 2 23 13 discriminator 3 view .LVU33
 174 0076 2368     		ldr	r3, [r4]
 175 0078 1B68     		ldr	r3, [r3]
 176 007a FCEEE77A 		vcvt.u32.f32	s15, s15
 177              	.LVL16:
  23:Lib/PWMSingle/PWMSingle.hpp ****             __HAL_TIM_SET_COMPARE(_htim, _channel, duty);
 178              		.loc 2 23 13 discriminator 3 view .LVU34
 179 007e C3ED0E7A 		vstr.32	s15, [r3, #56]	@ int
 180 0082 ECE7     		b	.L3
 181              	.LVL17:
 182              	.L14:
  23:Lib/PWMSingle/PWMSingle.hpp ****             __HAL_TIM_SET_COMPARE(_htim, _channel, duty);
 183              		.loc 2 23 13 discriminator 5 view .LVU35
 184 0084 2368     		ldr	r3, [r4]
 185 0086 1B68     		ldr	r3, [r3]
 186 0088 FCEEE77A 		vcvt.u32.f32	s15, s15
 187              	.LVL18:
  23:Lib/PWMSingle/PWMSingle.hpp ****             __HAL_TIM_SET_COMPARE(_htim, _channel, duty);
 188              		.loc 2 23 13 discriminator 5 view .LVU36
 189 008c C3ED0F7A 		vstr.32	s15, [r3, #60]	@ int
 190 0090 E5E7     		b	.L3
 191              	.L16:
 192 0092 00BF     		.align	2
 193              	.L15:
 194 0094 0000F03F 		.word	1072693248
 195              		.cfi_endproc
 196              	.LFE246:
 197              		.cantunwind
 198              		.fnend
 200              		.section	.text._ZN12PwmSingleOut5soundEtt,"axG",%progbits,_ZN12PwmSingleOut5soundEtt,comdat
ARM GAS  /var/folders/5c/srt4fy4j1pd641bjfx75k5000000gn/T//ccJC9EFJ.s 			page 5


 201              		.align	1
 202              		.weak	_ZN12PwmSingleOut5soundEtt
 203              		.syntax unified
 204              		.thumb
 205              		.thumb_func
 207              	_ZN12PwmSingleOut5soundEtt:
 208              		.fnstart
 209              	.LVL19:
 210              	.LFB248:
  25:Lib/PWMSingle/PWMSingle.hpp **** 
  26:Lib/PWMSingle/PWMSingle.hpp ****       void operator=(float duty) {
  27:Lib/PWMSingle/PWMSingle.hpp ****             write(duty);
  28:Lib/PWMSingle/PWMSingle.hpp ****       }
  29:Lib/PWMSingle/PWMSingle.hpp **** 
  30:Lib/PWMSingle/PWMSingle.hpp ****       void sound(uint16_t period, uint16_t time) {
 211              		.loc 2 30 12 is_stmt 1 view -0
 212              		.cfi_startproc
 213              		@ args = 0, pretend = 0, frame = 0
 214              		@ frame_needed = 0, uses_anonymous_args = 0
 215              		.loc 2 30 12 is_stmt 0 view .LVU38
 216 0000 2DE9F041 		push	{r4, r5, r6, r7, r8, lr}
 217              		.save {r4, r5, r6, r7, r8, lr}
 218              	.LCFI2:
 219              		.cfi_def_cfa_offset 24
 220              		.cfi_offset 4, -24
 221              		.cfi_offset 5, -20
 222              		.cfi_offset 6, -16
 223              		.cfi_offset 7, -12
 224              		.cfi_offset 8, -8
 225              		.cfi_offset 14, -4
 226 0004 0446     		mov	r4, r0
 227 0006 1546     		mov	r5, r2
  31:Lib/PWMSingle/PWMSingle.hpp ****             // 周波数変更
  32:Lib/PWMSingle/PWMSingle.hpp ****             int default_prescaler = _htim->Init.Prescaler;
 228              		.loc 2 32 13 is_stmt 1 view .LVU39
 229              		.loc 2 32 37 is_stmt 0 view .LVU40
 230 0008 0368     		ldr	r3, [r0]
 231              		.loc 2 32 49 view .LVU41
 232 000a 5F68     		ldr	r7, [r3, #4]
 233              	.LVL20:
  33:Lib/PWMSingle/PWMSingle.hpp ****             int default_period = _htim->Init.Period;
 234              		.loc 2 33 13 is_stmt 1 view .LVU42
 235              		.loc 2 33 46 is_stmt 0 view .LVU43
 236 000c DE68     		ldr	r6, [r3, #12]
 237              	.LVL21:
  34:Lib/PWMSingle/PWMSingle.hpp ****             _htim->Init.Prescaler = 9;
 238              		.loc 2 34 13 is_stmt 1 view .LVU44
 239              		.loc 2 34 35 is_stmt 0 view .LVU45
 240 000e 0922     		movs	r2, #9
 241              	.LVL22:
 242              		.loc 2 34 35 view .LVU46
 243 0010 5A60     		str	r2, [r3, #4]
  35:Lib/PWMSingle/PWMSingle.hpp ****             _htim->Init.Period = (SystemCoreClock / (period * (_htim->Init.Prescaler + 1))) - 1;
 244              		.loc 2 35 13 is_stmt 1 view .LVU47
 245              		.loc 2 35 64 is_stmt 0 view .LVU48
 246 0012 0268     		ldr	r2, [r0]
 247              		.loc 2 35 76 view .LVU49
ARM GAS  /var/folders/5c/srt4fy4j1pd641bjfx75k5000000gn/T//ccJC9EFJ.s 			page 6


 248 0014 5368     		ldr	r3, [r2, #4]
 249              		.loc 2 35 61 view .LVU50
 250 0016 03FB0111 		mla	r1, r3, r1, r1
 251              	.LVL23:
 252              		.loc 2 35 51 view .LVU51
 253 001a 374B     		ldr	r3, .L35+8
 254 001c 1B68     		ldr	r3, [r3]
 255 001e B3FBF1F3 		udiv	r3, r3, r1
 256              		.loc 2 35 93 view .LVU52
 257 0022 013B     		subs	r3, r3, #1
 258              		.loc 2 35 32 view .LVU53
 259 0024 D360     		str	r3, [r2, #12]
  36:Lib/PWMSingle/PWMSingle.hpp ****             if (HAL_TIM_Base_Init(_htim) != HAL_OK) {
 260              		.loc 2 36 13 is_stmt 1 view .LVU54
 261              		.loc 2 36 34 is_stmt 0 view .LVU55
 262 0026 0068     		ldr	r0, [r0]
 263              	.LVL24:
 264              		.loc 2 36 34 view .LVU56
 265 0028 FFF7FEFF 		bl	HAL_TIM_Base_Init
 266              	.LVL25:
 267              		.loc 2 36 13 view .LVU57
 268 002c 58BB     		cbnz	r0, .L29
 269              	.L18:
  37:Lib/PWMSingle/PWMSingle.hpp ****                   Error_Handler();
  38:Lib/PWMSingle/PWMSingle.hpp ****             }
  39:Lib/PWMSingle/PWMSingle.hpp **** 
  40:Lib/PWMSingle/PWMSingle.hpp ****             float duty = (int)(0.1 * _htim->Init.Period);  // duty比を0.5にする
 270              		.loc 2 40 13 is_stmt 1 view .LVU58
 271              		.loc 2 40 38 is_stmt 0 view .LVU59
 272 002e D4F80080 		ldr	r8, [r4]
 273              		.loc 2 40 36 view .LVU60
 274 0032 D8F80C00 		ldr	r0, [r8, #12]
 275 0036 FFF7FEFF 		bl	__aeabi_ui2d
 276              	.LVL26:
 277 003a 2DA3     		adr	r3, .L35
 278 003c D3E90023 		ldrd	r2, [r3]
 279 0040 FFF7FEFF 		bl	__aeabi_dmul
 280              	.LVL27:
 281              		.loc 2 40 26 view .LVU61
 282 0044 FFF7FEFF 		bl	__aeabi_d2iz
 283              	.LVL28:
 284 0048 07EE900A 		vmov	s15, r0	@ int
 285              		.loc 2 40 19 view .LVU62
 286 004c F8EEE77A 		vcvt.f32.s32	s15, s15
 287              	.LVL29:
  41:Lib/PWMSingle/PWMSingle.hpp **** 
  42:Lib/PWMSingle/PWMSingle.hpp ****             // 出力
  43:Lib/PWMSingle/PWMSingle.hpp ****             __HAL_TIM_SET_COMPARE(_htim, _channel, duty);
 288              		.loc 2 43 13 is_stmt 1 view .LVU63
 289 0050 6368     		ldr	r3, [r4, #4]
 290 0052 DBB9     		cbnz	r3, .L19
 291              		.loc 2 43 13 is_stmt 0 discriminator 1 view .LVU64
 292 0054 D8F80030 		ldr	r3, [r8]
 293 0058 FCEEE77A 		vcvt.u32.f32	s15, s15
 294              	.LVL30:
 295              		.loc 2 43 13 discriminator 1 view .LVU65
 296 005c C3ED0D7A 		vstr.32	s15, [r3, #52]	@ int
ARM GAS  /var/folders/5c/srt4fy4j1pd641bjfx75k5000000gn/T//ccJC9EFJ.s 			page 7


 297              	.L20:
  44:Lib/PWMSingle/PWMSingle.hpp ****             HAL_Delay(time);
 298              		.loc 2 44 13 is_stmt 1 view .LVU66
 299              		.loc 2 44 22 is_stmt 0 view .LVU67
 300 0060 2846     		mov	r0, r5
 301              	.LVL31:
 302              		.loc 2 44 22 view .LVU68
 303 0062 FFF7FEFF 		bl	HAL_Delay
 304              	.LVL32:
  45:Lib/PWMSingle/PWMSingle.hpp ****             __HAL_TIM_SET_COMPARE(_htim, _channel, 0);
 305              		.loc 2 45 13 is_stmt 1 view .LVU69
 306 0066 6368     		ldr	r3, [r4, #4]
 307 0068 4BBB     		cbnz	r3, .L23
 308              		.loc 2 45 13 is_stmt 0 discriminator 1 view .LVU70
 309 006a 2368     		ldr	r3, [r4]
 310 006c 1B68     		ldr	r3, [r3]
 311 006e 0022     		movs	r2, #0
 312 0070 5A63     		str	r2, [r3, #52]
 313              	.L24:
  46:Lib/PWMSingle/PWMSingle.hpp ****             _htim->Init.Prescaler = default_prescaler;
 314              		.loc 2 46 13 is_stmt 1 view .LVU71
 315 0072 2368     		ldr	r3, [r4]
 316              		.loc 2 46 35 is_stmt 0 view .LVU72
 317 0074 5F60     		str	r7, [r3, #4]
  47:Lib/PWMSingle/PWMSingle.hpp ****             _htim->Init.Period = default_period;
 318              		.loc 2 47 13 is_stmt 1 view .LVU73
 319 0076 2368     		ldr	r3, [r4]
 320              		.loc 2 47 32 is_stmt 0 view .LVU74
 321 0078 DE60     		str	r6, [r3, #12]
  48:Lib/PWMSingle/PWMSingle.hpp ****             if (HAL_TIM_Base_Init(_htim) != HAL_OK) {
 322              		.loc 2 48 13 is_stmt 1 view .LVU75
 323              		.loc 2 48 34 is_stmt 0 view .LVU76
 324 007a 2068     		ldr	r0, [r4]
 325 007c FFF7FEFF 		bl	HAL_TIM_Base_Init
 326              	.LVL33:
 327              		.loc 2 48 13 view .LVU77
 328 0080 80BB     		cbnz	r0, .L30
 329              	.L17:
  49:Lib/PWMSingle/PWMSingle.hpp ****                   Error_Handler();
  50:Lib/PWMSingle/PWMSingle.hpp ****             }
  51:Lib/PWMSingle/PWMSingle.hpp ****       }
 330              		.loc 2 51 7 view .LVU78
 331 0082 BDE8F081 		pop	{r4, r5, r6, r7, r8, pc}
 332              	.LVL34:
 333              	.L29:
  37:Lib/PWMSingle/PWMSingle.hpp ****             }
 334              		.loc 2 37 19 is_stmt 1 view .LVU79
  37:Lib/PWMSingle/PWMSingle.hpp ****             }
 335              		.loc 2 37 32 is_stmt 0 view .LVU80
 336 0086 FFF7FEFF 		bl	Error_Handler
 337              	.LVL35:
 338 008a D0E7     		b	.L18
 339              	.LVL36:
 340              	.L19:
  43:Lib/PWMSingle/PWMSingle.hpp ****             HAL_Delay(time);
 341              		.loc 2 43 13 discriminator 2 view .LVU81
 342 008c 042B     		cmp	r3, #4
ARM GAS  /var/folders/5c/srt4fy4j1pd641bjfx75k5000000gn/T//ccJC9EFJ.s 			page 8


 343 008e 08D0     		beq	.L31
  43:Lib/PWMSingle/PWMSingle.hpp ****             HAL_Delay(time);
 344              		.loc 2 43 13 discriminator 4 view .LVU82
 345 0090 082B     		cmp	r3, #8
 346 0092 0DD0     		beq	.L32
  43:Lib/PWMSingle/PWMSingle.hpp ****             HAL_Delay(time);
 347              		.loc 2 43 13 discriminator 6 view .LVU83
 348 0094 D8F80030 		ldr	r3, [r8]
 349 0098 FCEEE77A 		vcvt.u32.f32	s15, s15
 350              	.LVL37:
  43:Lib/PWMSingle/PWMSingle.hpp ****             HAL_Delay(time);
 351              		.loc 2 43 13 discriminator 6 view .LVU84
 352 009c C3ED107A 		vstr.32	s15, [r3, #64]	@ int
 353 00a0 DEE7     		b	.L20
 354              	.LVL38:
 355              	.L31:
  43:Lib/PWMSingle/PWMSingle.hpp ****             HAL_Delay(time);
 356              		.loc 2 43 13 discriminator 3 view .LVU85
 357 00a2 D8F80030 		ldr	r3, [r8]
 358 00a6 FCEEE77A 		vcvt.u32.f32	s15, s15
 359              	.LVL39:
  43:Lib/PWMSingle/PWMSingle.hpp ****             HAL_Delay(time);
 360              		.loc 2 43 13 discriminator 3 view .LVU86
 361 00aa C3ED0E7A 		vstr.32	s15, [r3, #56]	@ int
 362 00ae D7E7     		b	.L20
 363              	.LVL40:
 364              	.L32:
  43:Lib/PWMSingle/PWMSingle.hpp ****             HAL_Delay(time);
 365              		.loc 2 43 13 discriminator 5 view .LVU87
 366 00b0 D8F80030 		ldr	r3, [r8]
 367 00b4 FCEEE77A 		vcvt.u32.f32	s15, s15
 368              	.LVL41:
  43:Lib/PWMSingle/PWMSingle.hpp ****             HAL_Delay(time);
 369              		.loc 2 43 13 discriminator 5 view .LVU88
 370 00b8 C3ED0F7A 		vstr.32	s15, [r3, #60]	@ int
 371 00bc D0E7     		b	.L20
 372              	.LVL42:
 373              	.L23:
  45:Lib/PWMSingle/PWMSingle.hpp ****             _htim->Init.Prescaler = default_prescaler;
 374              		.loc 2 45 13 discriminator 2 view .LVU89
 375 00be 042B     		cmp	r3, #4
 376 00c0 06D0     		beq	.L33
  45:Lib/PWMSingle/PWMSingle.hpp ****             _htim->Init.Prescaler = default_prescaler;
 377              		.loc 2 45 13 discriminator 4 view .LVU90
 378 00c2 082B     		cmp	r3, #8
 379 00c4 09D0     		beq	.L34
  45:Lib/PWMSingle/PWMSingle.hpp ****             _htim->Init.Prescaler = default_prescaler;
 380              		.loc 2 45 13 discriminator 6 view .LVU91
 381 00c6 2368     		ldr	r3, [r4]
 382 00c8 1B68     		ldr	r3, [r3]
 383 00ca 0022     		movs	r2, #0
 384 00cc 1A64     		str	r2, [r3, #64]
 385 00ce D0E7     		b	.L24
 386              	.L33:
  45:Lib/PWMSingle/PWMSingle.hpp ****             _htim->Init.Prescaler = default_prescaler;
 387              		.loc 2 45 13 discriminator 3 view .LVU92
 388 00d0 2368     		ldr	r3, [r4]
ARM GAS  /var/folders/5c/srt4fy4j1pd641bjfx75k5000000gn/T//ccJC9EFJ.s 			page 9


 389 00d2 1B68     		ldr	r3, [r3]
 390 00d4 0022     		movs	r2, #0
 391 00d6 9A63     		str	r2, [r3, #56]
 392 00d8 CBE7     		b	.L24
 393              	.L34:
  45:Lib/PWMSingle/PWMSingle.hpp ****             _htim->Init.Prescaler = default_prescaler;
 394              		.loc 2 45 13 discriminator 5 view .LVU93
 395 00da 2368     		ldr	r3, [r4]
 396 00dc 1B68     		ldr	r3, [r3]
 397 00de 0022     		movs	r2, #0
 398 00e0 DA63     		str	r2, [r3, #60]
 399 00e2 C6E7     		b	.L24
 400              	.L30:
  49:Lib/PWMSingle/PWMSingle.hpp ****             }
 401              		.loc 2 49 19 is_stmt 1 view .LVU94
  49:Lib/PWMSingle/PWMSingle.hpp ****             }
 402              		.loc 2 49 32 is_stmt 0 view .LVU95
 403 00e4 FFF7FEFF 		bl	Error_Handler
 404              	.LVL43:
 405              		.loc 2 51 7 view .LVU96
 406 00e8 CBE7     		b	.L17
 407              	.L36:
 408 00ea 00BFAFF3 		.align	3
 408      0080
 409              	.L35:
 410 00f0 9A999999 		.word	-1717986918
 411 00f4 9999B93F 		.word	1069128089
 412 00f8 00000000 		.word	SystemCoreClock
 413              		.cfi_endproc
 414              	.LFE248:
 415              		.fnend
 417              		.section	.text._ZN10MotorDriveC2EP12PwmSingleOutS1_S1_S1_S1_S1_S1_S1_PsPf,"ax",%progbits
 418              		.align	1
 419              		.global	_ZN10MotorDriveC2EP12PwmSingleOutS1_S1_S1_S1_S1_S1_S1_PsPf
 420              		.syntax unified
 421              		.thumb
 422              		.thumb_func
 424              	_ZN10MotorDriveC2EP12PwmSingleOutS1_S1_S1_S1_S1_S1_S1_PsPf:
 425              		.fnstart
 426              	.LVL44:
 427              	.LFB250:
   1:src/unit/motor_drive/motor_drive.cpp **** #include "motor_drive.hpp"
   2:src/unit/motor_drive/motor_drive.cpp **** 
   3:src/unit/motor_drive/motor_drive.cpp **** MotorDrive::MotorDrive(PwmSingleOut *motor1a, PwmSingleOut *motor1b,
 428              		.loc 1 3 1 is_stmt 1 view -0
 429              		.cfi_startproc
 430              		@ args = 28, pretend = 0, frame = 0
 431              		@ frame_needed = 0, uses_anonymous_args = 0
 432              		.loc 1 3 1 is_stmt 0 view .LVU98
 433 0000 F8B5     		push	{r3, r4, r5, r6, r7, lr}
 434              		.save {r3, r4, r5, r6, r7, lr}
 435              	.LCFI3:
 436              		.cfi_def_cfa_offset 24
 437              		.cfi_offset 3, -24
 438              		.cfi_offset 4, -20
 439              		.cfi_offset 5, -16
 440              		.cfi_offset 6, -12
ARM GAS  /var/folders/5c/srt4fy4j1pd641bjfx75k5000000gn/T//ccJC9EFJ.s 			page 10


 441              		.cfi_offset 7, -8
 442              		.cfi_offset 14, -4
 443 0002 0646     		mov	r6, r0
 444              	.LBB2:
   4:src/unit/motor_drive/motor_drive.cpp ****                        PwmSingleOut *motor2a, PwmSingleOut *motor2b,
   5:src/unit/motor_drive/motor_drive.cpp ****                        PwmSingleOut *motor3a, PwmSingleOut *motor3b,
   6:src/unit/motor_drive/motor_drive.cpp ****                        PwmSingleOut *motor4a, PwmSingleOut *motor4b,
   7:src/unit/motor_drive/motor_drive.cpp ****                        int16_t *yaw, float *motor_abs_rad_s)
   8:src/unit/motor_drive/motor_drive.cpp ****     : motor1a_(motor1a), motor1b_(motor1b), motor2a_(motor2a), motor2b_(motor2b), motor3a_(motor3a)
 445              		.loc 1 8 7 view .LVU99
 446 0004 0161     		str	r1, [r0, #16]
 447              		.loc 1 8 26 view .LVU100
 448 0006 4261     		str	r2, [r0, #20]
 449              		.loc 1 8 45 view .LVU101
 450 0008 8361     		str	r3, [r0, #24]
 451              		.loc 1 8 64 view .LVU102
 452 000a 069B     		ldr	r3, [sp, #24]
 453              	.LVL45:
 454              		.loc 1 8 64 view .LVU103
 455 000c C361     		str	r3, [r0, #28]
 456              		.loc 1 8 83 view .LVU104
 457 000e 079B     		ldr	r3, [sp, #28]
 458 0010 0362     		str	r3, [r0, #32]
 459              		.loc 1 8 102 view .LVU105
 460 0012 089B     		ldr	r3, [sp, #32]
 461 0014 4362     		str	r3, [r0, #36]
 462              		.loc 1 8 121 view .LVU106
 463 0016 099B     		ldr	r3, [sp, #36]
 464 0018 8362     		str	r3, [r0, #40]
 465              		.loc 1 8 140 view .LVU107
 466 001a 0A9B     		ldr	r3, [sp, #40]
 467 001c C362     		str	r3, [r0, #44]
 468              		.loc 1 8 156 view .LVU108
 469 001e 00F55165 		add	r5, r0, #3344
 470 0022 0324     		movs	r4, #3
 471 0024 04E0     		b	.L38
 472              	.LVL46:
 473              	.L39:
 474              		.loc 1 8 156 discriminator 3 view .LVU109
 475 0026 2846     		mov	r0, r5
 476 0028 FFF7FEFF 		bl	_ZN3PIDC1Ev
 477              	.LVL47:
 478 002c 013C     		subs	r4, r4, #1
 479 002e 6835     		adds	r5, r5, #104
 480              	.L38:
 481              		.loc 1 8 156 is_stmt 1 discriminator 1 view .LVU110
 482 0030 002C     		cmp	r4, #0
 483 0032 F8DA     		bge	.L39
 484              		.loc 1 8 156 is_stmt 0 discriminator 4 view .LVU111
 485 0034 06F56B67 		add	r7, r6, #3760
 486 0038 3846     		mov	r0, r7
 487 003a FFF7FEFF 		bl	_ZN3PIDC1Ev
 488              	.LVL48:
 489 003e 06F57360 		add	r0, r6, #3888
 490 0042 FFF7FEFF 		bl	_ZN5TimerC1Ev
 491              	.LVL49:
 492              	.LBB3:
ARM GAS  /var/folders/5c/srt4fy4j1pd641bjfx75k5000000gn/T//ccJC9EFJ.s 			page 11


   9:src/unit/motor_drive/motor_drive.cpp ****       this->yaw_ = yaw;
 493              		.loc 1 9 7 is_stmt 1 discriminator 4 view .LVU112
 494              		.loc 1 9 18 is_stmt 0 discriminator 4 view .LVU113
 495 0046 0B9B     		ldr	r3, [sp, #44]
 496 0048 C6F8183F 		str	r3, [r6, #3864]
  10:src/unit/motor_drive/motor_drive.cpp ****       this->motor_abs_rad_s_ = motor_abs_rad_s;
 497              		.loc 1 10 7 is_stmt 1 discriminator 4 view .LVU114
 498              		.loc 1 10 30 is_stmt 0 discriminator 4 view .LVU115
 499 004c 0C9B     		ldr	r3, [sp, #48]
 500 004e C6F81C3F 		str	r3, [r6, #3868]
  11:src/unit/motor_drive/motor_drive.cpp ****       for (uint8_t i = 0; i < MOTOR_QTY; i++) {
 501              		.loc 1 11 7 is_stmt 1 discriminator 4 view .LVU116
 502              	.LVL50:
 503              	.LBB4:
 504              		.loc 1 11 20 is_stmt 0 discriminator 4 view .LVU117
 505 0052 0025     		movs	r5, #0
 506              		.loc 1 11 7 discriminator 4 view .LVU118
 507 0054 28E0     		b	.L40
 508              	.LVL51:
 509              	.L41:
  12:src/unit/motor_drive/motor_drive.cpp ****             motor_ave[i].SetLength(MOVING_AVE_NUM);
 510              		.loc 1 12 13 is_stmt 1 discriminator 3 view .LVU119
 511              		.loc 1 12 35 is_stmt 0 discriminator 3 view .LVU120
 512 0056 4FF44E70 		mov	r0, #824
 513 005a 05FB00F0 		mul	r0, r5, r0
 514 005e 3030     		adds	r0, r0, #48
 515 0060 0521     		movs	r1, #5
 516 0062 3044     		add	r0, r0, r6
 517 0064 FFF7FEFF 		bl	_ZN9MovingAve9SetLengthEh
 518              	.LVL52:
  13:src/unit/motor_drive/motor_drive.cpp ****             motor_pid[i].SetGain(50, 250, 0.2);
 519              		.loc 1 13 13 is_stmt 1 discriminator 3 view .LVU121
 520              		.loc 1 13 33 is_stmt 0 discriminator 3 view .LVU122
 521 0068 6824     		movs	r4, #104
 522 006a 05FB04F4 		mul	r4, r5, r4
 523 006e 04F55164 		add	r4, r4, #3344
 524 0072 3444     		add	r4, r4, r6
 525 0074 9FED241A 		vldr.32	s2, .L43+32
 526 0078 DFED240A 		vldr.32	s1, .L43+36
 527 007c 9FED240A 		vldr.32	s0, .L43+40
 528 0080 2046     		mov	r0, r4
 529 0082 FFF7FEFF 		bl	_ZN3PID7SetGainEfff
 530              	.LVL53:
  14:src/unit/motor_drive/motor_drive.cpp ****             motor_pid[i].SetLimit(MIN_POWER, MAX_POWER);
 531              		.loc 1 14 13 is_stmt 1 discriminator 3 view .LVU123
 532              		.loc 1 14 34 is_stmt 0 discriminator 3 view .LVU124
 533 0086 9FED181B 		vldr.64	d1, .L43
 534 008a 9FED190B 		vldr.64	d0, .L43+8
 535 008e 2046     		mov	r0, r4
 536 0090 FFF7FEFF 		bl	_ZN3PID8SetLimitEdd
 537              	.LVL54:
  15:src/unit/motor_drive/motor_drive.cpp ****             motor_pid[i].SetSamplingFreq(250);
 538              		.loc 1 15 13 is_stmt 1 discriminator 3 view .LVU125
 539              		.loc 1 15 41 is_stmt 0 discriminator 3 view .LVU126
 540 0094 FA21     		movs	r1, #250
 541 0096 2046     		mov	r0, r4
 542 0098 FFF7FEFF 		bl	_ZN3PID15SetSamplingFreqEt
ARM GAS  /var/folders/5c/srt4fy4j1pd641bjfx75k5000000gn/T//ccJC9EFJ.s 			page 12


 543              	.LVL55:
  16:src/unit/motor_drive/motor_drive.cpp ****             motor_pid[i].SetType(1);
 544              		.loc 1 16 13 is_stmt 1 discriminator 3 view .LVU127
 545              		.loc 1 16 33 is_stmt 0 discriminator 3 view .LVU128
 546 009c 0121     		movs	r1, #1
 547 009e 2046     		mov	r0, r4
 548 00a0 FFF7FEFF 		bl	_ZN3PID7SetTypeEh
 549              	.LVL56:
  11:src/unit/motor_drive/motor_drive.cpp ****             motor_ave[i].SetLength(MOVING_AVE_NUM);
 550              		.loc 1 11 7 is_stmt 1 discriminator 3 view .LVU129
 551 00a4 0135     		adds	r5, r5, #1
 552              	.LVL57:
  11:src/unit/motor_drive/motor_drive.cpp ****             motor_ave[i].SetLength(MOVING_AVE_NUM);
 553              		.loc 1 11 7 is_stmt 0 discriminator 3 view .LVU130
 554 00a6 EDB2     		uxtb	r5, r5
 555              	.LVL58:
 556              	.L40:
  11:src/unit/motor_drive/motor_drive.cpp ****             motor_ave[i].SetLength(MOVING_AVE_NUM);
 557              		.loc 1 11 29 is_stmt 1 discriminator 1 view .LVU131
 558 00a8 032D     		cmp	r5, #3
 559 00aa D4D9     		bls	.L41
 560              	.LBE4:
  17:src/unit/motor_drive/motor_drive.cpp ****       }
  18:src/unit/motor_drive/motor_drive.cpp **** 
  19:src/unit/motor_drive/motor_drive.cpp ****       pid.SetGain(0.1, 0, 0.01);
 561              		.loc 1 19 7 view .LVU132
 562              		.loc 1 19 18 is_stmt 0 view .LVU133
 563 00ac 9FED191A 		vldr.32	s2, .L43+44
 564 00b0 DFED190A 		vldr.32	s1, .L43+48
 565 00b4 9FED190A 		vldr.32	s0, .L43+52
 566 00b8 3846     		mov	r0, r7
 567 00ba FFF7FEFF 		bl	_ZN3PID7SetGainEfff
 568              	.LVL59:
  20:src/unit/motor_drive/motor_drive.cpp ****       pid.SetLimit(-MAX_ROTATION_SPEED, MAX_ROTATION_SPEED);
 569              		.loc 1 20 7 is_stmt 1 view .LVU134
 570              		.loc 1 20 19 is_stmt 0 view .LVU135
 571 00be 9FED0E1B 		vldr.64	d1, .L43+16
 572 00c2 9FED0F0B 		vldr.64	d0, .L43+24
 573 00c6 3846     		mov	r0, r7
 574 00c8 FFF7FEFF 		bl	_ZN3PID8SetLimitEdd
 575              	.LVL60:
  21:src/unit/motor_drive/motor_drive.cpp ****       pid.SetSamplingFreq(500);
 576              		.loc 1 21 7 is_stmt 1 view .LVU136
 577              		.loc 1 21 26 is_stmt 0 view .LVU137
 578 00cc 4FF4FA71 		mov	r1, #500
 579 00d0 3846     		mov	r0, r7
 580 00d2 FFF7FEFF 		bl	_ZN3PID15SetSamplingFreqEt
 581              	.LVL61:
  22:src/unit/motor_drive/motor_drive.cpp ****       pid.SetType(0);
 582              		.loc 1 22 7 is_stmt 1 view .LVU138
 583              		.loc 1 22 18 is_stmt 0 view .LVU139
 584 00d6 0021     		movs	r1, #0
 585 00d8 3846     		mov	r0, r7
 586 00da FFF7FEFF 		bl	_ZN3PID7SetTypeEh
 587              	.LVL62:
 588              	.LBE3:
 589              	.LBE2:
ARM GAS  /var/folders/5c/srt4fy4j1pd641bjfx75k5000000gn/T//ccJC9EFJ.s 			page 13


  23:src/unit/motor_drive/motor_drive.cpp **** }
 590              		.loc 1 23 1 view .LVU140
 591 00de 3046     		mov	r0, r6
 592 00e0 F8BD     		pop	{r3, r4, r5, r6, r7, pc}
 593              	.LVL63:
 594              	.L44:
 595              		.loc 1 23 1 view .LVU141
 596 00e2 00BFAFF3 		.align	3
 596      0080
 597              	.L43:
 598 00e8 00000000 		.word	0
 599 00ec 00408F40 		.word	1083129856
 600 00f0 00000000 		.word	0
 601 00f4 0000F03F 		.word	1072693248
 602 00f8 182D4454 		.word	1413754136
 603 00fc FB211940 		.word	1075388923
 604 0100 182D4454 		.word	1413754136
 605 0104 FB2119C0 		.word	-1072094725
 606 0108 CDCC4C3E 		.word	1045220557
 607 010c 00007A43 		.word	1132068864
 608 0110 00004842 		.word	1112014848
 609 0114 0AD7233C 		.word	1008981770
 610 0118 00000000 		.word	0
 611 011c CDCCCC3D 		.word	1036831949
 612              		.cfi_endproc
 613              	.LFE250:
 614              		.fnend
 616              		.global	_ZN10MotorDriveC1EP12PwmSingleOutS1_S1_S1_S1_S1_S1_S1_PsPf
 617              		.thumb_set _ZN10MotorDriveC1EP12PwmSingleOutS1_S1_S1_S1_S1_S1_S1_PsPf,_ZN10MotorDriveC2EP12PwmSing
 618              		.section	.text._ZN10MotorDrive4InitEv,"ax",%progbits
 619              		.align	1
 620              		.global	_ZN10MotorDrive4InitEv
 621              		.syntax unified
 622              		.thumb
 623              		.thumb_func
 625              	_ZN10MotorDrive4InitEv:
 626              		.fnstart
 627              	.LVL64:
 628              	.LFB252:
  24:src/unit/motor_drive/motor_drive.cpp **** 
  25:src/unit/motor_drive/motor_drive.cpp **** void MotorDrive::Init() {
 629              		.loc 1 25 25 is_stmt 1 view -0
 630              		.cfi_startproc
 631              		@ args = 0, pretend = 0, frame = 0
 632              		@ frame_needed = 0, uses_anonymous_args = 0
 633              		.loc 1 25 25 is_stmt 0 view .LVU143
 634 0000 10B5     		push	{r4, lr}
 635              		.save {r4, lr}
 636              	.LCFI4:
 637              		.cfi_def_cfa_offset 8
 638              		.cfi_offset 4, -8
 639              		.cfi_offset 14, -4
 640 0002 0446     		mov	r4, r0
  26:src/unit/motor_drive/motor_drive.cpp ****       motor1a_->init();
 641              		.loc 1 26 7 is_stmt 1 view .LVU144
 642              		.loc 1 26 21 is_stmt 0 view .LVU145
 643 0004 0069     		ldr	r0, [r0, #16]
ARM GAS  /var/folders/5c/srt4fy4j1pd641bjfx75k5000000gn/T//ccJC9EFJ.s 			page 14


 644              	.LVL65:
 645              		.loc 1 26 21 view .LVU146
 646 0006 FFF7FEFF 		bl	_ZN12PwmSingleOut4initEv
 647              	.LVL66:
  27:src/unit/motor_drive/motor_drive.cpp ****       motor1b_->init();
 648              		.loc 1 27 7 is_stmt 1 view .LVU147
 649              		.loc 1 27 21 is_stmt 0 view .LVU148
 650 000a 6069     		ldr	r0, [r4, #20]
 651 000c FFF7FEFF 		bl	_ZN12PwmSingleOut4initEv
 652              	.LVL67:
  28:src/unit/motor_drive/motor_drive.cpp ****       motor2a_->init();
 653              		.loc 1 28 7 is_stmt 1 view .LVU149
 654              		.loc 1 28 21 is_stmt 0 view .LVU150
 655 0010 A069     		ldr	r0, [r4, #24]
 656 0012 FFF7FEFF 		bl	_ZN12PwmSingleOut4initEv
 657              	.LVL68:
  29:src/unit/motor_drive/motor_drive.cpp ****       motor2b_->init();
 658              		.loc 1 29 7 is_stmt 1 view .LVU151
 659              		.loc 1 29 21 is_stmt 0 view .LVU152
 660 0016 E069     		ldr	r0, [r4, #28]
 661 0018 FFF7FEFF 		bl	_ZN12PwmSingleOut4initEv
 662              	.LVL69:
  30:src/unit/motor_drive/motor_drive.cpp ****       motor3a_->init();
 663              		.loc 1 30 7 is_stmt 1 view .LVU153
 664              		.loc 1 30 21 is_stmt 0 view .LVU154
 665 001c 206A     		ldr	r0, [r4, #32]
 666 001e FFF7FEFF 		bl	_ZN12PwmSingleOut4initEv
 667              	.LVL70:
  31:src/unit/motor_drive/motor_drive.cpp ****       motor3b_->init();
 668              		.loc 1 31 7 is_stmt 1 view .LVU155
 669              		.loc 1 31 21 is_stmt 0 view .LVU156
 670 0022 606A     		ldr	r0, [r4, #36]
 671 0024 FFF7FEFF 		bl	_ZN12PwmSingleOut4initEv
 672              	.LVL71:
  32:src/unit/motor_drive/motor_drive.cpp ****       motor4a_->init();
 673              		.loc 1 32 7 is_stmt 1 view .LVU157
 674              		.loc 1 32 21 is_stmt 0 view .LVU158
 675 0028 A06A     		ldr	r0, [r4, #40]
 676 002a FFF7FEFF 		bl	_ZN12PwmSingleOut4initEv
 677              	.LVL72:
  33:src/unit/motor_drive/motor_drive.cpp ****       motor4b_->init();
 678              		.loc 1 33 7 is_stmt 1 view .LVU159
 679              		.loc 1 33 21 is_stmt 0 view .LVU160
 680 002e E06A     		ldr	r0, [r4, #44]
 681 0030 FFF7FEFF 		bl	_ZN12PwmSingleOut4initEv
 682              	.LVL73:
  34:src/unit/motor_drive/motor_drive.cpp **** }
 683              		.loc 1 34 1 view .LVU161
 684 0034 10BD     		pop	{r4, pc}
 685              		.loc 1 34 1 view .LVU162
 686              		.cfi_endproc
 687              	.LFE252:
 688              		.fnend
 690              		.section	.text._ZN10MotorDrive3RunEssss,"ax",%progbits
 691              		.align	1
 692              		.global	_ZN10MotorDrive3RunEssss
 693              		.syntax unified
ARM GAS  /var/folders/5c/srt4fy4j1pd641bjfx75k5000000gn/T//ccJC9EFJ.s 			page 15


 694              		.thumb
 695              		.thumb_func
 697              	_ZN10MotorDrive3RunEssss:
 698              		.fnstart
 699              	.LVL74:
 700              	.LFB254:
  35:src/unit/motor_drive/motor_drive.cpp **** 
  36:src/unit/motor_drive/motor_drive.cpp **** void MotorDrive::Drive(int16_t target_move_dir, float target_move_speed, float move_acce, int16_t r
  37:src/unit/motor_drive/motor_drive.cpp ****       float target_rad_s[MOTOR_QTY];
  38:src/unit/motor_drive/motor_drive.cpp ****       static float pre_target_rad_s[MOTOR_QTY];
  39:src/unit/motor_drive/motor_drive.cpp **** 
  40:src/unit/motor_drive/motor_drive.cpp ****       int16_t power[MOTOR_QTY];
  41:src/unit/motor_drive/motor_drive.cpp ****       static float move_speed = 0;
  42:src/unit/motor_drive/motor_drive.cpp **** 
  43:src/unit/motor_drive/motor_drive.cpp ****       double dt = dt_timer.read();
  44:src/unit/motor_drive/motor_drive.cpp ****       dt_timer.reset();
  45:src/unit/motor_drive/motor_drive.cpp **** 
  46:src/unit/motor_drive/motor_drive.cpp ****       if (dt > 0.1) {
  47:src/unit/motor_drive/motor_drive.cpp ****             move_speed = 0;
  48:src/unit/motor_drive/motor_drive.cpp ****             for (uint8_t i = 0; i < MOTOR_QTY; i++) motor_pid[i].ResetI();
  49:src/unit/motor_drive/motor_drive.cpp ****       } else {
  50:src/unit/motor_drive/motor_drive.cpp ****             double speed_change = move_acce * dt;
  51:src/unit/motor_drive/motor_drive.cpp ****             if (move_acce == 0) {
  52:src/unit/motor_drive/motor_drive.cpp ****                   move_speed = target_move_speed;
  53:src/unit/motor_drive/motor_drive.cpp ****             } else if (target_move_speed > move_speed) {
  54:src/unit/motor_drive/motor_drive.cpp ****                   move_speed += speed_change;
  55:src/unit/motor_drive/motor_drive.cpp ****                   if (move_speed > target_move_speed) move_speed = target_move_speed;
  56:src/unit/motor_drive/motor_drive.cpp ****             } else if (target_move_speed < move_speed) {
  57:src/unit/motor_drive/motor_drive.cpp ****                   move_speed -= speed_change;
  58:src/unit/motor_drive/motor_drive.cpp ****                   if (move_speed < target_move_speed) move_speed = target_move_speed;
  59:src/unit/motor_drive/motor_drive.cpp ****             }
  60:src/unit/motor_drive/motor_drive.cpp ****       }
  61:src/unit/motor_drive/motor_drive.cpp **** 
  62:src/unit/motor_drive/motor_drive.cpp ****       float vel_x = move_speed * MyMath::cosDeg(target_move_dir);
  63:src/unit/motor_drive/motor_drive.cpp ****       float vel_y = move_speed * MyMath::sinDeg(target_move_dir);
  64:src/unit/motor_drive/motor_drive.cpp **** 
  65:src/unit/motor_drive/motor_drive.cpp ****       pid.Compute(*yaw_, rotation_dir);  // 姿勢制御用PID
  66:src/unit/motor_drive/motor_drive.cpp ****       for (uint8_t i = 0; i < MOTOR_QTY; i++) {
  67:src/unit/motor_drive/motor_drive.cpp ****             float robot_rotation_speed = pid.Get();
  68:src/unit/motor_drive/motor_drive.cpp ****             if (abs(robot_rotation_speed) > rotation_speed && rotation_speed != 0) robot_rotation_s
  69:src/unit/motor_drive/motor_drive.cpp ****             if (rotation_center == FRONT) {
  70:src/unit/motor_drive/motor_drive.cpp ****                   robot_rotation_speed *= 2;
  71:src/unit/motor_drive/motor_drive.cpp ****                   if (i == 0 || i == 3) robot_rotation_speed = 0;
  72:src/unit/motor_drive/motor_drive.cpp ****             } else if (rotation_center == RIGHT) {
  73:src/unit/motor_drive/motor_drive.cpp ****                   robot_rotation_speed *= 2;
  74:src/unit/motor_drive/motor_drive.cpp ****                   if (i == 0 || i == 1) robot_rotation_speed = 0;
  75:src/unit/motor_drive/motor_drive.cpp ****             } else if (rotation_center == BACK) {
  76:src/unit/motor_drive/motor_drive.cpp ****                   robot_rotation_speed *= 2;
  77:src/unit/motor_drive/motor_drive.cpp ****                   if (i == 1 || i == 2) robot_rotation_speed = 0;
  78:src/unit/motor_drive/motor_drive.cpp ****             } else if (rotation_center == LEFT) {
  79:src/unit/motor_drive/motor_drive.cpp ****                   robot_rotation_speed *= 2;
  80:src/unit/motor_drive/motor_drive.cpp ****                   if (i == 2 || i == 3) robot_rotation_speed = 0;
  81:src/unit/motor_drive/motor_drive.cpp ****             }
  82:src/unit/motor_drive/motor_drive.cpp ****             target_rad_s[i] = (1.0f / WHEEL_R) * ((-1 * MyMath::sinDeg(45 + (90 * i)) * MyMath::cos
  83:src/unit/motor_drive/motor_drive.cpp ****       }
  84:src/unit/motor_drive/motor_drive.cpp **** 
  85:src/unit/motor_drive/motor_drive.cpp ****       // 速度制御
ARM GAS  /var/folders/5c/srt4fy4j1pd641bjfx75k5000000gn/T//ccJC9EFJ.s 			page 16


  86:src/unit/motor_drive/motor_drive.cpp ****       for (uint8_t i = 0; i < MOTOR_QTY; i++) {
  87:src/unit/motor_drive/motor_drive.cpp ****             if (target_rad_s[i] == 0 || ((pre_target_rad_s[i] / abs(pre_target_rad_s[i])) != (targe
  88:src/unit/motor_drive/motor_drive.cpp ****             pre_target_rad_s[i] = target_rad_s[i];
  89:src/unit/motor_drive/motor_drive.cpp ****             motor_pid[i].Compute(motor_abs_rad_s_[i], abs(target_rad_s[i]));
  90:src/unit/motor_drive/motor_drive.cpp ****             if (target_rad_s[i] > 0) {
  91:src/unit/motor_drive/motor_drive.cpp ****                   power[i] = motor_pid[i].Get();
  92:src/unit/motor_drive/motor_drive.cpp ****                   motor_rad_s_[i] = motor_abs_rad_s_[i];
  93:src/unit/motor_drive/motor_drive.cpp ****             } else {
  94:src/unit/motor_drive/motor_drive.cpp ****                   power[i] = -motor_pid[i].Get();
  95:src/unit/motor_drive/motor_drive.cpp ****                   motor_rad_s_[i] = -motor_abs_rad_s_[i];
  96:src/unit/motor_drive/motor_drive.cpp ****             }
  97:src/unit/motor_drive/motor_drive.cpp ****       }
  98:src/unit/motor_drive/motor_drive.cpp **** 
  99:src/unit/motor_drive/motor_drive.cpp ****       // 移動平均
 100:src/unit/motor_drive/motor_drive.cpp ****       for (uint8_t i = 0; i < MOTOR_QTY; i++) {
 101:src/unit/motor_drive/motor_drive.cpp ****             motor_ave[i].Compute(power[i]);
 102:src/unit/motor_drive/motor_drive.cpp ****             power[i] = motor_ave[i].Get();
 103:src/unit/motor_drive/motor_drive.cpp ****       }
 104:src/unit/motor_drive/motor_drive.cpp **** 
 105:src/unit/motor_drive/motor_drive.cpp ****       moving_vel_x = (WHEEL_R / 2.0f) * (motor_rad_s_[0] - motor_rad_s_[1] - motor_rad_s_[2] + moto
 106:src/unit/motor_drive/motor_drive.cpp ****       moving_vel_y = (WHEEL_R / 2.0f) * (-motor_rad_s_[0] - motor_rad_s_[1] + motor_rad_s_[2] + mot
 107:src/unit/motor_drive/motor_drive.cpp ****       moving_speed = MyMath::sqrt(moving_vel_x * moving_vel_x + moving_vel_y * moving_vel_y);
 108:src/unit/motor_drive/motor_drive.cpp ****       moving_dir = MyMath::atan2(moving_vel_x, moving_vel_y);
 109:src/unit/motor_drive/motor_drive.cpp **** 
 110:src/unit/motor_drive/motor_drive.cpp ****       Run(power[0], power[1], power[2], power[3]);
 111:src/unit/motor_drive/motor_drive.cpp **** }
 112:src/unit/motor_drive/motor_drive.cpp **** 
 113:src/unit/motor_drive/motor_drive.cpp **** void MotorDrive::Run(int16_t motor1, int16_t motor2, int16_t motor3, int16_t motor4) {
 701              		.loc 1 113 86 is_stmt 1 view -0
 702              		.cfi_startproc
 703              		@ args = 4, pretend = 0, frame = 0
 704              		@ frame_needed = 0, uses_anonymous_args = 0
 705              		.loc 1 113 86 is_stmt 0 view .LVU164
 706 0000 2DE9F041 		push	{r4, r5, r6, r7, r8, lr}
 707              	.LCFI5:
 708              		.cfi_def_cfa_offset 24
 709              		.cfi_offset 4, -24
 710              		.cfi_offset 5, -20
 711              		.cfi_offset 6, -16
 712              		.cfi_offset 7, -12
 713              		.cfi_offset 8, -8
 714              		.cfi_offset 14, -4
 715 0004 0446     		mov	r4, r0
 716 0006 0F46     		mov	r7, r1
 717 0008 1646     		mov	r6, r2
 718 000a 1D46     		mov	r5, r3
 719 000c BDF91880 		ldrsh	r8, [sp, #24]
 114:src/unit/motor_drive/motor_drive.cpp ****       // Init();
 115:src/unit/motor_drive/motor_drive.cpp ****       if (abs(motor1) > 1000) motor1 = motor1 * (abs(motor1) / motor1);
 720              		.loc 1 115 7 is_stmt 1 view .LVU165
 721              		.loc 1 115 11 is_stmt 0 view .LVU166
 722 0010 81EAE173 		eor	r3, r1, r1, asr #31
 723              	.LVL75:
 724              		.loc 1 115 11 view .LVU167
 725 0014 A3EBE173 		sub	r3, r3, r1, asr #31
 726 0018 9BB2     		uxth	r3, r3
 727              		.loc 1 115 7 view .LVU168
ARM GAS  /var/folders/5c/srt4fy4j1pd641bjfx75k5000000gn/T//ccJC9EFJ.s 			page 17


 728 001a B3F57A7F 		cmp	r3, #1000
 729 001e 04D9     		bls	.L48
 730              		.loc 1 115 31 is_stmt 1 discriminator 1 view .LVU169
 731              		.loc 1 115 62 is_stmt 0 discriminator 1 view .LVU170
 732 0020 93FBF1F3 		sdiv	r3, r3, r1
 733              		.loc 1 115 38 discriminator 1 view .LVU171
 734 0024 13FB01F3 		smulbb	r3, r3, r1
 735 0028 1FB2     		sxth	r7, r3
 736              	.LVL76:
 737              	.L48:
 116:src/unit/motor_drive/motor_drive.cpp ****       if (abs(motor2) > 1000) motor2 = motor2 * (abs(motor2) / motor2);
 738              		.loc 1 116 7 is_stmt 1 view .LVU172
 739              		.loc 1 116 11 is_stmt 0 view .LVU173
 740 002a 86EAE673 		eor	r3, r6, r6, asr #31
 741 002e A3EBE673 		sub	r3, r3, r6, asr #31
 742 0032 9BB2     		uxth	r3, r3
 743              		.loc 1 116 7 view .LVU174
 744 0034 B3F57A7F 		cmp	r3, #1000
 745 0038 04D9     		bls	.L49
 746              		.loc 1 116 31 is_stmt 1 discriminator 1 view .LVU175
 747              		.loc 1 116 62 is_stmt 0 discriminator 1 view .LVU176
 748 003a 93FBF6F3 		sdiv	r3, r3, r6
 749              		.loc 1 116 38 discriminator 1 view .LVU177
 750 003e 13FB06F3 		smulbb	r3, r3, r6
 751 0042 1EB2     		sxth	r6, r3
 752              	.LVL77:
 753              	.L49:
 117:src/unit/motor_drive/motor_drive.cpp ****       if (abs(motor3) > 1000) motor3 = motor3 * (abs(motor3) / motor3);
 754              		.loc 1 117 7 is_stmt 1 view .LVU178
 755              		.loc 1 117 11 is_stmt 0 view .LVU179
 756 0044 85EAE573 		eor	r3, r5, r5, asr #31
 757 0048 A3EBE573 		sub	r3, r3, r5, asr #31
 758 004c 9BB2     		uxth	r3, r3
 759              		.loc 1 117 7 view .LVU180
 760 004e B3F57A7F 		cmp	r3, #1000
 761 0052 04D9     		bls	.L50
 762              		.loc 1 117 31 is_stmt 1 discriminator 1 view .LVU181
 763              		.loc 1 117 62 is_stmt 0 discriminator 1 view .LVU182
 764 0054 93FBF5F3 		sdiv	r3, r3, r5
 765              		.loc 1 117 38 discriminator 1 view .LVU183
 766 0058 13FB05F3 		smulbb	r3, r3, r5
 767 005c 1DB2     		sxth	r5, r3
 768              	.LVL78:
 769              	.L50:
 118:src/unit/motor_drive/motor_drive.cpp ****       if (abs(motor4) > 1000) motor4 = motor4 * (abs(motor4) / motor4);
 770              		.loc 1 118 7 is_stmt 1 view .LVU184
 771              		.loc 1 118 11 is_stmt 0 view .LVU185
 772 005e 88EAE873 		eor	r3, r8, r8, asr #31
 773 0062 A3EBE873 		sub	r3, r3, r8, asr #31
 774 0066 9BB2     		uxth	r3, r3
 775              		.loc 1 118 7 view .LVU186
 776 0068 B3F57A7F 		cmp	r3, #1000
 777 006c 05D9     		bls	.L51
 778              		.loc 1 118 31 is_stmt 1 discriminator 1 view .LVU187
 779              		.loc 1 118 62 is_stmt 0 discriminator 1 view .LVU188
 780 006e 93FBF8F3 		sdiv	r3, r3, r8
 781              		.loc 1 118 38 discriminator 1 view .LVU189
ARM GAS  /var/folders/5c/srt4fy4j1pd641bjfx75k5000000gn/T//ccJC9EFJ.s 			page 18


 782 0072 13FB08F3 		smulbb	r3, r3, r8
 783 0076 0FFA83F8 		sxth	r8, r3
 784              	.LVL79:
 785              	.L51:
 119:src/unit/motor_drive/motor_drive.cpp ****       if (motor1 > 0) {
 786              		.loc 1 119 7 is_stmt 1 view .LVU190
 787 007a 002F     		cmp	r7, #0
 788 007c 48DD     		ble	.L52
 120:src/unit/motor_drive/motor_drive.cpp ****             motor1a_->write(motor1 * 0.001f);
 789              		.loc 1 120 13 view .LVU191
 790              		.loc 1 120 28 is_stmt 0 view .LVU192
 791 007e 07EE907A 		vmov	s15, r7	@ int
 792 0082 B8EEE70A 		vcvt.f32.s32	s0, s15
 793 0086 DFED447A 		vldr.32	s15, .L61
 794 008a 20EE270A 		vmul.f32	s0, s0, s15
 795 008e 2069     		ldr	r0, [r4, #16]
 796              	.LVL80:
 797              		.loc 1 120 28 view .LVU193
 798 0090 FFF7FEFF 		bl	_ZN12PwmSingleOut5writeEf
 799              	.LVL81:
 121:src/unit/motor_drive/motor_drive.cpp ****             motor1b_->write(0);
 800              		.loc 1 121 13 is_stmt 1 view .LVU194
 801              		.loc 1 121 28 is_stmt 0 view .LVU195
 802 0094 9FED410A 		vldr.32	s0, .L61+4
 803 0098 6069     		ldr	r0, [r4, #20]
 804 009a FFF7FEFF 		bl	_ZN12PwmSingleOut5writeEf
 805              	.LVL82:
 806              	.L53:
 122:src/unit/motor_drive/motor_drive.cpp ****       } else {
 123:src/unit/motor_drive/motor_drive.cpp ****             motor1a_->write(0);
 124:src/unit/motor_drive/motor_drive.cpp ****             motor1b_->write(motor1 * -0.001f);
 125:src/unit/motor_drive/motor_drive.cpp ****       }
 126:src/unit/motor_drive/motor_drive.cpp ****       if (motor2 > 0) {
 807              		.loc 1 126 7 is_stmt 1 view .LVU196
 808 009e 002E     		cmp	r6, #0
 809 00a0 47DD     		ble	.L54
 127:src/unit/motor_drive/motor_drive.cpp ****             motor2a_->write(motor2 * 0.001f);
 810              		.loc 1 127 13 view .LVU197
 811              		.loc 1 127 28 is_stmt 0 view .LVU198
 812 00a2 07EE906A 		vmov	s15, r6	@ int
 813 00a6 B8EEE70A 		vcvt.f32.s32	s0, s15
 814 00aa DFED3B7A 		vldr.32	s15, .L61
 815 00ae 20EE270A 		vmul.f32	s0, s0, s15
 816 00b2 A069     		ldr	r0, [r4, #24]
 817 00b4 FFF7FEFF 		bl	_ZN12PwmSingleOut5writeEf
 818              	.LVL83:
 128:src/unit/motor_drive/motor_drive.cpp ****             motor2b_->write(0);
 819              		.loc 1 128 13 is_stmt 1 view .LVU199
 820              		.loc 1 128 28 is_stmt 0 view .LVU200
 821 00b8 9FED380A 		vldr.32	s0, .L61+4
 822 00bc E069     		ldr	r0, [r4, #28]
 823 00be FFF7FEFF 		bl	_ZN12PwmSingleOut5writeEf
 824              	.LVL84:
 825              	.L55:
 129:src/unit/motor_drive/motor_drive.cpp ****       } else {
 130:src/unit/motor_drive/motor_drive.cpp ****             motor2a_->write(0);
 131:src/unit/motor_drive/motor_drive.cpp ****             motor2b_->write(motor2 * -0.001f);
ARM GAS  /var/folders/5c/srt4fy4j1pd641bjfx75k5000000gn/T//ccJC9EFJ.s 			page 19


 132:src/unit/motor_drive/motor_drive.cpp ****       }
 133:src/unit/motor_drive/motor_drive.cpp ****       if (motor3 > 0) {
 826              		.loc 1 133 7 is_stmt 1 view .LVU201
 827 00c2 002D     		cmp	r5, #0
 828 00c4 46DD     		ble	.L56
 134:src/unit/motor_drive/motor_drive.cpp ****             motor3a_->write(motor3 * 0.001f);
 829              		.loc 1 134 13 view .LVU202
 830              		.loc 1 134 28 is_stmt 0 view .LVU203
 831 00c6 07EE905A 		vmov	s15, r5	@ int
 832 00ca B8EEE70A 		vcvt.f32.s32	s0, s15
 833 00ce DFED327A 		vldr.32	s15, .L61
 834 00d2 20EE270A 		vmul.f32	s0, s0, s15
 835 00d6 206A     		ldr	r0, [r4, #32]
 836 00d8 FFF7FEFF 		bl	_ZN12PwmSingleOut5writeEf
 837              	.LVL85:
 135:src/unit/motor_drive/motor_drive.cpp ****             motor3b_->write(0);
 838              		.loc 1 135 13 is_stmt 1 view .LVU204
 839              		.loc 1 135 28 is_stmt 0 view .LVU205
 840 00dc 9FED2F0A 		vldr.32	s0, .L61+4
 841 00e0 606A     		ldr	r0, [r4, #36]
 842 00e2 FFF7FEFF 		bl	_ZN12PwmSingleOut5writeEf
 843              	.LVL86:
 844              	.L57:
 136:src/unit/motor_drive/motor_drive.cpp ****       } else {
 137:src/unit/motor_drive/motor_drive.cpp ****             motor3a_->write(0);
 138:src/unit/motor_drive/motor_drive.cpp ****             motor3b_->write(motor3 * -0.001f);
 139:src/unit/motor_drive/motor_drive.cpp ****       }
 140:src/unit/motor_drive/motor_drive.cpp ****       if (motor4 > 0) {
 845              		.loc 1 140 7 is_stmt 1 view .LVU206
 846 00e6 B8F1000F 		cmp	r8, #0
 847 00ea 44DD     		ble	.L58
 141:src/unit/motor_drive/motor_drive.cpp ****             motor4a_->write(motor4 * 0.001f);
 848              		.loc 1 141 13 view .LVU207
 849              		.loc 1 141 28 is_stmt 0 view .LVU208
 850 00ec 07EE908A 		vmov	s15, r8	@ int
 851 00f0 B8EEE70A 		vcvt.f32.s32	s0, s15
 852 00f4 DFED287A 		vldr.32	s15, .L61
 853 00f8 20EE270A 		vmul.f32	s0, s0, s15
 854 00fc A06A     		ldr	r0, [r4, #40]
 855 00fe FFF7FEFF 		bl	_ZN12PwmSingleOut5writeEf
 856              	.LVL87:
 142:src/unit/motor_drive/motor_drive.cpp ****             motor4b_->write(0);
 857              		.loc 1 142 13 is_stmt 1 view .LVU209
 858              		.loc 1 142 28 is_stmt 0 view .LVU210
 859 0102 9FED260A 		vldr.32	s0, .L61+4
 860 0106 E06A     		ldr	r0, [r4, #44]
 861 0108 FFF7FEFF 		bl	_ZN12PwmSingleOut5writeEf
 862              	.LVL88:
 863              	.L47:
 143:src/unit/motor_drive/motor_drive.cpp ****       } else {
 144:src/unit/motor_drive/motor_drive.cpp ****             motor4a_->write(0);
 145:src/unit/motor_drive/motor_drive.cpp ****             motor4b_->write(motor4 * -0.001f);
 146:src/unit/motor_drive/motor_drive.cpp ****       }
 147:src/unit/motor_drive/motor_drive.cpp **** }
 864              		.loc 1 147 1 view .LVU211
 865 010c BDE8F081 		pop	{r4, r5, r6, r7, r8, pc}
 866              	.LVL89:
ARM GAS  /var/folders/5c/srt4fy4j1pd641bjfx75k5000000gn/T//ccJC9EFJ.s 			page 20


 867              	.L52:
 123:src/unit/motor_drive/motor_drive.cpp ****             motor1b_->write(motor1 * -0.001f);
 868              		.loc 1 123 13 is_stmt 1 view .LVU212
 123:src/unit/motor_drive/motor_drive.cpp ****             motor1b_->write(motor1 * -0.001f);
 869              		.loc 1 123 28 is_stmt 0 view .LVU213
 870 0110 9FED220A 		vldr.32	s0, .L61+4
 871 0114 2069     		ldr	r0, [r4, #16]
 872              	.LVL90:
 123:src/unit/motor_drive/motor_drive.cpp ****             motor1b_->write(motor1 * -0.001f);
 873              		.loc 1 123 28 view .LVU214
 874 0116 FFF7FEFF 		bl	_ZN12PwmSingleOut5writeEf
 875              	.LVL91:
 124:src/unit/motor_drive/motor_drive.cpp ****       }
 876              		.loc 1 124 13 is_stmt 1 view .LVU215
 124:src/unit/motor_drive/motor_drive.cpp ****       }
 877              		.loc 1 124 28 is_stmt 0 view .LVU216
 878 011a 07EE907A 		vmov	s15, r7	@ int
 879 011e F8EEE77A 		vcvt.f32.s32	s15, s15
 880 0122 9FED1F0A 		vldr.32	s0, .L61+8
 881 0126 27EE800A 		vmul.f32	s0, s15, s0
 882 012a 6069     		ldr	r0, [r4, #20]
 883 012c FFF7FEFF 		bl	_ZN12PwmSingleOut5writeEf
 884              	.LVL92:
 885 0130 B5E7     		b	.L53
 886              	.L54:
 130:src/unit/motor_drive/motor_drive.cpp ****             motor2b_->write(motor2 * -0.001f);
 887              		.loc 1 130 13 is_stmt 1 view .LVU217
 130:src/unit/motor_drive/motor_drive.cpp ****             motor2b_->write(motor2 * -0.001f);
 888              		.loc 1 130 28 is_stmt 0 view .LVU218
 889 0132 9FED1A0A 		vldr.32	s0, .L61+4
 890 0136 A069     		ldr	r0, [r4, #24]
 891 0138 FFF7FEFF 		bl	_ZN12PwmSingleOut5writeEf
 892              	.LVL93:
 131:src/unit/motor_drive/motor_drive.cpp ****       }
 893              		.loc 1 131 13 is_stmt 1 view .LVU219
 131:src/unit/motor_drive/motor_drive.cpp ****       }
 894              		.loc 1 131 28 is_stmt 0 view .LVU220
 895 013c 07EE906A 		vmov	s15, r6	@ int
 896 0140 F8EEE77A 		vcvt.f32.s32	s15, s15
 897 0144 9FED160A 		vldr.32	s0, .L61+8
 898 0148 27EE800A 		vmul.f32	s0, s15, s0
 899 014c E069     		ldr	r0, [r4, #28]
 900 014e FFF7FEFF 		bl	_ZN12PwmSingleOut5writeEf
 901              	.LVL94:
 902 0152 B6E7     		b	.L55
 903              	.L56:
 137:src/unit/motor_drive/motor_drive.cpp ****             motor3b_->write(motor3 * -0.001f);
 904              		.loc 1 137 13 is_stmt 1 view .LVU221
 137:src/unit/motor_drive/motor_drive.cpp ****             motor3b_->write(motor3 * -0.001f);
 905              		.loc 1 137 28 is_stmt 0 view .LVU222
 906 0154 9FED110A 		vldr.32	s0, .L61+4
 907 0158 206A     		ldr	r0, [r4, #32]
 908 015a FFF7FEFF 		bl	_ZN12PwmSingleOut5writeEf
 909              	.LVL95:
 138:src/unit/motor_drive/motor_drive.cpp ****       }
 910              		.loc 1 138 13 is_stmt 1 view .LVU223
 138:src/unit/motor_drive/motor_drive.cpp ****       }
ARM GAS  /var/folders/5c/srt4fy4j1pd641bjfx75k5000000gn/T//ccJC9EFJ.s 			page 21


 911              		.loc 1 138 28 is_stmt 0 view .LVU224
 912 015e 07EE905A 		vmov	s15, r5	@ int
 913 0162 F8EEE77A 		vcvt.f32.s32	s15, s15
 914 0166 9FED0E0A 		vldr.32	s0, .L61+8
 915 016a 27EE800A 		vmul.f32	s0, s15, s0
 916 016e 606A     		ldr	r0, [r4, #36]
 917 0170 FFF7FEFF 		bl	_ZN12PwmSingleOut5writeEf
 918              	.LVL96:
 919 0174 B7E7     		b	.L57
 920              	.L58:
 144:src/unit/motor_drive/motor_drive.cpp ****             motor4b_->write(motor4 * -0.001f);
 921              		.loc 1 144 13 is_stmt 1 view .LVU225
 144:src/unit/motor_drive/motor_drive.cpp ****             motor4b_->write(motor4 * -0.001f);
 922              		.loc 1 144 28 is_stmt 0 view .LVU226
 923 0176 9FED090A 		vldr.32	s0, .L61+4
 924 017a A06A     		ldr	r0, [r4, #40]
 925 017c FFF7FEFF 		bl	_ZN12PwmSingleOut5writeEf
 926              	.LVL97:
 145:src/unit/motor_drive/motor_drive.cpp ****       }
 927              		.loc 1 145 13 is_stmt 1 view .LVU227
 145:src/unit/motor_drive/motor_drive.cpp ****       }
 928              		.loc 1 145 28 is_stmt 0 view .LVU228
 929 0180 07EE908A 		vmov	s15, r8	@ int
 930 0184 F8EEE77A 		vcvt.f32.s32	s15, s15
 931 0188 9FED050A 		vldr.32	s0, .L61+8
 932 018c 27EE800A 		vmul.f32	s0, s15, s0
 933 0190 E06A     		ldr	r0, [r4, #44]
 934 0192 FFF7FEFF 		bl	_ZN12PwmSingleOut5writeEf
 935              	.LVL98:
 936              		.loc 1 147 1 view .LVU229
 937 0196 B9E7     		b	.L47
 938              	.L62:
 939              		.align	2
 940              	.L61:
 941 0198 6F12833A 		.word	981668463
 942 019c 00000000 		.word	0
 943 01a0 6F1283BA 		.word	-1165815185
 944              		.cfi_endproc
 945              	.LFE254:
 946              		.cantunwind
 947              		.fnend
 949              		.global	__aeabi_dcmpgt
 950              		.global	__aeabi_dadd
 951              		.global	__aeabi_d2f
 952              		.global	__aeabi_dsub
 953              		.global	__aeabi_i2d
 954              		.section	.text._ZN10MotorDrive5DriveEsffsfh,"ax",%progbits
 955              		.align	1
 956              		.global	_ZN10MotorDrive5DriveEsffsfh
 957              		.syntax unified
 958              		.thumb
 959              		.thumb_func
 961              	_ZN10MotorDrive5DriveEsffsfh:
 962              		.fnstart
 963              	.LVL99:
 964              	.LFB253:
  36:src/unit/motor_drive/motor_drive.cpp ****       float target_rad_s[MOTOR_QTY];
ARM GAS  /var/folders/5c/srt4fy4j1pd641bjfx75k5000000gn/T//ccJC9EFJ.s 			page 22


 965              		.loc 1 36 160 is_stmt 1 view -0
 966              		.cfi_startproc
 967              		@ args = 0, pretend = 0, frame = 24
 968              		@ frame_needed = 0, uses_anonymous_args = 0
  36:src/unit/motor_drive/motor_drive.cpp ****       float target_rad_s[MOTOR_QTY];
 969              		.loc 1 36 160 is_stmt 0 view .LVU231
 970 0000 2DE9F04F 		push	{r4, r5, r6, r7, r8, r9, r10, fp, lr}
 971              		.save {r4, r5, r6, r7, r8, r9, r10, fp, lr}
 972              	.LCFI6:
 973              		.cfi_def_cfa_offset 36
 974              		.cfi_offset 4, -36
 975              		.cfi_offset 5, -32
 976              		.cfi_offset 6, -28
 977              		.cfi_offset 7, -24
 978              		.cfi_offset 8, -20
 979              		.cfi_offset 9, -16
 980              		.cfi_offset 10, -12
 981              		.cfi_offset 11, -8
 982              		.cfi_offset 14, -4
 983 0004 2DED068B 		vpush.64	{d8, d9, d10}
 984              		.vsave {d8, d9, d10}
 985              	.LCFI7:
 986              		.cfi_def_cfa_offset 60
 987              		.cfi_offset 80, -60
 988              		.cfi_offset 81, -56
 989              		.cfi_offset 82, -52
 990              		.cfi_offset 83, -48
 991              		.cfi_offset 84, -44
 992              		.cfi_offset 85, -40
 993              		.pad #36
 994 0008 89B0     		sub	sp, sp, #36
 995              	.LCFI8:
 996              		.cfi_def_cfa_offset 96
 997 000a 0446     		mov	r4, r0
 998 000c 0E46     		mov	r6, r1
 999 000e F0EE408A 		vmov.f32	s17, s0
 1000 0012 B0EE608A 		vmov.f32	s16, s1
 1001 0016 09EE102A 		vmov	s18, r2	@ int
 1002 001a F0EE419A 		vmov.f32	s19, s2
 1003 001e 9846     		mov	r8, r3
  37:src/unit/motor_drive/motor_drive.cpp ****       static float pre_target_rad_s[MOTOR_QTY];
 1004              		.loc 1 37 7 is_stmt 1 view .LVU232
  38:src/unit/motor_drive/motor_drive.cpp **** 
 1005              		.loc 1 38 7 view .LVU233
  40:src/unit/motor_drive/motor_drive.cpp ****       static float move_speed = 0;
 1006              		.loc 1 40 7 view .LVU234
  41:src/unit/motor_drive/motor_drive.cpp **** 
 1007              		.loc 1 41 7 view .LVU235
  43:src/unit/motor_drive/motor_drive.cpp ****       dt_timer.reset();
 1008              		.loc 1 43 7 view .LVU236
  43:src/unit/motor_drive/motor_drive.cpp ****       dt_timer.reset();
 1009              		.loc 1 43 32 is_stmt 0 view .LVU237
 1010 0020 00F57365 		add	r5, r0, #3888
 1011 0024 2846     		mov	r0, r5
 1012              	.LVL100:
  43:src/unit/motor_drive/motor_drive.cpp ****       dt_timer.reset();
 1013              		.loc 1 43 32 view .LVU238
ARM GAS  /var/folders/5c/srt4fy4j1pd641bjfx75k5000000gn/T//ccJC9EFJ.s 			page 23


 1014 0026 FFF7FEFF 		bl	_ZN5Timer4readEv
 1015              	.LVL101:
  43:src/unit/motor_drive/motor_drive.cpp ****       dt_timer.reset();
 1016              		.loc 1 43 32 view .LVU239
 1017 002a 5BEC10AB 		vmov	r10, fp, d0
 1018              	.LVL102:
  44:src/unit/motor_drive/motor_drive.cpp **** 
 1019              		.loc 1 44 7 is_stmt 1 view .LVU240
  44:src/unit/motor_drive/motor_drive.cpp **** 
 1020              		.loc 1 44 21 is_stmt 0 view .LVU241
 1021 002e 2846     		mov	r0, r5
 1022 0030 FFF7FEFF 		bl	_ZN5Timer5resetEv
 1023              	.LVL103:
  46:src/unit/motor_drive/motor_drive.cpp ****             move_speed = 0;
 1024              		.loc 1 46 7 is_stmt 1 view .LVU242
 1025              	.LBB5:
 1026 0034 CCA3     		adr	r3, .L126+24
 1027 0036 D3E90023 		ldrd	r2, [r3]
 1028 003a 5046     		mov	r0, r10
 1029 003c 5946     		mov	r1, fp
 1030 003e FFF7FEFF 		bl	__aeabi_dcmpgt
 1031              	.LVL104:
 1032 0042 80B3     		cbz	r0, .L112
 1033              	.LBB6:
  47:src/unit/motor_drive/motor_drive.cpp ****             for (uint8_t i = 0; i < MOTOR_QTY; i++) motor_pid[i].ResetI();
 1034              		.loc 1 47 13 view .LVU243
  47:src/unit/motor_drive/motor_drive.cpp ****             for (uint8_t i = 0; i < MOTOR_QTY; i++) motor_pid[i].ResetI();
 1035              		.loc 1 47 24 is_stmt 0 view .LVU244
 1036 0044 C44B     		ldr	r3, .L126+8
 1037 0046 0022     		movs	r2, #0
 1038 0048 1A60     		str	r2, [r3]	@ float
  48:src/unit/motor_drive/motor_drive.cpp ****       } else {
 1039              		.loc 1 48 13 is_stmt 1 view .LVU245
 1040              	.LVL105:
 1041              	.LBB7:
  48:src/unit/motor_drive/motor_drive.cpp ****       } else {
 1042              		.loc 1 48 26 is_stmt 0 view .LVU246
 1043 004a 0025     		movs	r5, #0
  48:src/unit/motor_drive/motor_drive.cpp ****       } else {
 1044              		.loc 1 48 13 view .LVU247
 1045 004c 09E0     		b	.L66
 1046              	.LVL106:
 1047              	.L67:
  48:src/unit/motor_drive/motor_drive.cpp ****       } else {
 1048              		.loc 1 48 53 is_stmt 1 discriminator 4 view .LVU248
  48:src/unit/motor_drive/motor_drive.cpp ****       } else {
 1049              		.loc 1 48 72 is_stmt 0 discriminator 4 view .LVU249
 1050 004e 6820     		movs	r0, #104
 1051 0050 05FB00F0 		mul	r0, r5, r0
 1052 0054 00F55160 		add	r0, r0, #3344
 1053 0058 2044     		add	r0, r0, r4
 1054 005a FFF7FEFF 		bl	_ZN3PID6ResetIEv
 1055              	.LVL107:
  48:src/unit/motor_drive/motor_drive.cpp ****       } else {
 1056              		.loc 1 48 13 is_stmt 1 discriminator 4 view .LVU250
 1057 005e 0135     		adds	r5, r5, #1
 1058              	.LVL108:
ARM GAS  /var/folders/5c/srt4fy4j1pd641bjfx75k5000000gn/T//ccJC9EFJ.s 			page 24


  48:src/unit/motor_drive/motor_drive.cpp ****       } else {
 1059              		.loc 1 48 13 is_stmt 0 discriminator 4 view .LVU251
 1060 0060 EDB2     		uxtb	r5, r5
 1061              	.LVL109:
 1062              	.L66:
  48:src/unit/motor_drive/motor_drive.cpp ****       } else {
 1063              		.loc 1 48 35 is_stmt 1 discriminator 3 view .LVU252
 1064 0062 032D     		cmp	r5, #3
 1065 0064 F3D9     		bls	.L67
 1066              	.LVL110:
 1067              	.L68:
  48:src/unit/motor_drive/motor_drive.cpp ****       } else {
 1068              		.loc 1 48 35 is_stmt 0 discriminator 3 view .LVU253
 1069              	.LBE7:
 1070              	.LBE6:
 1071              	.LBE5:
  62:src/unit/motor_drive/motor_drive.cpp ****       float vel_y = move_speed * MyMath::sinDeg(target_move_dir);
 1072              		.loc 1 62 7 is_stmt 1 view .LVU254
  62:src/unit/motor_drive/motor_drive.cpp ****       float vel_y = move_speed * MyMath::sinDeg(target_move_dir);
 1073              		.loc 1 62 48 is_stmt 0 view .LVU255
 1074 0066 3046     		mov	r0, r6
 1075 0068 FFF7FEFF 		bl	cosDeg
 1076              	.LVL111:
  62:src/unit/motor_drive/motor_drive.cpp ****       float vel_y = move_speed * MyMath::sinDeg(target_move_dir);
 1077              		.loc 1 62 32 view .LVU256
 1078 006c BA4D     		ldr	r5, .L126+8
 1079 006e D5ED00AA 		vldr.32	s21, [r5]
  62:src/unit/motor_drive/motor_drive.cpp ****       float vel_y = move_speed * MyMath::sinDeg(target_move_dir);
 1080              		.loc 1 62 64 view .LVU257
 1081 0072 6AEE80AA 		vmul.f32	s21, s21, s0
 1082              	.LVL112:
  63:src/unit/motor_drive/motor_drive.cpp **** 
 1083              		.loc 1 63 7 is_stmt 1 view .LVU258
  63:src/unit/motor_drive/motor_drive.cpp **** 
 1084              		.loc 1 63 48 is_stmt 0 view .LVU259
 1085 0076 3046     		mov	r0, r6
 1086 0078 FFF7FEFF 		bl	sinDeg
 1087              	.LVL113:
  63:src/unit/motor_drive/motor_drive.cpp **** 
 1088              		.loc 1 63 32 view .LVU260
 1089 007c 95ED00AA 		vldr.32	s20, [r5]
  63:src/unit/motor_drive/motor_drive.cpp **** 
 1090              		.loc 1 63 64 view .LVU261
 1091 0080 2AEE00AA 		vmul.f32	s20, s20, s0
 1092              	.LVL114:
  65:src/unit/motor_drive/motor_drive.cpp ****       for (uint8_t i = 0; i < MOTOR_QTY; i++) {
 1093              		.loc 1 65 7 is_stmt 1 view .LVU262
  65:src/unit/motor_drive/motor_drive.cpp ****       for (uint8_t i = 0; i < MOTOR_QTY; i++) {
 1094              		.loc 1 65 18 is_stmt 0 view .LVU263
 1095 0084 04F56B69 		add	r9, r4, #3760
  65:src/unit/motor_drive/motor_drive.cpp ****       for (uint8_t i = 0; i < MOTOR_QTY; i++) {
 1096              		.loc 1 65 20 view .LVU264
 1097 0088 D4F8183F 		ldr	r3, [r4, #3864]
  65:src/unit/motor_drive/motor_drive.cpp ****       for (uint8_t i = 0; i < MOTOR_QTY; i++) {
 1098              		.loc 1 65 19 view .LVU265
 1099 008c B3F90030 		ldrsh	r3, [r3]
 1100 0090 00EE103A 		vmov	s0, r3	@ int
ARM GAS  /var/folders/5c/srt4fy4j1pd641bjfx75k5000000gn/T//ccJC9EFJ.s 			page 25


  65:src/unit/motor_drive/motor_drive.cpp ****       for (uint8_t i = 0; i < MOTOR_QTY; i++) {
 1101              		.loc 1 65 18 view .LVU266
 1102 0094 F8EEC90A 		vcvt.f32.s32	s1, s18
 1103 0098 B8EEC00A 		vcvt.f32.s32	s0, s0
 1104 009c 4846     		mov	r0, r9
 1105 009e FFF7FEFF 		bl	_ZN3PID7ComputeEff
 1106              	.LVL115:
 1107              	.LBB9:
  66:src/unit/motor_drive/motor_drive.cpp ****             float robot_rotation_speed = pid.Get();
 1108              		.loc 1 66 20 view .LVU267
 1109 00a2 0025     		movs	r5, #0
 1110 00a4 96E0     		b	.L75
 1111              	.LVL116:
 1112              	.L112:
  66:src/unit/motor_drive/motor_drive.cpp ****             float robot_rotation_speed = pid.Get();
 1113              		.loc 1 66 20 view .LVU268
 1114              	.LBE9:
 1115              	.LBB12:
 1116              	.LBB8:
  50:src/unit/motor_drive/motor_drive.cpp ****             if (move_acce == 0) {
 1117              		.loc 1 50 13 is_stmt 1 view .LVU269
  50:src/unit/motor_drive/motor_drive.cpp ****             if (move_acce == 0) {
 1118              		.loc 1 50 35 is_stmt 0 view .LVU270
 1119 00a6 18EE100A 		vmov	r0, s16
 1120 00aa FFF7FEFF 		bl	__aeabi_f2d
 1121              	.LVL117:
  50:src/unit/motor_drive/motor_drive.cpp ****             if (move_acce == 0) {
 1122              		.loc 1 50 20 view .LVU271
 1123 00ae 5246     		mov	r2, r10
 1124 00b0 5B46     		mov	r3, fp
 1125 00b2 FFF7FEFF 		bl	__aeabi_dmul
 1126              	.LVL118:
 1127 00b6 8246     		mov	r10, r0
 1128              	.LVL119:
  50:src/unit/motor_drive/motor_drive.cpp ****             if (move_acce == 0) {
 1129              		.loc 1 50 20 view .LVU272
 1130 00b8 8B46     		mov	fp, r1
 1131              	.LVL120:
  51:src/unit/motor_drive/motor_drive.cpp ****                   move_speed = target_move_speed;
 1132              		.loc 1 51 13 is_stmt 1 view .LVU273
 1133 00ba B5EE408A 		vcmp.f32	s16, #0
 1134 00be F1EE10FA 		vmrs	APSR_nzcv, FPSCR
 1135 00c2 03D1     		bne	.L69
  52:src/unit/motor_drive/motor_drive.cpp ****             } else if (target_move_speed > move_speed) {
 1136              		.loc 1 52 19 view .LVU274
  52:src/unit/motor_drive/motor_drive.cpp ****             } else if (target_move_speed > move_speed) {
 1137              		.loc 1 52 30 is_stmt 0 view .LVU275
 1138 00c4 A44B     		ldr	r3, .L126+8
 1139 00c6 C3ED008A 		vstr.32	s17, [r3]
 1140 00ca CCE7     		b	.L68
 1141              	.L69:
  53:src/unit/motor_drive/motor_drive.cpp ****                   move_speed += speed_change;
 1142              		.loc 1 53 20 is_stmt 1 view .LVU276
  53:src/unit/motor_drive/motor_drive.cpp ****                   move_speed += speed_change;
 1143              		.loc 1 53 42 is_stmt 0 view .LVU277
 1144 00cc A24B     		ldr	r3, .L126+8
 1145 00ce D3ED007A 		vldr.32	s15, [r3]
ARM GAS  /var/folders/5c/srt4fy4j1pd641bjfx75k5000000gn/T//ccJC9EFJ.s 			page 26


  53:src/unit/motor_drive/motor_drive.cpp ****                   move_speed += speed_change;
 1146              		.loc 1 53 20 view .LVU278
 1147 00d2 F4EEE87A 		vcmpe.f32	s15, s17
 1148 00d6 F1EE10FA 		vmrs	APSR_nzcv, FPSCR
 1149 00da 15D5     		bpl	.L113
  54:src/unit/motor_drive/motor_drive.cpp ****                   if (move_speed > target_move_speed) move_speed = target_move_speed;
 1150              		.loc 1 54 19 is_stmt 1 view .LVU279
  54:src/unit/motor_drive/motor_drive.cpp ****                   if (move_speed > target_move_speed) move_speed = target_move_speed;
 1151              		.loc 1 54 30 is_stmt 0 view .LVU280
 1152 00dc 17EE900A 		vmov	r0, s15
 1153 00e0 FFF7FEFF 		bl	__aeabi_f2d
 1154              	.LVL121:
 1155 00e4 5246     		mov	r2, r10
 1156 00e6 5B46     		mov	r3, fp
 1157 00e8 FFF7FEFF 		bl	__aeabi_dadd
 1158              	.LVL122:
 1159 00ec FFF7FEFF 		bl	__aeabi_d2f
 1160              	.LVL123:
 1161 00f0 07EE900A 		vmov	s15, r0
 1162 00f4 984B     		ldr	r3, .L126+8
 1163 00f6 1860     		str	r0, [r3]	@ float
  55:src/unit/motor_drive/motor_drive.cpp ****             } else if (target_move_speed < move_speed) {
 1164              		.loc 1 55 19 is_stmt 1 view .LVU281
 1165 00f8 F4EEE87A 		vcmpe.f32	s15, s17
 1166 00fc F1EE10FA 		vmrs	APSR_nzcv, FPSCR
 1167 0100 B1DD     		ble	.L68
  55:src/unit/motor_drive/motor_drive.cpp ****             } else if (target_move_speed < move_speed) {
 1168              		.loc 1 55 55 discriminator 1 view .LVU282
  55:src/unit/motor_drive/motor_drive.cpp ****             } else if (target_move_speed < move_speed) {
 1169              		.loc 1 55 66 is_stmt 0 discriminator 1 view .LVU283
 1170 0102 C3ED008A 		vstr.32	s17, [r3]
 1171 0106 AEE7     		b	.L68
 1172              	.L113:
  56:src/unit/motor_drive/motor_drive.cpp ****                   move_speed -= speed_change;
 1173              		.loc 1 56 20 is_stmt 1 view .LVU284
 1174 0108 F4EEE87A 		vcmpe.f32	s15, s17
 1175 010c F1EE10FA 		vmrs	APSR_nzcv, FPSCR
 1176 0110 A9DD     		ble	.L68
  57:src/unit/motor_drive/motor_drive.cpp ****                   if (move_speed < target_move_speed) move_speed = target_move_speed;
 1177              		.loc 1 57 19 view .LVU285
  57:src/unit/motor_drive/motor_drive.cpp ****                   if (move_speed < target_move_speed) move_speed = target_move_speed;
 1178              		.loc 1 57 30 is_stmt 0 view .LVU286
 1179 0112 17EE900A 		vmov	r0, s15
 1180 0116 FFF7FEFF 		bl	__aeabi_f2d
 1181              	.LVL124:
 1182 011a 5246     		mov	r2, r10
 1183 011c 5B46     		mov	r3, fp
 1184 011e FFF7FEFF 		bl	__aeabi_dsub
 1185              	.LVL125:
 1186 0122 FFF7FEFF 		bl	__aeabi_d2f
 1187              	.LVL126:
 1188 0126 07EE900A 		vmov	s15, r0
 1189 012a 8B4B     		ldr	r3, .L126+8
 1190 012c 1860     		str	r0, [r3]	@ float
  58:src/unit/motor_drive/motor_drive.cpp ****             }
 1191              		.loc 1 58 19 is_stmt 1 view .LVU287
 1192 012e F4EEE87A 		vcmpe.f32	s15, s17
ARM GAS  /var/folders/5c/srt4fy4j1pd641bjfx75k5000000gn/T//ccJC9EFJ.s 			page 27


 1193 0132 F1EE10FA 		vmrs	APSR_nzcv, FPSCR
 1194 0136 96D5     		bpl	.L68
  58:src/unit/motor_drive/motor_drive.cpp ****             }
 1195              		.loc 1 58 55 discriminator 1 view .LVU288
  58:src/unit/motor_drive/motor_drive.cpp ****             }
 1196              		.loc 1 58 66 is_stmt 0 discriminator 1 view .LVU289
 1197 0138 C3ED008A 		vstr.32	s17, [r3]
 1198 013c 93E7     		b	.L68
 1199              	.LVL127:
 1200              	.L118:
  58:src/unit/motor_drive/motor_drive.cpp ****             }
 1201              		.loc 1 58 66 discriminator 1 view .LVU290
 1202              	.LBE8:
 1203              	.LBE12:
 1204              	.LBB13:
 1205              	.LBB10:
  68:src/unit/motor_drive/motor_drive.cpp ****             if (rotation_center == FRONT) {
 1206              		.loc 1 68 17 discriminator 2 view .LVU291
 1207 013e F1EE407A 		vneg.f32	s15, s0
 1208 0142 55E0     		b	.L76
 1209              	.LVL128:
 1210              	.L119:
  70:src/unit/motor_drive/motor_drive.cpp ****                   if (i == 0 || i == 3) robot_rotation_speed = 0;
 1211              		.loc 1 70 19 is_stmt 1 view .LVU292
  70:src/unit/motor_drive/motor_drive.cpp ****                   if (i == 0 || i == 3) robot_rotation_speed = 0;
 1212              		.loc 1 70 40 is_stmt 0 view .LVU293
 1213 0144 38EE088A 		vadd.f32	s16, s16, s16
 1214              	.LVL129:
  71:src/unit/motor_drive/motor_drive.cpp ****             } else if (rotation_center == RIGHT) {
 1215              		.loc 1 71 19 is_stmt 1 view .LVU294
 1216 0148 002D     		cmp	r5, #0
 1217 014a 00F08480 		beq	.L97
  71:src/unit/motor_drive/motor_drive.cpp ****             } else if (rotation_center == RIGHT) {
 1218              		.loc 1 71 30 is_stmt 0 discriminator 2 view .LVU295
 1219 014e 032D     		cmp	r5, #3
 1220 0150 00F08480 		beq	.L116
 1221              	.LVL130:
 1222              	.L80:
  82:src/unit/motor_drive/motor_drive.cpp ****       }
 1223              		.loc 1 82 13 is_stmt 1 view .LVU296
  82:src/unit/motor_drive/motor_drive.cpp ****       }
 1224              		.loc 1 82 81 is_stmt 0 view .LVU297
 1225 0154 5A26     		movs	r6, #90
 1226 0156 05FB06F6 		mul	r6, r5, r6
  82:src/unit/motor_drive/motor_drive.cpp ****       }
 1227              		.loc 1 82 71 view .LVU298
 1228 015a 2D36     		adds	r6, r6, #45
 1229 015c 3046     		mov	r0, r6
 1230 015e FFF7FEFF 		bl	sinDeg
 1231              	.LVL131:
  82:src/unit/motor_drive/motor_drive.cpp ****       }
 1232              		.loc 1 82 55 view .LVU299
 1233 0162 B1EE409A 		vneg.f32	s18, s0
  82:src/unit/motor_drive/motor_drive.cpp ****       }
 1234              		.loc 1 82 103 view .LVU300
 1235 0166 2D20     		movs	r0, #45
 1236 0168 FFF7FEFF 		bl	cosDeg
ARM GAS  /var/folders/5c/srt4fy4j1pd641bjfx75k5000000gn/T//ccJC9EFJ.s 			page 28


 1237              	.LVL132:
  82:src/unit/motor_drive/motor_drive.cpp ****       }
 1238              		.loc 1 82 87 view .LVU301
 1239 016c 29EE009A 		vmul.f32	s18, s18, s0
  82:src/unit/motor_drive/motor_drive.cpp ****       }
 1240              		.loc 1 82 108 view .LVU302
 1241 0170 29EE2A9A 		vmul.f32	s18, s18, s21
  82:src/unit/motor_drive/motor_drive.cpp ****       }
 1242              		.loc 1 82 134 view .LVU303
 1243 0174 3046     		mov	r0, r6
 1244 0176 FFF7FEFF 		bl	cosDeg
 1245              	.LVL133:
 1246 017a F0EE408A 		vmov.f32	s17, s0
  82:src/unit/motor_drive/motor_drive.cpp ****       }
 1247              		.loc 1 82 166 view .LVU304
 1248 017e 2D20     		movs	r0, #45
 1249 0180 FFF7FEFF 		bl	cosDeg
 1250              	.LVL134:
  82:src/unit/motor_drive/motor_drive.cpp ****       }
 1251              		.loc 1 82 150 view .LVU305
 1252 0184 68EE808A 		vmul.f32	s17, s17, s0
  82:src/unit/motor_drive/motor_drive.cpp ****       }
 1253              		.loc 1 82 171 view .LVU306
 1254 0188 68EE8A8A 		vmul.f32	s17, s17, s20
  82:src/unit/motor_drive/motor_drive.cpp ****       }
 1255              		.loc 1 82 117 view .LVU307
 1256 018c 79EE287A 		vadd.f32	s15, s18, s17
 1257 0190 17EE900A 		vmov	r0, s15
 1258 0194 FFF7FEFF 		bl	__aeabi_f2d
 1259              	.LVL135:
 1260 0198 0646     		mov	r6, r0
 1261 019a 0F46     		mov	r7, r1
  82:src/unit/motor_drive/motor_drive.cpp ****       }
 1262              		.loc 1 82 192 view .LVU308
 1263 019c 18EE100A 		vmov	r0, s16
 1264 01a0 FFF7FEFF 		bl	__aeabi_f2d
 1265              	.LVL136:
  82:src/unit/motor_drive/motor_drive.cpp ****       }
 1266              		.loc 1 82 190 view .LVU309
 1267 01a4 6AA3     		adr	r3, .L126
 1268 01a6 D3E90023 		ldrd	r2, [r3]
 1269 01aa FFF7FEFF 		bl	__aeabi_dmul
 1270              	.LVL137:
 1271 01ae 0246     		mov	r2, r0
 1272 01b0 0B46     		mov	r3, r1
  82:src/unit/motor_drive/motor_drive.cpp ****       }
 1273              		.loc 1 82 180 view .LVU310
 1274 01b2 3046     		mov	r0, r6
 1275 01b4 3946     		mov	r1, r7
 1276 01b6 FFF7FEFF 		bl	__aeabi_dadd
 1277              	.LVL138:
  82:src/unit/motor_drive/motor_drive.cpp ****       }
 1278              		.loc 1 82 48 view .LVU311
 1279 01ba 0022     		movs	r2, #0
 1280 01bc 674B     		ldr	r3, .L126+12
 1281 01be FFF7FEFF 		bl	__aeabi_dmul
 1282              	.LVL139:
ARM GAS  /var/folders/5c/srt4fy4j1pd641bjfx75k5000000gn/T//ccJC9EFJ.s 			page 29


 1283 01c2 FFF7FEFF 		bl	__aeabi_d2f
 1284              	.LVL140:
  82:src/unit/motor_drive/motor_drive.cpp ****       }
 1285              		.loc 1 82 29 view .LVU312
 1286 01c6 08AB     		add	r3, sp, #32
 1287 01c8 03EB8503 		add	r3, r3, r5, lsl #2
 1288 01cc 43F8100C 		str	r0, [r3, #-16]	@ float
 1289              	.LBE10:
  66:src/unit/motor_drive/motor_drive.cpp ****             float robot_rotation_speed = pid.Get();
 1290              		.loc 1 66 7 is_stmt 1 view .LVU313
 1291 01d0 0135     		adds	r5, r5, #1
 1292              	.LVL141:
  66:src/unit/motor_drive/motor_drive.cpp ****             float robot_rotation_speed = pid.Get();
 1293              		.loc 1 66 7 is_stmt 0 view .LVU314
 1294 01d2 EDB2     		uxtb	r5, r5
 1295              	.LVL142:
 1296              	.L75:
  66:src/unit/motor_drive/motor_drive.cpp ****             float robot_rotation_speed = pid.Get();
 1297              		.loc 1 66 29 is_stmt 1 discriminator 2 view .LVU315
 1298 01d4 032D     		cmp	r5, #3
 1299 01d6 44D8     		bhi	.L117
 1300              	.LBB11:
  67:src/unit/motor_drive/motor_drive.cpp ****             if (abs(robot_rotation_speed) > rotation_speed && rotation_speed != 0) robot_rotation_s
 1301              		.loc 1 67 13 view .LVU316
  67:src/unit/motor_drive/motor_drive.cpp ****             if (abs(robot_rotation_speed) > rotation_speed && rotation_speed != 0) robot_rotation_s
 1302              		.loc 1 67 49 is_stmt 0 view .LVU317
 1303 01d8 4846     		mov	r0, r9
 1304 01da FFF7FEFF 		bl	_ZN3PID3GetEv
 1305              	.LVL143:
 1306 01de B0EE408A 		vmov.f32	s16, s0
 1307              	.LVL144:
  68:src/unit/motor_drive/motor_drive.cpp ****             if (rotation_center == FRONT) {
 1308              		.loc 1 68 13 is_stmt 1 view .LVU318
  68:src/unit/motor_drive/motor_drive.cpp ****             if (rotation_center == FRONT) {
 1309              		.loc 1 68 17 is_stmt 0 view .LVU319
 1310 01e2 B5EEC00A 		vcmpe.f32	s0, #0
 1311 01e6 F1EE10FA 		vmrs	APSR_nzcv, FPSCR
 1312 01ea A8DD     		ble	.L118
 1313 01ec F0EE407A 		vmov.f32	s15, s0
 1314              	.L76:
  68:src/unit/motor_drive/motor_drive.cpp ****             if (rotation_center == FRONT) {
 1315              		.loc 1 68 13 discriminator 4 view .LVU320
 1316 01f0 F4EEE97A 		vcmpe.f32	s15, s19
 1317 01f4 F1EE10FA 		vmrs	APSR_nzcv, FPSCR
 1318 01f8 08DD     		ble	.L77
  68:src/unit/motor_drive/motor_drive.cpp ****             if (rotation_center == FRONT) {
 1319              		.loc 1 68 60 discriminator 5 view .LVU321
 1320 01fa F5EE409A 		vcmp.f32	s19, #0
 1321 01fe F1EE10FA 		vmrs	APSR_nzcv, FPSCR
 1322 0202 03D0     		beq	.L77
  68:src/unit/motor_drive/motor_drive.cpp ****             if (rotation_center == FRONT) {
 1323              		.loc 1 68 84 is_stmt 1 discriminator 10 view .LVU322
  68:src/unit/motor_drive/motor_drive.cpp ****             if (rotation_center == FRONT) {
 1324              		.loc 1 68 151 is_stmt 0 discriminator 10 view .LVU323
 1325 0204 87EE887A 		vdiv.f32	s14, s15, s16
  68:src/unit/motor_drive/motor_drive.cpp ****             if (rotation_center == FRONT) {
 1326              		.loc 1 68 105 discriminator 10 view .LVU324
ARM GAS  /var/folders/5c/srt4fy4j1pd641bjfx75k5000000gn/T//ccJC9EFJ.s 			page 30


 1327 0208 27EE298A 		vmul.f32	s16, s14, s19
 1328              	.LVL145:
 1329              	.L77:
  69:src/unit/motor_drive/motor_drive.cpp ****                   robot_rotation_speed *= 2;
 1330              		.loc 1 69 13 is_stmt 1 view .LVU325
 1331 020c B8F1010F 		cmp	r8, #1
 1332 0210 98D0     		beq	.L119
  72:src/unit/motor_drive/motor_drive.cpp ****                   robot_rotation_speed *= 2;
 1333              		.loc 1 72 20 view .LVU326
 1334 0212 B8F1020F 		cmp	r8, #2
 1335 0216 0ED0     		beq	.L120
  75:src/unit/motor_drive/motor_drive.cpp ****                   robot_rotation_speed *= 2;
 1336              		.loc 1 75 20 view .LVU327
 1337 0218 B8F1030F 		cmp	r8, #3
 1338 021c 12D0     		beq	.L121
  78:src/unit/motor_drive/motor_drive.cpp ****                   robot_rotation_speed *= 2;
 1339              		.loc 1 78 20 view .LVU328
 1340 021e B8F1040F 		cmp	r8, #4
 1341 0222 97D1     		bne	.L80
  79:src/unit/motor_drive/motor_drive.cpp ****                   if (i == 2 || i == 3) robot_rotation_speed = 0;
 1342              		.loc 1 79 19 view .LVU329
  79:src/unit/motor_drive/motor_drive.cpp ****                   if (i == 2 || i == 3) robot_rotation_speed = 0;
 1343              		.loc 1 79 40 is_stmt 0 view .LVU330
 1344 0224 38EE088A 		vadd.f32	s16, s16, s16
 1345              	.LVL146:
  80:src/unit/motor_drive/motor_drive.cpp ****             }
 1346              		.loc 1 80 19 is_stmt 1 view .LVU331
  80:src/unit/motor_drive/motor_drive.cpp ****             }
 1347              		.loc 1 80 30 is_stmt 0 view .LVU332
 1348 0228 AB1E     		subs	r3, r5, #2
 1349 022a DBB2     		uxtb	r3, r3
  80:src/unit/motor_drive/motor_drive.cpp ****             }
 1350              		.loc 1 80 19 view .LVU333
 1351 022c 012B     		cmp	r3, #1
 1352 022e 91D8     		bhi	.L80
  80:src/unit/motor_drive/motor_drive.cpp ****             }
 1353              		.loc 1 80 62 view .LVU334
 1354 0230 9FED4B8A 		vldr.32	s16, .L126+16
 1355              	.LVL147:
  80:src/unit/motor_drive/motor_drive.cpp ****             }
 1356              		.loc 1 80 62 view .LVU335
 1357 0234 8EE7     		b	.L80
 1358              	.LVL148:
 1359              	.L120:
  73:src/unit/motor_drive/motor_drive.cpp ****                   if (i == 0 || i == 1) robot_rotation_speed = 0;
 1360              		.loc 1 73 19 is_stmt 1 view .LVU336
  73:src/unit/motor_drive/motor_drive.cpp ****                   if (i == 0 || i == 1) robot_rotation_speed = 0;
 1361              		.loc 1 73 40 is_stmt 0 view .LVU337
 1362 0236 38EE088A 		vadd.f32	s16, s16, s16
 1363              	.LVL149:
  74:src/unit/motor_drive/motor_drive.cpp ****             } else if (rotation_center == BACK) {
 1364              		.loc 1 74 19 is_stmt 1 view .LVU338
 1365 023a 012D     		cmp	r5, #1
 1366 023c 8AD8     		bhi	.L80
  74:src/unit/motor_drive/motor_drive.cpp ****             } else if (rotation_center == BACK) {
 1367              		.loc 1 74 62 is_stmt 0 view .LVU339
 1368 023e 9FED488A 		vldr.32	s16, .L126+16
ARM GAS  /var/folders/5c/srt4fy4j1pd641bjfx75k5000000gn/T//ccJC9EFJ.s 			page 31


 1369              	.LVL150:
  74:src/unit/motor_drive/motor_drive.cpp ****             } else if (rotation_center == BACK) {
 1370              		.loc 1 74 62 view .LVU340
 1371 0242 87E7     		b	.L80
 1372              	.LVL151:
 1373              	.L121:
  76:src/unit/motor_drive/motor_drive.cpp ****                   if (i == 1 || i == 2) robot_rotation_speed = 0;
 1374              		.loc 1 76 19 is_stmt 1 view .LVU341
  76:src/unit/motor_drive/motor_drive.cpp ****                   if (i == 1 || i == 2) robot_rotation_speed = 0;
 1375              		.loc 1 76 40 is_stmt 0 view .LVU342
 1376 0244 38EE088A 		vadd.f32	s16, s16, s16
 1377              	.LVL152:
  77:src/unit/motor_drive/motor_drive.cpp ****             } else if (rotation_center == LEFT) {
 1378              		.loc 1 77 19 is_stmt 1 view .LVU343
  77:src/unit/motor_drive/motor_drive.cpp ****             } else if (rotation_center == LEFT) {
 1379              		.loc 1 77 30 is_stmt 0 view .LVU344
 1380 0248 6B1E     		subs	r3, r5, #1
 1381 024a DBB2     		uxtb	r3, r3
  77:src/unit/motor_drive/motor_drive.cpp ****             } else if (rotation_center == LEFT) {
 1382              		.loc 1 77 19 view .LVU345
 1383 024c 012B     		cmp	r3, #1
 1384 024e 81D8     		bhi	.L80
  77:src/unit/motor_drive/motor_drive.cpp ****             } else if (rotation_center == LEFT) {
 1385              		.loc 1 77 62 view .LVU346
 1386 0250 9FED438A 		vldr.32	s16, .L126+16
 1387              	.LVL153:
  77:src/unit/motor_drive/motor_drive.cpp ****             } else if (rotation_center == LEFT) {
 1388              		.loc 1 77 62 view .LVU347
 1389 0254 7EE7     		b	.L80
 1390              	.LVL154:
 1391              	.L97:
  71:src/unit/motor_drive/motor_drive.cpp ****             } else if (rotation_center == RIGHT) {
 1392              		.loc 1 71 62 view .LVU348
 1393 0256 9FED428A 		vldr.32	s16, .L126+16
 1394              	.LVL155:
  71:src/unit/motor_drive/motor_drive.cpp ****             } else if (rotation_center == RIGHT) {
 1395              		.loc 1 71 62 view .LVU349
 1396 025a 7BE7     		b	.L80
 1397              	.LVL156:
 1398              	.L116:
  71:src/unit/motor_drive/motor_drive.cpp ****             } else if (rotation_center == RIGHT) {
 1399              		.loc 1 71 62 view .LVU350
 1400 025c 9FED408A 		vldr.32	s16, .L126+16
 1401              	.LVL157:
  71:src/unit/motor_drive/motor_drive.cpp ****             } else if (rotation_center == RIGHT) {
 1402              		.loc 1 71 62 view .LVU351
 1403 0260 78E7     		b	.L80
 1404              	.LVL158:
 1405              	.L117:
  71:src/unit/motor_drive/motor_drive.cpp ****             } else if (rotation_center == RIGHT) {
 1406              		.loc 1 71 62 view .LVU352
 1407              	.LBE11:
 1408              	.LBE13:
 1409              	.LBB14:
  86:src/unit/motor_drive/motor_drive.cpp ****             if (target_rad_s[i] == 0 || ((pre_target_rad_s[i] / abs(pre_target_rad_s[i])) != (targe
 1410              		.loc 1 86 20 view .LVU353
 1411 0262 0025     		movs	r5, #0
ARM GAS  /var/folders/5c/srt4fy4j1pd641bjfx75k5000000gn/T//ccJC9EFJ.s 			page 32


 1412              	.LVL159:
  86:src/unit/motor_drive/motor_drive.cpp ****             if (target_rad_s[i] == 0 || ((pre_target_rad_s[i] / abs(pre_target_rad_s[i])) != (targe
 1413              		.loc 1 86 20 view .LVU354
 1414 0264 46E0     		b	.L84
 1415              	.LVL160:
 1416              	.L124:
  87:src/unit/motor_drive/motor_drive.cpp ****             pre_target_rad_s[i] = target_rad_s[i];
 1417              		.loc 1 87 65 discriminator 4 view .LVU355
 1418 0266 F1EE676A 		vneg.f32	s13, s15
 1419 026a 5CE0     		b	.L86
 1420              	.L125:
  87:src/unit/motor_drive/motor_drive.cpp ****             pre_target_rad_s[i] = target_rad_s[i];
 1421              		.loc 1 87 113 discriminator 8 view .LVU356
 1422 026c F1EE486A 		vneg.f32	s13, s16
 1423 0270 62E0     		b	.L87
 1424              	.L85:
  87:src/unit/motor_drive/motor_drive.cpp ****             pre_target_rad_s[i] = target_rad_s[i];
 1425              		.loc 1 87 137 is_stmt 1 discriminator 11 view .LVU357
  87:src/unit/motor_drive/motor_drive.cpp ****             pre_target_rad_s[i] = target_rad_s[i];
 1426              		.loc 1 87 156 is_stmt 0 discriminator 11 view .LVU358
 1427 0272 6820     		movs	r0, #104
 1428 0274 06FB00F0 		mul	r0, r6, r0
 1429 0278 00F55160 		add	r0, r0, #3344
 1430 027c 2044     		add	r0, r0, r4
 1431 027e FFF7FEFF 		bl	_ZN3PID6ResetIEv
 1432              	.LVL161:
 1433              	.L88:
  88:src/unit/motor_drive/motor_drive.cpp ****             motor_pid[i].Compute(motor_abs_rad_s_[i], abs(target_rad_s[i]));
 1434              		.loc 1 88 13 is_stmt 1 view .LVU359
  88:src/unit/motor_drive/motor_drive.cpp ****             motor_pid[i].Compute(motor_abs_rad_s_[i], abs(target_rad_s[i]));
 1435              		.loc 1 88 33 is_stmt 0 view .LVU360
 1436 0282 384B     		ldr	r3, .L126+20
 1437 0284 03EB8603 		add	r3, r3, r6, lsl #2
 1438 0288 83ED008A 		vstr.32	s16, [r3]
  89:src/unit/motor_drive/motor_drive.cpp ****             if (target_rad_s[i] > 0) {
 1439              		.loc 1 89 13 is_stmt 1 view .LVU361
  89:src/unit/motor_drive/motor_drive.cpp ****             if (target_rad_s[i] > 0) {
 1440              		.loc 1 89 33 is_stmt 0 view .LVU362
 1441 028c 6827     		movs	r7, #104
 1442 028e 06FB07F7 		mul	r7, r6, r7
 1443 0292 07F55167 		add	r7, r7, #3344
 1444 0296 2744     		add	r7, r7, r4
  89:src/unit/motor_drive/motor_drive.cpp ****             if (target_rad_s[i] > 0) {
 1445              		.loc 1 89 34 view .LVU363
 1446 0298 D4F81C3F 		ldr	r3, [r4, #3868]
  89:src/unit/motor_drive/motor_drive.cpp ****             if (target_rad_s[i] > 0) {
 1447              		.loc 1 89 52 view .LVU364
 1448 029c 4FEA8508 		lsl	r8, r5, #2
 1449 02a0 03EB8503 		add	r3, r3, r5, lsl #2
  89:src/unit/motor_drive/motor_drive.cpp ****             if (target_rad_s[i] > 0) {
 1450              		.loc 1 89 33 view .LVU365
 1451 02a4 93ED000A 		vldr.32	s0, [r3]
 1452 02a8 B5EEC08A 		vcmpe.f32	s16, #0
 1453 02ac F1EE10FA 		vmrs	APSR_nzcv, FPSCR
 1454 02b0 4ADD     		ble	.L122
 1455 02b2 F0EE480A 		vmov.f32	s1, s16
 1456              	.L89:
ARM GAS  /var/folders/5c/srt4fy4j1pd641bjfx75k5000000gn/T//ccJC9EFJ.s 			page 33


  89:src/unit/motor_drive/motor_drive.cpp ****             if (target_rad_s[i] > 0) {
 1457              		.loc 1 89 33 discriminator 4 view .LVU366
 1458 02b6 3846     		mov	r0, r7
 1459 02b8 FFF7FEFF 		bl	_ZN3PID7ComputeEff
 1460              	.LVL162:
  90:src/unit/motor_drive/motor_drive.cpp ****                   power[i] = motor_pid[i].Get();
 1461              		.loc 1 90 13 is_stmt 1 discriminator 4 view .LVU367
 1462 02bc B5EEC08A 		vcmpe.f32	s16, #0
 1463 02c0 F1EE10FA 		vmrs	APSR_nzcv, FPSCR
 1464 02c4 54DD     		ble	.L114
  91:src/unit/motor_drive/motor_drive.cpp ****                   motor_rad_s_[i] = motor_abs_rad_s_[i];
 1465              		.loc 1 91 19 view .LVU368
  91:src/unit/motor_drive/motor_drive.cpp ****                   motor_rad_s_[i] = motor_abs_rad_s_[i];
 1466              		.loc 1 91 46 is_stmt 0 view .LVU369
 1467 02c6 3846     		mov	r0, r7
 1468 02c8 FFF7FEFF 		bl	_ZN3PID3GetEv
 1469              	.LVL163:
  91:src/unit/motor_drive/motor_drive.cpp ****                   motor_rad_s_[i] = motor_abs_rad_s_[i];
 1470              		.loc 1 91 28 view .LVU370
 1471 02cc 08AB     		add	r3, sp, #32
 1472 02ce 03EB4603 		add	r3, r3, r6, lsl #1
 1473 02d2 BDEEC00A 		vcvt.s32.f32	s0, s0
 1474 02d6 10EE102A 		vmov	r2, s0	@ int
 1475 02da 23F8182C 		strh	r2, [r3, #-24]	@ movhi
  92:src/unit/motor_drive/motor_drive.cpp ****             } else {
 1476              		.loc 1 92 19 is_stmt 1 view .LVU371
  92:src/unit/motor_drive/motor_drive.cpp ****             } else {
 1477              		.loc 1 92 37 is_stmt 0 view .LVU372
 1478 02de D4F81C3F 		ldr	r3, [r4, #3868]
  92:src/unit/motor_drive/motor_drive.cpp ****             } else {
 1479              		.loc 1 92 55 view .LVU373
 1480 02e2 4344     		add	r3, r3, r8
 1481 02e4 1B68     		ldr	r3, [r3]	@ float
  92:src/unit/motor_drive/motor_drive.cpp ****             } else {
 1482              		.loc 1 92 35 view .LVU374
 1483 02e6 06F57276 		add	r6, r6, #968
 1484 02ea 04EB8606 		add	r6, r4, r6, lsl #2
 1485 02ee 3360     		str	r3, [r6]	@ float
 1486              	.L92:
  86:src/unit/motor_drive/motor_drive.cpp ****             if (target_rad_s[i] == 0 || ((pre_target_rad_s[i] / abs(pre_target_rad_s[i])) != (targe
 1487              		.loc 1 86 7 is_stmt 1 discriminator 2 view .LVU375
 1488 02f0 0135     		adds	r5, r5, #1
 1489              	.LVL164:
  86:src/unit/motor_drive/motor_drive.cpp ****             if (target_rad_s[i] == 0 || ((pre_target_rad_s[i] / abs(pre_target_rad_s[i])) != (targe
 1490              		.loc 1 86 7 is_stmt 0 discriminator 2 view .LVU376
 1491 02f2 EDB2     		uxtb	r5, r5
 1492              	.LVL165:
 1493              	.L84:
  86:src/unit/motor_drive/motor_drive.cpp ****             if (target_rad_s[i] == 0 || ((pre_target_rad_s[i] / abs(pre_target_rad_s[i])) != (targe
 1494              		.loc 1 86 29 is_stmt 1 discriminator 1 view .LVU377
 1495 02f4 032D     		cmp	r5, #3
 1496 02f6 57D8     		bhi	.L123
  87:src/unit/motor_drive/motor_drive.cpp ****             pre_target_rad_s[i] = target_rad_s[i];
 1497              		.loc 1 87 13 view .LVU378
  87:src/unit/motor_drive/motor_drive.cpp ****             pre_target_rad_s[i] = target_rad_s[i];
 1498              		.loc 1 87 30 is_stmt 0 view .LVU379
 1499 02f8 2E46     		mov	r6, r5
ARM GAS  /var/folders/5c/srt4fy4j1pd641bjfx75k5000000gn/T//ccJC9EFJ.s 			page 34


  87:src/unit/motor_drive/motor_drive.cpp ****             pre_target_rad_s[i] = target_rad_s[i];
 1500              		.loc 1 87 31 view .LVU380
 1501 02fa 08AB     		add	r3, sp, #32
 1502 02fc 03EB8503 		add	r3, r3, r5, lsl #2
 1503 0300 13ED048A 		vldr.32	s16, [r3, #-16]
  87:src/unit/motor_drive/motor_drive.cpp ****             pre_target_rad_s[i] = target_rad_s[i];
 1504              		.loc 1 87 13 view .LVU381
 1505 0304 B5EE408A 		vcmp.f32	s16, #0
 1506 0308 F1EE10FA 		vmrs	APSR_nzcv, FPSCR
 1507 030c B1D0     		beq	.L85
  87:src/unit/motor_drive/motor_drive.cpp ****             pre_target_rad_s[i] = target_rad_s[i];
 1508              		.loc 1 87 61 discriminator 2 view .LVU382
 1509 030e 154B     		ldr	r3, .L126+20
 1510 0310 03EB8503 		add	r3, r3, r5, lsl #2
 1511 0314 D3ED007A 		vldr.32	s15, [r3]
  87:src/unit/motor_drive/motor_drive.cpp ****             pre_target_rad_s[i] = target_rad_s[i];
 1512              		.loc 1 87 65 discriminator 2 view .LVU383
 1513 0318 F5EEC07A 		vcmpe.f32	s15, #0
 1514 031c F1EE10FA 		vmrs	APSR_nzcv, FPSCR
 1515 0320 A1DD     		ble	.L124
  87:src/unit/motor_drive/motor_drive.cpp ****             pre_target_rad_s[i] = target_rad_s[i];
 1516              		.loc 1 87 65 view .LVU384
 1517 0322 F0EE676A 		vmov.f32	s13, s15
 1518              	.L86:
  87:src/unit/motor_drive/motor_drive.cpp ****             pre_target_rad_s[i] = target_rad_s[i];
 1519              		.loc 1 87 63 discriminator 6 view .LVU385
 1520 0326 87EEA67A 		vdiv.f32	s14, s15, s13
  87:src/unit/motor_drive/motor_drive.cpp ****             pre_target_rad_s[i] = target_rad_s[i];
 1521              		.loc 1 87 113 discriminator 6 view .LVU386
 1522 032a B5EEC08A 		vcmpe.f32	s16, #0
 1523 032e F1EE10FA 		vmrs	APSR_nzcv, FPSCR
 1524 0332 9BDD     		ble	.L125
  87:src/unit/motor_drive/motor_drive.cpp ****             pre_target_rad_s[i] = target_rad_s[i];
 1525              		.loc 1 87 113 view .LVU387
 1526 0334 F0EE486A 		vmov.f32	s13, s16
 1527              	.L87:
  87:src/unit/motor_drive/motor_drive.cpp ****             pre_target_rad_s[i] = target_rad_s[i];
 1528              		.loc 1 87 111 discriminator 10 view .LVU388
 1529 0338 C8EE267A 		vdiv.f32	s15, s16, s13
  87:src/unit/motor_drive/motor_drive.cpp ****             pre_target_rad_s[i] = target_rad_s[i];
 1530              		.loc 1 87 38 discriminator 10 view .LVU389
 1531 033c B4EE677A 		vcmp.f32	s14, s15
 1532 0340 F1EE10FA 		vmrs	APSR_nzcv, FPSCR
 1533 0344 9DD0     		beq	.L88
 1534 0346 94E7     		b	.L85
 1535              	.L122:
  89:src/unit/motor_drive/motor_drive.cpp ****             if (target_rad_s[i] > 0) {
 1536              		.loc 1 89 33 discriminator 2 view .LVU390
 1537 0348 F1EE480A 		vneg.f32	s1, s16
 1538 034c B3E7     		b	.L89
 1539              	.L127:
 1540 034e 00BF     		.align	3
 1541              	.L126:
 1542 0350 C3F5285C 		.word	1546188227
 1543 0354 8FC2B53F 		.word	1068876431
 1544 0358 00000000 		.word	_ZZN10MotorDrive5DriveEsffsfhE10move_speed
 1545 035c 00004440 		.word	1078198272
ARM GAS  /var/folders/5c/srt4fy4j1pd641bjfx75k5000000gn/T//ccJC9EFJ.s 			page 35


 1546 0360 00000000 		.word	0
 1547 0364 00000000 		.word	_ZZN10MotorDrive5DriveEsffsfhE16pre_target_rad_s
 1548 0368 9A999999 		.word	-1717986918
 1549 036c 9999B93F 		.word	1069128089
 1550              	.L114:
  94:src/unit/motor_drive/motor_drive.cpp ****                   motor_rad_s_[i] = -motor_abs_rad_s_[i];
 1551              		.loc 1 94 19 is_stmt 1 view .LVU391
  94:src/unit/motor_drive/motor_drive.cpp ****                   motor_rad_s_[i] = -motor_abs_rad_s_[i];
 1552              		.loc 1 94 47 is_stmt 0 view .LVU392
 1553 0370 3846     		mov	r0, r7
 1554 0372 FFF7FEFF 		bl	_ZN3PID3GetEv
 1555              	.LVL166:
  94:src/unit/motor_drive/motor_drive.cpp ****                   motor_rad_s_[i] = -motor_abs_rad_s_[i];
 1556              		.loc 1 94 30 view .LVU393
 1557 0376 B1EE400A 		vneg.f32	s0, s0
  94:src/unit/motor_drive/motor_drive.cpp ****                   motor_rad_s_[i] = -motor_abs_rad_s_[i];
 1558              		.loc 1 94 28 view .LVU394
 1559 037a 08AB     		add	r3, sp, #32
 1560 037c 03EB4603 		add	r3, r3, r6, lsl #1
 1561 0380 BDEEC00A 		vcvt.s32.f32	s0, s0
 1562 0384 10EE102A 		vmov	r2, s0	@ int
 1563 0388 23F8182C 		strh	r2, [r3, #-24]	@ movhi
  95:src/unit/motor_drive/motor_drive.cpp ****             }
 1564              		.loc 1 95 19 is_stmt 1 view .LVU395
  95:src/unit/motor_drive/motor_drive.cpp ****             }
 1565              		.loc 1 95 38 is_stmt 0 view .LVU396
 1566 038c D4F81C3F 		ldr	r3, [r4, #3868]
  95:src/unit/motor_drive/motor_drive.cpp ****             }
 1567              		.loc 1 95 56 view .LVU397
 1568 0390 4344     		add	r3, r3, r8
  95:src/unit/motor_drive/motor_drive.cpp ****             }
 1569              		.loc 1 95 37 view .LVU398
 1570 0392 D3ED007A 		vldr.32	s15, [r3]
 1571 0396 F1EE677A 		vneg.f32	s15, s15
  95:src/unit/motor_drive/motor_drive.cpp ****             }
 1572              		.loc 1 95 35 view .LVU399
 1573 039a 06F57276 		add	r6, r6, #968
 1574 039e 04EB8606 		add	r6, r4, r6, lsl #2
 1575 03a2 C6ED007A 		vstr.32	s15, [r6]
 1576 03a6 A3E7     		b	.L92
 1577              	.L123:
  95:src/unit/motor_drive/motor_drive.cpp ****             }
 1578              		.loc 1 95 35 view .LVU400
 1579              	.LBE14:
 1580              	.LBB15:
 100:src/unit/motor_drive/motor_drive.cpp ****             motor_ave[i].Compute(power[i]);
 1581              		.loc 1 100 20 view .LVU401
 1582 03a8 0026     		movs	r6, #0
 1583 03aa 1CE0     		b	.L94
 1584              	.LVL167:
 1585              	.L95:
 101:src/unit/motor_drive/motor_drive.cpp ****             power[i] = motor_ave[i].Get();
 1586              		.loc 1 101 13 is_stmt 1 view .LVU402
 101:src/unit/motor_drive/motor_drive.cpp ****             power[i] = motor_ave[i].Get();
 1587              		.loc 1 101 33 is_stmt 0 view .LVU403
 1588 03ac 4FF44E75 		mov	r5, #824
 1589 03b0 06FB05F5 		mul	r5, r6, r5
ARM GAS  /var/folders/5c/srt4fy4j1pd641bjfx75k5000000gn/T//ccJC9EFJ.s 			page 36


 1590 03b4 3035     		adds	r5, r5, #48
 1591 03b6 2544     		add	r5, r5, r4
 101:src/unit/motor_drive/motor_drive.cpp ****             power[i] = motor_ave[i].Get();
 1592              		.loc 1 101 41 view .LVU404
 1593 03b8 08AB     		add	r3, sp, #32
 1594 03ba 03EB4607 		add	r7, r3, r6, lsl #1
 101:src/unit/motor_drive/motor_drive.cpp ****             power[i] = motor_ave[i].Get();
 1595              		.loc 1 101 33 view .LVU405
 1596 03be 37F9180C 		ldrsh	r0, [r7, #-24]
 1597 03c2 FFF7FEFF 		bl	__aeabi_i2d
 1598              	.LVL168:
 1599 03c6 41EC100B 		vmov	d0, r0, r1
 1600 03ca 2846     		mov	r0, r5
 1601 03cc FFF7FEFF 		bl	_ZN9MovingAve7ComputeEd
 1602              	.LVL169:
 102:src/unit/motor_drive/motor_drive.cpp ****       }
 1603              		.loc 1 102 13 is_stmt 1 view .LVU406
 102:src/unit/motor_drive/motor_drive.cpp ****       }
 1604              		.loc 1 102 40 is_stmt 0 view .LVU407
 1605 03d0 2846     		mov	r0, r5
 1606 03d2 FFF7FEFF 		bl	_ZN9MovingAve3GetEv
 1607              	.LVL170:
 1608 03d6 51EC100B 		vmov	r0, r1, d0
 102:src/unit/motor_drive/motor_drive.cpp ****       }
 1609              		.loc 1 102 22 view .LVU408
 1610 03da FFF7FEFF 		bl	__aeabi_d2iz
 1611              	.LVL171:
 1612 03de 27F8180C 		strh	r0, [r7, #-24]	@ movhi
 100:src/unit/motor_drive/motor_drive.cpp ****             motor_ave[i].Compute(power[i]);
 1613              		.loc 1 100 7 is_stmt 1 view .LVU409
 1614 03e2 0136     		adds	r6, r6, #1
 1615              	.LVL172:
 100:src/unit/motor_drive/motor_drive.cpp ****             motor_ave[i].Compute(power[i]);
 1616              		.loc 1 100 7 is_stmt 0 view .LVU410
 1617 03e4 F6B2     		uxtb	r6, r6
 1618              	.LVL173:
 1619              	.L94:
 100:src/unit/motor_drive/motor_drive.cpp ****             motor_ave[i].Compute(power[i]);
 1620              		.loc 1 100 29 is_stmt 1 discriminator 2 view .LVU411
 1621 03e6 032E     		cmp	r6, #3
 1622 03e8 E0D9     		bls	.L95
 1623              	.LBE15:
 105:src/unit/motor_drive/motor_drive.cpp ****       moving_vel_y = (WHEEL_R / 2.0f) * (-motor_rad_s_[0] - motor_rad_s_[1] + motor_rad_s_[2] + mot
 1624              		.loc 1 105 7 view .LVU412
 105:src/unit/motor_drive/motor_drive.cpp ****       moving_vel_y = (WHEEL_R / 2.0f) * (-motor_rad_s_[0] - motor_rad_s_[1] + motor_rad_s_[2] + mot
 1625              		.loc 1 105 56 is_stmt 0 view .LVU413
 1626 03ea 04F57263 		add	r3, r4, #3872
 1627 03ee D3ED008A 		vldr.32	s17, [r3]
 105:src/unit/motor_drive/motor_drive.cpp ****       moving_vel_y = (WHEEL_R / 2.0f) * (-motor_rad_s_[0] - motor_rad_s_[1] + motor_rad_s_[2] + mot
 1628              		.loc 1 105 74 view .LVU414
 1629 03f2 04F62473 		addw	r3, r4, #3876
 1630 03f6 93ED00AA 		vldr.32	s20, [r3]
 1631              	.LVL174:
 105:src/unit/motor_drive/motor_drive.cpp ****       moving_vel_y = (WHEEL_R / 2.0f) * (-motor_rad_s_[0] - motor_rad_s_[1] + motor_rad_s_[2] + mot
 1632              		.loc 1 105 58 view .LVU415
 1633 03fa 78EECA7A 		vsub.f32	s15, s17, s20
 105:src/unit/motor_drive/motor_drive.cpp ****       moving_vel_y = (WHEEL_R / 2.0f) * (-motor_rad_s_[0] - motor_rad_s_[1] + motor_rad_s_[2] + mot
ARM GAS  /var/folders/5c/srt4fy4j1pd641bjfx75k5000000gn/T//ccJC9EFJ.s 			page 37


 1634              		.loc 1 105 92 view .LVU416
 1635 03fe 04F62873 		addw	r3, r4, #3880
 1636 0402 93ED009A 		vldr.32	s18, [r3]
 105:src/unit/motor_drive/motor_drive.cpp ****       moving_vel_y = (WHEEL_R / 2.0f) * (-motor_rad_s_[0] - motor_rad_s_[1] + motor_rad_s_[2] + mot
 1637              		.loc 1 105 76 view .LVU417
 1638 0406 77EEC97A 		vsub.f32	s15, s15, s18
 105:src/unit/motor_drive/motor_drive.cpp ****       moving_vel_y = (WHEEL_R / 2.0f) * (-motor_rad_s_[0] - motor_rad_s_[1] + motor_rad_s_[2] + mot
 1639              		.loc 1 105 110 view .LVU418
 1640 040a 04F62C73 		addw	r3, r4, #3884
 1641 040e D3ED009A 		vldr.32	s19, [r3]
 1642              	.LVL175:
 105:src/unit/motor_drive/motor_drive.cpp ****       moving_vel_y = (WHEEL_R / 2.0f) * (-motor_rad_s_[0] - motor_rad_s_[1] + motor_rad_s_[2] + mot
 1643              		.loc 1 105 94 view .LVU419
 1644 0412 77EEA97A 		vadd.f32	s15, s15, s19
 1645 0416 17EE900A 		vmov	r0, s15
 1646 041a FFF7FEFF 		bl	__aeabi_f2d
 1647              	.LVL176:
 105:src/unit/motor_drive/motor_drive.cpp ****       moving_vel_y = (WHEEL_R / 2.0f) * (-motor_rad_s_[0] - motor_rad_s_[1] + motor_rad_s_[2] + mot
 1648              		.loc 1 105 39 view .LVU420
 1649 041e 24A3     		adr	r3, .L128
 1650 0420 D3E90023 		ldrd	r2, [r3]
 1651 0424 FFF7FEFF 		bl	__aeabi_dmul
 1652              	.LVL177:
 1653 0428 FFF7FEFF 		bl	__aeabi_d2f
 1654              	.LVL178:
 1655 042c 08EE100A 		vmov	s16, r0
 105:src/unit/motor_drive/motor_drive.cpp ****       moving_vel_y = (WHEEL_R / 2.0f) * (-motor_rad_s_[0] - motor_rad_s_[1] + motor_rad_s_[2] + mot
 1656              		.loc 1 105 20 view .LVU421
 1657 0430 2060     		str	r0, [r4]	@ float
 106:src/unit/motor_drive/motor_drive.cpp ****       moving_speed = MyMath::sqrt(moving_vel_x * moving_vel_x + moving_vel_y * moving_vel_y);
 1658              		.loc 1 106 7 is_stmt 1 view .LVU422
 106:src/unit/motor_drive/motor_drive.cpp ****       moving_speed = MyMath::sqrt(moving_vel_x * moving_vel_x + moving_vel_y * moving_vel_y);
 1659              		.loc 1 106 42 is_stmt 0 view .LVU423
 1660 0432 F1EE688A 		vneg.f32	s17, s17
 106:src/unit/motor_drive/motor_drive.cpp ****       moving_speed = MyMath::sqrt(moving_vel_x * moving_vel_x + moving_vel_y * moving_vel_y);
 1661              		.loc 1 106 59 view .LVU424
 1662 0436 78EECA8A 		vsub.f32	s17, s17, s20
 106:src/unit/motor_drive/motor_drive.cpp ****       moving_speed = MyMath::sqrt(moving_vel_x * moving_vel_x + moving_vel_y * moving_vel_y);
 1663              		.loc 1 106 77 view .LVU425
 1664 043a 39EE289A 		vadd.f32	s18, s18, s17
 106:src/unit/motor_drive/motor_drive.cpp ****       moving_speed = MyMath::sqrt(moving_vel_x * moving_vel_x + moving_vel_y * moving_vel_y);
 1665              		.loc 1 106 95 view .LVU426
 1666 043e 79EE897A 		vadd.f32	s15, s19, s18
 1667 0442 17EE900A 		vmov	r0, s15
 1668 0446 FFF7FEFF 		bl	__aeabi_f2d
 1669              	.LVL179:
 106:src/unit/motor_drive/motor_drive.cpp ****       moving_speed = MyMath::sqrt(moving_vel_x * moving_vel_x + moving_vel_y * moving_vel_y);
 1670              		.loc 1 106 39 view .LVU427
 1671 044a 19A3     		adr	r3, .L128
 1672 044c D3E90023 		ldrd	r2, [r3]
 1673 0450 FFF7FEFF 		bl	__aeabi_dmul
 1674              	.LVL180:
 1675 0454 FFF7FEFF 		bl	__aeabi_d2f
 1676              	.LVL181:
 1677 0458 07EE900A 		vmov	s15, r0
 106:src/unit/motor_drive/motor_drive.cpp ****       moving_speed = MyMath::sqrt(moving_vel_x * moving_vel_x + moving_vel_y * moving_vel_y);
 1678              		.loc 1 106 20 view .LVU428
ARM GAS  /var/folders/5c/srt4fy4j1pd641bjfx75k5000000gn/T//ccJC9EFJ.s 			page 38


 1679 045c 6060     		str	r0, [r4, #4]	@ float
 107:src/unit/motor_drive/motor_drive.cpp ****       moving_dir = MyMath::atan2(moving_vel_x, moving_vel_y);
 1680              		.loc 1 107 7 is_stmt 1 view .LVU429
 107:src/unit/motor_drive/motor_drive.cpp ****       moving_dir = MyMath::atan2(moving_vel_x, moving_vel_y);
 1681              		.loc 1 107 48 is_stmt 0 view .LVU430
 1682 045e 28EE088A 		vmul.f32	s16, s16, s16
 107:src/unit/motor_drive/motor_drive.cpp ****       moving_dir = MyMath::atan2(moving_vel_x, moving_vel_y);
 1683              		.loc 1 107 78 view .LVU431
 1684 0462 67EEA77A 		vmul.f32	s15, s15, s15
 107:src/unit/motor_drive/motor_drive.cpp ****       moving_dir = MyMath::atan2(moving_vel_x, moving_vel_y);
 1685              		.loc 1 107 34 view .LVU432
 1686 0466 38EE270A 		vadd.f32	s0, s16, s15
 1687 046a FFF7FEFF 		bl	sqrt
 1688              	.LVL182:
 107:src/unit/motor_drive/motor_drive.cpp ****       moving_dir = MyMath::atan2(moving_vel_x, moving_vel_y);
 1689              		.loc 1 107 20 view .LVU433
 1690 046e 84ED020A 		vstr.32	s0, [r4, #8]
 108:src/unit/motor_drive/motor_drive.cpp **** 
 1691              		.loc 1 108 7 is_stmt 1 view .LVU434
 108:src/unit/motor_drive/motor_drive.cpp **** 
 1692              		.loc 1 108 33 is_stmt 0 view .LVU435
 1693 0472 D4ED010A 		vldr.32	s1, [r4, #4]
 1694 0476 94ED000A 		vldr.32	s0, [r4]
 1695 047a FFF7FEFF 		bl	atan2
 1696              	.LVL183:
 1697 047e 07EE900A 		vmov	s15, r0	@ int
 108:src/unit/motor_drive/motor_drive.cpp **** 
 1698              		.loc 1 108 18 view .LVU436
 1699 0482 F8EEE77A 		vcvt.f32.s32	s15, s15
 1700 0486 C4ED037A 		vstr.32	s15, [r4, #12]
 110:src/unit/motor_drive/motor_drive.cpp **** }
 1701              		.loc 1 110 7 is_stmt 1 view .LVU437
 110:src/unit/motor_drive/motor_drive.cpp **** }
 1702              		.loc 1 110 10 is_stmt 0 view .LVU438
 1703 048a BDF90E30 		ldrsh	r3, [sp, #14]
 1704 048e 0093     		str	r3, [sp]
 1705 0490 BDF90C30 		ldrsh	r3, [sp, #12]
 1706 0494 BDF90A20 		ldrsh	r2, [sp, #10]
 1707 0498 BDF90810 		ldrsh	r1, [sp, #8]
 1708 049c 2046     		mov	r0, r4
 1709 049e FFF7FEFF 		bl	_ZN10MotorDrive3RunEssss
 1710              	.LVL184:
 111:src/unit/motor_drive/motor_drive.cpp **** 
 1711              		.loc 1 111 1 view .LVU439
 1712 04a2 09B0     		add	sp, sp, #36
 1713              	.LCFI9:
 1714              		.cfi_def_cfa_offset 60
 1715              		@ sp needed
 1716 04a4 BDEC068B 		vldm	sp!, {d8-d10}
 1717              	.LCFI10:
 1718              		.cfi_restore 84
 1719              		.cfi_restore 85
 1720              		.cfi_restore 82
 1721              		.cfi_restore 83
 1722              		.cfi_restore 80
 1723              		.cfi_restore 81
 1724              		.cfi_def_cfa_offset 36
ARM GAS  /var/folders/5c/srt4fy4j1pd641bjfx75k5000000gn/T//ccJC9EFJ.s 			page 39


 1725 04a8 BDE8F08F 		pop	{r4, r5, r6, r7, r8, r9, r10, fp, pc}
 1726              	.LVL185:
 1727              	.L129:
 111:src/unit/motor_drive/motor_drive.cpp **** 
 1728              		.loc 1 111 1 view .LVU440
 1729 04ac AFF30080 		.align	3
 1730              	.L128:
 1731 04b0 9A999999 		.word	-1717986918
 1732 04b4 9999893F 		.word	1065982361
 1733              		.cfi_endproc
 1734              	.LFE253:
 1735              		.fnend
 1737              		.section	.text._ZN10MotorDrive5BrakeEt,"ax",%progbits
 1738              		.align	1
 1739              		.global	_ZN10MotorDrive5BrakeEt
 1740              		.syntax unified
 1741              		.thumb
 1742              		.thumb_func
 1744              	_ZN10MotorDrive5BrakeEt:
 1745              		.fnstart
 1746              	.LVL186:
 1747              	.LFB255:
 148:src/unit/motor_drive/motor_drive.cpp **** 
 149:src/unit/motor_drive/motor_drive.cpp **** void MotorDrive::Brake(uint16_t time) {
 1748              		.loc 1 149 39 is_stmt 1 view -0
 1749              		.cfi_startproc
 1750              		@ args = 0, pretend = 0, frame = 0
 1751              		@ frame_needed = 0, uses_anonymous_args = 0
 1752              		.loc 1 149 39 is_stmt 0 view .LVU442
 1753 0000 38B5     		push	{r3, r4, r5, lr}
 1754              		.save {r3, r4, r5, lr}
 1755              	.LCFI11:
 1756              		.cfi_def_cfa_offset 16
 1757              		.cfi_offset 3, -16
 1758              		.cfi_offset 4, -12
 1759              		.cfi_offset 5, -8
 1760              		.cfi_offset 14, -4
 1761 0002 0446     		mov	r4, r0
 1762 0004 0D46     		mov	r5, r1
 150:src/unit/motor_drive/motor_drive.cpp ****       motor1a_->write(1);
 1763              		.loc 1 150 7 is_stmt 1 view .LVU443
 1764              		.loc 1 150 22 is_stmt 0 view .LVU444
 1765 0006 B7EE000A 		vmov.f32	s0, #1.0e+0
 1766 000a 0069     		ldr	r0, [r0, #16]
 1767              	.LVL187:
 1768              		.loc 1 150 22 view .LVU445
 1769 000c FFF7FEFF 		bl	_ZN12PwmSingleOut5writeEf
 1770              	.LVL188:
 151:src/unit/motor_drive/motor_drive.cpp ****       motor1b_->write(1);
 1771              		.loc 1 151 7 is_stmt 1 view .LVU446
 1772              		.loc 1 151 22 is_stmt 0 view .LVU447
 1773 0010 B7EE000A 		vmov.f32	s0, #1.0e+0
 1774 0014 6069     		ldr	r0, [r4, #20]
 1775 0016 FFF7FEFF 		bl	_ZN12PwmSingleOut5writeEf
 1776              	.LVL189:
 152:src/unit/motor_drive/motor_drive.cpp ****       motor2a_->write(1);
 1777              		.loc 1 152 7 is_stmt 1 view .LVU448
ARM GAS  /var/folders/5c/srt4fy4j1pd641bjfx75k5000000gn/T//ccJC9EFJ.s 			page 40


 1778              		.loc 1 152 22 is_stmt 0 view .LVU449
 1779 001a B7EE000A 		vmov.f32	s0, #1.0e+0
 1780 001e A069     		ldr	r0, [r4, #24]
 1781 0020 FFF7FEFF 		bl	_ZN12PwmSingleOut5writeEf
 1782              	.LVL190:
 153:src/unit/motor_drive/motor_drive.cpp ****       motor2b_->write(1);
 1783              		.loc 1 153 7 is_stmt 1 view .LVU450
 1784              		.loc 1 153 22 is_stmt 0 view .LVU451
 1785 0024 B7EE000A 		vmov.f32	s0, #1.0e+0
 1786 0028 E069     		ldr	r0, [r4, #28]
 1787 002a FFF7FEFF 		bl	_ZN12PwmSingleOut5writeEf
 1788              	.LVL191:
 154:src/unit/motor_drive/motor_drive.cpp ****       motor3a_->write(1);
 1789              		.loc 1 154 7 is_stmt 1 view .LVU452
 1790              		.loc 1 154 22 is_stmt 0 view .LVU453
 1791 002e B7EE000A 		vmov.f32	s0, #1.0e+0
 1792 0032 206A     		ldr	r0, [r4, #32]
 1793 0034 FFF7FEFF 		bl	_ZN12PwmSingleOut5writeEf
 1794              	.LVL192:
 155:src/unit/motor_drive/motor_drive.cpp ****       motor3b_->write(1);
 1795              		.loc 1 155 7 is_stmt 1 view .LVU454
 1796              		.loc 1 155 22 is_stmt 0 view .LVU455
 1797 0038 B7EE000A 		vmov.f32	s0, #1.0e+0
 1798 003c 606A     		ldr	r0, [r4, #36]
 1799 003e FFF7FEFF 		bl	_ZN12PwmSingleOut5writeEf
 1800              	.LVL193:
 156:src/unit/motor_drive/motor_drive.cpp ****       motor4a_->write(1);
 1801              		.loc 1 156 7 is_stmt 1 view .LVU456
 1802              		.loc 1 156 22 is_stmt 0 view .LVU457
 1803 0042 B7EE000A 		vmov.f32	s0, #1.0e+0
 1804 0046 A06A     		ldr	r0, [r4, #40]
 1805 0048 FFF7FEFF 		bl	_ZN12PwmSingleOut5writeEf
 1806              	.LVL194:
 157:src/unit/motor_drive/motor_drive.cpp ****       motor4b_->write(1);
 1807              		.loc 1 157 7 is_stmt 1 view .LVU458
 1808              		.loc 1 157 22 is_stmt 0 view .LVU459
 1809 004c B7EE000A 		vmov.f32	s0, #1.0e+0
 1810 0050 E06A     		ldr	r0, [r4, #44]
 1811 0052 FFF7FEFF 		bl	_ZN12PwmSingleOut5writeEf
 1812              	.LVL195:
 158:src/unit/motor_drive/motor_drive.cpp ****       HAL_Delay(time);
 1813              		.loc 1 158 7 is_stmt 1 view .LVU460
 1814              		.loc 1 158 16 is_stmt 0 view .LVU461
 1815 0056 2846     		mov	r0, r5
 1816 0058 FFF7FEFF 		bl	HAL_Delay
 1817              	.LVL196:
 159:src/unit/motor_drive/motor_drive.cpp **** }
 1818              		.loc 1 159 1 view .LVU462
 1819 005c 38BD     		pop	{r3, r4, r5, pc}
 1820              		.loc 1 159 1 view .LVU463
 1821              		.cfi_endproc
 1822              	.LFE255:
 1823              		.fnend
 1825              		.section	.text._ZN10MotorDrive4FreeEv,"ax",%progbits
 1826              		.align	1
 1827              		.global	_ZN10MotorDrive4FreeEv
 1828              		.syntax unified
ARM GAS  /var/folders/5c/srt4fy4j1pd641bjfx75k5000000gn/T//ccJC9EFJ.s 			page 41


 1829              		.thumb
 1830              		.thumb_func
 1832              	_ZN10MotorDrive4FreeEv:
 1833              		.fnstart
 1834              	.LVL197:
 1835              	.LFB256:
 160:src/unit/motor_drive/motor_drive.cpp **** 
 161:src/unit/motor_drive/motor_drive.cpp **** void MotorDrive::Free() {
 1836              		.loc 1 161 25 is_stmt 1 view -0
 1837              		.cfi_startproc
 1838              		@ args = 0, pretend = 0, frame = 0
 1839              		@ frame_needed = 0, uses_anonymous_args = 0
 1840              		.loc 1 161 25 is_stmt 0 view .LVU465
 1841 0000 10B5     		push	{r4, lr}
 1842              	.LCFI12:
 1843              		.cfi_def_cfa_offset 8
 1844              		.cfi_offset 4, -8
 1845              		.cfi_offset 14, -4
 1846 0002 2DED028B 		vpush.64	{d8}
 1847              	.LCFI13:
 1848              		.cfi_def_cfa_offset 16
 1849              		.cfi_offset 80, -16
 1850              		.cfi_offset 81, -12
 1851 0006 0446     		mov	r4, r0
 162:src/unit/motor_drive/motor_drive.cpp ****       motor1a_->write(0);
 1852              		.loc 1 162 7 is_stmt 1 view .LVU466
 1853              		.loc 1 162 22 is_stmt 0 view .LVU467
 1854 0008 9FED168A 		vldr.32	s16, .L134
 1855 000c B0EE480A 		vmov.f32	s0, s16
 1856 0010 0069     		ldr	r0, [r0, #16]
 1857              	.LVL198:
 1858              		.loc 1 162 22 view .LVU468
 1859 0012 FFF7FEFF 		bl	_ZN12PwmSingleOut5writeEf
 1860              	.LVL199:
 163:src/unit/motor_drive/motor_drive.cpp ****       motor1b_->write(0);
 1861              		.loc 1 163 7 is_stmt 1 view .LVU469
 1862              		.loc 1 163 22 is_stmt 0 view .LVU470
 1863 0016 B0EE480A 		vmov.f32	s0, s16
 1864 001a 6069     		ldr	r0, [r4, #20]
 1865 001c FFF7FEFF 		bl	_ZN12PwmSingleOut5writeEf
 1866              	.LVL200:
 164:src/unit/motor_drive/motor_drive.cpp ****       motor2a_->write(0);
 1867              		.loc 1 164 7 is_stmt 1 view .LVU471
 1868              		.loc 1 164 22 is_stmt 0 view .LVU472
 1869 0020 B0EE480A 		vmov.f32	s0, s16
 1870 0024 A069     		ldr	r0, [r4, #24]
 1871 0026 FFF7FEFF 		bl	_ZN12PwmSingleOut5writeEf
 1872              	.LVL201:
 165:src/unit/motor_drive/motor_drive.cpp ****       motor2b_->write(0);
 1873              		.loc 1 165 7 is_stmt 1 view .LVU473
 1874              		.loc 1 165 22 is_stmt 0 view .LVU474
 1875 002a B0EE480A 		vmov.f32	s0, s16
 1876 002e E069     		ldr	r0, [r4, #28]
 1877 0030 FFF7FEFF 		bl	_ZN12PwmSingleOut5writeEf
 1878              	.LVL202:
 166:src/unit/motor_drive/motor_drive.cpp ****       motor3a_->write(0);
 1879              		.loc 1 166 7 is_stmt 1 view .LVU475
ARM GAS  /var/folders/5c/srt4fy4j1pd641bjfx75k5000000gn/T//ccJC9EFJ.s 			page 42


 1880              		.loc 1 166 22 is_stmt 0 view .LVU476
 1881 0034 B0EE480A 		vmov.f32	s0, s16
 1882 0038 206A     		ldr	r0, [r4, #32]
 1883 003a FFF7FEFF 		bl	_ZN12PwmSingleOut5writeEf
 1884              	.LVL203:
 167:src/unit/motor_drive/motor_drive.cpp ****       motor3b_->write(0);
 1885              		.loc 1 167 7 is_stmt 1 view .LVU477
 1886              		.loc 1 167 22 is_stmt 0 view .LVU478
 1887 003e B0EE480A 		vmov.f32	s0, s16
 1888 0042 606A     		ldr	r0, [r4, #36]
 1889 0044 FFF7FEFF 		bl	_ZN12PwmSingleOut5writeEf
 1890              	.LVL204:
 168:src/unit/motor_drive/motor_drive.cpp ****       motor4a_->write(0);
 1891              		.loc 1 168 7 is_stmt 1 view .LVU479
 1892              		.loc 1 168 22 is_stmt 0 view .LVU480
 1893 0048 B0EE480A 		vmov.f32	s0, s16
 1894 004c A06A     		ldr	r0, [r4, #40]
 1895 004e FFF7FEFF 		bl	_ZN12PwmSingleOut5writeEf
 1896              	.LVL205:
 169:src/unit/motor_drive/motor_drive.cpp ****       motor4b_->write(0);
 1897              		.loc 1 169 7 is_stmt 1 view .LVU481
 1898              		.loc 1 169 22 is_stmt 0 view .LVU482
 1899 0052 B0EE480A 		vmov.f32	s0, s16
 1900 0056 E06A     		ldr	r0, [r4, #44]
 1901 0058 FFF7FEFF 		bl	_ZN12PwmSingleOut5writeEf
 1902              	.LVL206:
 170:src/unit/motor_drive/motor_drive.cpp **** }
 1903              		.loc 1 170 1 view .LVU483
 1904 005c BDEC028B 		vldm	sp!, {d8}
 1905              	.LCFI14:
 1906              		.cfi_restore 80
 1907              		.cfi_restore 81
 1908              		.cfi_def_cfa_offset 8
 1909 0060 10BD     		pop	{r4, pc}
 1910              	.LVL207:
 1911              	.L135:
 1912              		.loc 1 170 1 view .LVU484
 1913 0062 00BF     		.align	2
 1914              	.L134:
 1915 0064 00000000 		.word	0
 1916              		.cfi_endproc
 1917              	.LFE256:
 1918              		.cantunwind
 1919              		.fnend
 1921              		.section	.text._ZN10MotorDrive15CheckConnectionEv,"ax",%progbits
 1922              		.align	1
 1923              		.global	_ZN10MotorDrive15CheckConnectionEv
 1924              		.syntax unified
 1925              		.thumb
 1926              		.thumb_func
 1928              	_ZN10MotorDrive15CheckConnectionEv:
 1929              		.fnstart
 1930              	.LVL208:
 1931              	.LFB257:
 171:src/unit/motor_drive/motor_drive.cpp **** 
 172:src/unit/motor_drive/motor_drive.cpp **** void MotorDrive::CheckConnection() {
 1932              		.loc 1 172 36 is_stmt 1 view -0
ARM GAS  /var/folders/5c/srt4fy4j1pd641bjfx75k5000000gn/T//ccJC9EFJ.s 			page 43


 1933              		.cfi_startproc
 1934              		@ args = 0, pretend = 0, frame = 0
 1935              		@ frame_needed = 0, uses_anonymous_args = 0
 1936              		.loc 1 172 36 is_stmt 0 view .LVU486
 1937 0000 10B5     		push	{r4, lr}
 1938              		.save {r4, lr}
 1939              	.LCFI15:
 1940              		.cfi_def_cfa_offset 8
 1941              		.cfi_offset 4, -8
 1942              		.cfi_offset 14, -4
 1943 0002 0446     		mov	r4, r0
 173:src/unit/motor_drive/motor_drive.cpp ****       // 接続チェック
 174:src/unit/motor_drive/motor_drive.cpp ****       motor1a_->sound(700, CHECK_SPEED);
 1944              		.loc 1 174 7 is_stmt 1 view .LVU487
 1945              		.loc 1 174 22 is_stmt 0 view .LVU488
 1946 0004 6422     		movs	r2, #100
 1947 0006 4FF42F71 		mov	r1, #700
 1948 000a 0069     		ldr	r0, [r0, #16]
 1949              	.LVL209:
 1950              		.loc 1 174 22 view .LVU489
 1951 000c FFF7FEFF 		bl	_ZN12PwmSingleOut5soundEtt
 1952              	.LVL210:
 175:src/unit/motor_drive/motor_drive.cpp ****       motor2a_->sound(800, CHECK_SPEED);
 1953              		.loc 1 175 7 is_stmt 1 view .LVU490
 1954              		.loc 1 175 22 is_stmt 0 view .LVU491
 1955 0010 6422     		movs	r2, #100
 1956 0012 4FF44871 		mov	r1, #800
 1957 0016 A069     		ldr	r0, [r4, #24]
 1958 0018 FFF7FEFF 		bl	_ZN12PwmSingleOut5soundEtt
 1959              	.LVL211:
 176:src/unit/motor_drive/motor_drive.cpp ****       motor3a_->sound(900, CHECK_SPEED);
 1960              		.loc 1 176 7 is_stmt 1 view .LVU492
 1961              		.loc 1 176 22 is_stmt 0 view .LVU493
 1962 001c 6422     		movs	r2, #100
 1963 001e 4FF46171 		mov	r1, #900
 1964 0022 206A     		ldr	r0, [r4, #32]
 1965 0024 FFF7FEFF 		bl	_ZN12PwmSingleOut5soundEtt
 1966              	.LVL212:
 177:src/unit/motor_drive/motor_drive.cpp ****       motor4a_->sound(1000, CHECK_SPEED);
 1967              		.loc 1 177 7 is_stmt 1 view .LVU494
 1968              		.loc 1 177 22 is_stmt 0 view .LVU495
 1969 0028 6422     		movs	r2, #100
 1970 002a 4FF47A71 		mov	r1, #1000
 1971 002e A06A     		ldr	r0, [r4, #40]
 1972 0030 FFF7FEFF 		bl	_ZN12PwmSingleOut5soundEtt
 1973              	.LVL213:
 178:src/unit/motor_drive/motor_drive.cpp ****       motor1b_->sound(700, CHECK_SPEED);
 1974              		.loc 1 178 7 is_stmt 1 view .LVU496
 1975              		.loc 1 178 22 is_stmt 0 view .LVU497
 1976 0034 6422     		movs	r2, #100
 1977 0036 4FF42F71 		mov	r1, #700
 1978 003a 6069     		ldr	r0, [r4, #20]
 1979 003c FFF7FEFF 		bl	_ZN12PwmSingleOut5soundEtt
 1980              	.LVL214:
 179:src/unit/motor_drive/motor_drive.cpp ****       motor2b_->sound(800, CHECK_SPEED);
 1981              		.loc 1 179 7 is_stmt 1 view .LVU498
 1982              		.loc 1 179 22 is_stmt 0 view .LVU499
ARM GAS  /var/folders/5c/srt4fy4j1pd641bjfx75k5000000gn/T//ccJC9EFJ.s 			page 44


 1983 0040 6422     		movs	r2, #100
 1984 0042 4FF44871 		mov	r1, #800
 1985 0046 E069     		ldr	r0, [r4, #28]
 1986 0048 FFF7FEFF 		bl	_ZN12PwmSingleOut5soundEtt
 1987              	.LVL215:
 180:src/unit/motor_drive/motor_drive.cpp ****       motor3b_->sound(900, CHECK_SPEED);
 1988              		.loc 1 180 7 is_stmt 1 view .LVU500
 1989              		.loc 1 180 22 is_stmt 0 view .LVU501
 1990 004c 6422     		movs	r2, #100
 1991 004e 4FF46171 		mov	r1, #900
 1992 0052 606A     		ldr	r0, [r4, #36]
 1993 0054 FFF7FEFF 		bl	_ZN12PwmSingleOut5soundEtt
 1994              	.LVL216:
 181:src/unit/motor_drive/motor_drive.cpp ****       motor4b_->sound(1000, CHECK_SPEED);
 1995              		.loc 1 181 7 is_stmt 1 view .LVU502
 1996              		.loc 1 181 22 is_stmt 0 view .LVU503
 1997 0058 6422     		movs	r2, #100
 1998 005a 4FF47A71 		mov	r1, #1000
 1999 005e E06A     		ldr	r0, [r4, #44]
 2000 0060 FFF7FEFF 		bl	_ZN12PwmSingleOut5soundEtt
 2001              	.LVL217:
 182:src/unit/motor_drive/motor_drive.cpp **** }...
 2002              		.loc 1 182 1 view .LVU504
 2003 0064 10BD     		pop	{r4, pc}
 2004              		.loc 1 182 1 view .LVU505
 2005              		.cfi_endproc
 2006              	.LFE257:
 2007              		.fnend
 2009              		.section	.bss._ZZN10MotorDrive5DriveEsffsfhE10move_speed,"aw",%nobits
 2010              		.align	2
 2013              	_ZZN10MotorDrive5DriveEsffsfhE10move_speed:
 2014 0000 00000000 		.space	4
 2015              		.section	.bss._ZZN10MotorDrive5DriveEsffsfhE16pre_target_rad_s,"aw",%nobits
 2016              		.align	2
 2019              	_ZZN10MotorDrive5DriveEsffsfhE16pre_target_rad_s:
 2020 0000 00000000 		.space	16
 2020      00000000 
 2020      00000000 
 2020      00000000 
 2021              		.text
 2022              	.Letext0:
 2023              		.file 3 "/opt/ST/STM32CubeCLT_1.16.0/GNU-tools-for-STM32/arm-none-eabi/include/machine/_default_ty
 2024              		.file 4 "/opt/ST/STM32CubeCLT_1.16.0/GNU-tools-for-STM32/arm-none-eabi/include/sys/_stdint.h"
 2025              		.file 5 "Drivers/CMSIS/Device/ST/STM32F4xx/Include/stm32f446xx.h"
 2026              		.file 6 "/opt/ST/STM32CubeCLT_1.16.0/GNU-tools-for-STM32/lib/gcc/arm-none-eabi/12.3.1/include/stdd
 2027              		.file 7 "Drivers/STM32F4xx_HAL_Driver/Inc/stm32f4xx_hal_def.h"
 2028              		.file 8 "Drivers/STM32F4xx_HAL_Driver/Inc/stm32f4xx_hal_dma.h"
 2029              		.file 9 "Drivers/STM32F4xx_HAL_Driver/Inc/stm32f4xx_hal_tim.h"
 2030              		.file 10 "Lib/MovingAve/MovingAve.hpp"
 2031              		.file 11 "/opt/ST/STM32CubeCLT_1.16.0/GNU-tools-for-STM32/arm-none-eabi/include/c++/12.3.1/cstdio"
 2032              		.file 12 "/opt/ST/STM32CubeCLT_1.16.0/GNU-tools-for-STM32/arm-none-eabi/include/c++/12.3.1/arm-non
 2033              		.file 13 "/opt/ST/STM32CubeCLT_1.16.0/GNU-tools-for-STM32/arm-none-eabi/include/sys/_types.h"
 2034              		.file 14 "/opt/ST/STM32CubeCLT_1.16.0/GNU-tools-for-STM32/arm-none-eabi/include/sys/reent.h"
 2035              		.file 15 "/opt/ST/STM32CubeCLT_1.16.0/GNU-tools-for-STM32/arm-none-eabi/include/sys/lock.h"
 2036              		.file 16 "/opt/ST/STM32CubeCLT_1.16.0/GNU-tools-for-STM32/arm-none-eabi/include/stdio.h"
 2037              		.file 17 "Lib/Timer/Timer.hpp"
 2038              		.file 18 "Lib/pid/pid.hpp"
ARM GAS  /var/folders/5c/srt4fy4j1pd641bjfx75k5000000gn/T//ccJC9EFJ.s 			page 45


 2039              		.file 19 "src/unit/motor_drive/motor_drive.hpp"
 2040              		.file 20 "Drivers/STM32F4xx_HAL_Driver/Inc/stm32f4xx_hal.h"
 2041              		.file 21 "Lib/MyMath/MyMath.hpp"
 2042              		.file 22 "Drivers/CMSIS/Device/ST/STM32F4xx/Include/system_stm32f4xx.h"
 2043              		.file 23 "Core/Inc/main.h"
ARM GAS  /var/folders/5c/srt4fy4j1pd641bjfx75k5000000gn/T//ccJC9EFJ.s 			page 46


DEFINED SYMBOLS
                            *ABS*:00000000 motor_drive.cpp
/var/folders/5c/srt4fy4j1pd641bjfx75k5000000gn/T//ccJC9EFJ.s:21     .text._ZN12PwmSingleOut4initEv:00000000 $t
/var/folders/5c/srt4fy4j1pd641bjfx75k5000000gn/T//ccJC9EFJ.s:27     .text._ZN12PwmSingleOut4initEv:00000000 _ZN12PwmSingleOut4initEv
.ARM.exidx.text._ZN12PwmSingleOut4initEv:00000000 $d
/var/folders/5c/srt4fy4j1pd641bjfx75k5000000gn/T//ccJC9EFJ.s:71     .text._ZN12PwmSingleOut5writeEf:00000000 $t
/var/folders/5c/srt4fy4j1pd641bjfx75k5000000gn/T//ccJC9EFJ.s:77     .text._ZN12PwmSingleOut5writeEf:00000000 _ZN12PwmSingleOut5writeEf
/var/folders/5c/srt4fy4j1pd641bjfx75k5000000gn/T//ccJC9EFJ.s:194    .text._ZN12PwmSingleOut5writeEf:00000094 $d
.ARM.exidx.text._ZN12PwmSingleOut5writeEf:00000000 $d
/var/folders/5c/srt4fy4j1pd641bjfx75k5000000gn/T//ccJC9EFJ.s:201    .text._ZN12PwmSingleOut5soundEtt:00000000 $t
/var/folders/5c/srt4fy4j1pd641bjfx75k5000000gn/T//ccJC9EFJ.s:207    .text._ZN12PwmSingleOut5soundEtt:00000000 _ZN12PwmSingleOut5soundEtt
/var/folders/5c/srt4fy4j1pd641bjfx75k5000000gn/T//ccJC9EFJ.s:410    .text._ZN12PwmSingleOut5soundEtt:000000f0 $d
.ARM.exidx.text._ZN12PwmSingleOut5soundEtt:00000000 $d
/var/folders/5c/srt4fy4j1pd641bjfx75k5000000gn/T//ccJC9EFJ.s:418    .text._ZN10MotorDriveC2EP12PwmSingleOutS1_S1_S1_S1_S1_S1_S1_PsPf:00000000 $t
/var/folders/5c/srt4fy4j1pd641bjfx75k5000000gn/T//ccJC9EFJ.s:424    .text._ZN10MotorDriveC2EP12PwmSingleOutS1_S1_S1_S1_S1_S1_S1_PsPf:00000000 _ZN10MotorDriveC2EP12PwmSingleOutS1_S1_S1_S1_S1_S1_S1_PsPf
/var/folders/5c/srt4fy4j1pd641bjfx75k5000000gn/T//ccJC9EFJ.s:598    .text._ZN10MotorDriveC2EP12PwmSingleOutS1_S1_S1_S1_S1_S1_S1_PsPf:000000e8 $d
.ARM.exidx.text._ZN10MotorDriveC2EP12PwmSingleOutS1_S1_S1_S1_S1_S1_S1_PsPf:00000000 $d
/var/folders/5c/srt4fy4j1pd641bjfx75k5000000gn/T//ccJC9EFJ.s:424    .text._ZN10MotorDriveC2EP12PwmSingleOutS1_S1_S1_S1_S1_S1_S1_PsPf:00000000 _ZN10MotorDriveC1EP12PwmSingleOutS1_S1_S1_S1_S1_S1_S1_PsPf
/var/folders/5c/srt4fy4j1pd641bjfx75k5000000gn/T//ccJC9EFJ.s:619    .text._ZN10MotorDrive4InitEv:00000000 $t
/var/folders/5c/srt4fy4j1pd641bjfx75k5000000gn/T//ccJC9EFJ.s:625    .text._ZN10MotorDrive4InitEv:00000000 _ZN10MotorDrive4InitEv
.ARM.exidx.text._ZN10MotorDrive4InitEv:00000000 $d
/var/folders/5c/srt4fy4j1pd641bjfx75k5000000gn/T//ccJC9EFJ.s:691    .text._ZN10MotorDrive3RunEssss:00000000 $t
/var/folders/5c/srt4fy4j1pd641bjfx75k5000000gn/T//ccJC9EFJ.s:697    .text._ZN10MotorDrive3RunEssss:00000000 _ZN10MotorDrive3RunEssss
/var/folders/5c/srt4fy4j1pd641bjfx75k5000000gn/T//ccJC9EFJ.s:941    .text._ZN10MotorDrive3RunEssss:00000198 $d
.ARM.exidx.text._ZN10MotorDrive3RunEssss:00000000 $d
/var/folders/5c/srt4fy4j1pd641bjfx75k5000000gn/T//ccJC9EFJ.s:955    .text._ZN10MotorDrive5DriveEsffsfh:00000000 $t
/var/folders/5c/srt4fy4j1pd641bjfx75k5000000gn/T//ccJC9EFJ.s:961    .text._ZN10MotorDrive5DriveEsffsfh:00000000 _ZN10MotorDrive5DriveEsffsfh
/var/folders/5c/srt4fy4j1pd641bjfx75k5000000gn/T//ccJC9EFJ.s:1542   .text._ZN10MotorDrive5DriveEsffsfh:00000350 $d
/var/folders/5c/srt4fy4j1pd641bjfx75k5000000gn/T//ccJC9EFJ.s:2013   .bss._ZZN10MotorDrive5DriveEsffsfhE10move_speed:00000000 _ZZN10MotorDrive5DriveEsffsfhE10move_speed
/var/folders/5c/srt4fy4j1pd641bjfx75k5000000gn/T//ccJC9EFJ.s:2019   .bss._ZZN10MotorDrive5DriveEsffsfhE16pre_target_rad_s:00000000 _ZZN10MotorDrive5DriveEsffsfhE16pre_target_rad_s
/var/folders/5c/srt4fy4j1pd641bjfx75k5000000gn/T//ccJC9EFJ.s:1553   .text._ZN10MotorDrive5DriveEsffsfh:00000370 $t
/var/folders/5c/srt4fy4j1pd641bjfx75k5000000gn/T//ccJC9EFJ.s:1731   .text._ZN10MotorDrive5DriveEsffsfh:000004b0 $d
.ARM.extab.text._ZN10MotorDrive5DriveEsffsfh:00000000 $d
.ARM.exidx.text._ZN10MotorDrive5DriveEsffsfh:00000000 $d
/var/folders/5c/srt4fy4j1pd641bjfx75k5000000gn/T//ccJC9EFJ.s:1738   .text._ZN10MotorDrive5BrakeEt:00000000 $t
/var/folders/5c/srt4fy4j1pd641bjfx75k5000000gn/T//ccJC9EFJ.s:1744   .text._ZN10MotorDrive5BrakeEt:00000000 _ZN10MotorDrive5BrakeEt
.ARM.exidx.text._ZN10MotorDrive5BrakeEt:00000000 $d
/var/folders/5c/srt4fy4j1pd641bjfx75k5000000gn/T//ccJC9EFJ.s:1826   .text._ZN10MotorDrive4FreeEv:00000000 $t
/var/folders/5c/srt4fy4j1pd641bjfx75k5000000gn/T//ccJC9EFJ.s:1832   .text._ZN10MotorDrive4FreeEv:00000000 _ZN10MotorDrive4FreeEv
/var/folders/5c/srt4fy4j1pd641bjfx75k5000000gn/T//ccJC9EFJ.s:1915   .text._ZN10MotorDrive4FreeEv:00000064 $d
.ARM.exidx.text._ZN10MotorDrive4FreeEv:00000000 $d
/var/folders/5c/srt4fy4j1pd641bjfx75k5000000gn/T//ccJC9EFJ.s:1922   .text._ZN10MotorDrive15CheckConnectionEv:00000000 $t
/var/folders/5c/srt4fy4j1pd641bjfx75k5000000gn/T//ccJC9EFJ.s:1928   .text._ZN10MotorDrive15CheckConnectionEv:00000000 _ZN10MotorDrive15CheckConnectionEv
.ARM.exidx.text._ZN10MotorDrive15CheckConnectionEv:00000000 $d
/var/folders/5c/srt4fy4j1pd641bjfx75k5000000gn/T//ccJC9EFJ.s:2010   .bss._ZZN10MotorDrive5DriveEsffsfhE10move_speed:00000000 $d
/var/folders/5c/srt4fy4j1pd641bjfx75k5000000gn/T//ccJC9EFJ.s:2016   .bss._ZZN10MotorDrive5DriveEsffsfhE16pre_target_rad_s:00000000 $d

UNDEFINED SYMBOLS
HAL_TIM_PWM_Start
__aeabi_unwind_cpp_pr0
__aeabi_f2d
__aeabi_ui2d
__aeabi_dmul
__aeabi_d2iz
HAL_TIM_Base_Init
HAL_Delay
Error_Handler
ARM GAS  /var/folders/5c/srt4fy4j1pd641bjfx75k5000000gn/T//ccJC9EFJ.s 			page 47


SystemCoreClock
_ZN3PIDC1Ev
_ZN5TimerC1Ev
_ZN9MovingAve9SetLengthEh
_ZN3PID7SetGainEfff
_ZN3PID8SetLimitEdd
_ZN3PID15SetSamplingFreqEt
_ZN3PID7SetTypeEh
__aeabi_dcmpgt
__aeabi_dadd
__aeabi_d2f
__aeabi_dsub
__aeabi_i2d
_ZN5Timer4readEv
_ZN5Timer5resetEv
_ZN3PID6ResetIEv
cosDeg
sinDeg
_ZN3PID7ComputeEff
_ZN3PID3GetEv
_ZN9MovingAve7ComputeEd
_ZN9MovingAve3GetEv
sqrt
atan2
__aeabi_unwind_cpp_pr1
