ARM GAS  /var/folders/5c/srt4fy4j1pd641bjfx75k5000000gn/T//ccDzhI5D.s 			page 1


   1              		.cpu cortex-m4
   2              		.arch armv7e-m
   3              		.fpu fpv4-sp-d16
   4              		.eabi_attribute 27, 1
   5              		.eabi_attribute 28, 1
   6              		.eabi_attribute 20, 1
   7              		.eabi_attribute 21, 1
   8              		.eabi_attribute 23, 3
   9              		.eabi_attribute 24, 1
  10              		.eabi_attribute 25, 1
  11              		.eabi_attribute 26, 1
  12              		.eabi_attribute 30, 1
  13              		.eabi_attribute 34, 1
  14              		.eabi_attribute 18, 4
  15              		.file	"line.cpp"
  16              		.text
  17              	.Ltext0:
  18              		.cfi_sections	.debug_frame
  19              		.file 1 "src/unit/line/line.cpp"
  20              		.section	.text._ZN4LineC2EP10DigitalOutS1_S1_S1_S1_S1_S1_PhS2_S2_S2_S2_S2_S2_S2_,"ax",%progbits
  21              		.align	1
  22              		.global	_ZN4LineC2EP10DigitalOutS1_S1_S1_S1_S1_S1_PhS2_S2_S2_S2_S2_S2_S2_
  23              		.syntax unified
  24              		.thumb
  25              		.thumb_func
  27              	_ZN4LineC2EP10DigitalOutS1_S1_S1_S1_S1_S1_PhS2_S2_S2_S2_S2_S2_S2_:
  28              		.fnstart
  29              	.LVL0:
  30              	.LFB254:
   1:src/unit/line/line.cpp **** #include "line.hpp"
   2:src/unit/line/line.cpp **** 
   3:src/unit/line/line.cpp **** Line::Line(DigitalOut *led_line,
  31              		.loc 1 3 1 view -0
  32              		.cfi_startproc
  33              		@ args = 48, pretend = 0, frame = 0
  34              		@ frame_needed = 0, uses_anonymous_args = 0
  35              		.loc 1 3 1 is_stmt 0 view .LVU1
  36 0000 10B5     		push	{r4, lr}
  37              		.save {r4, lr}
  38              	.LCFI0:
  39              		.cfi_def_cfa_offset 8
  40              		.cfi_offset 4, -8
  41              		.cfi_offset 14, -4
  42 0002 0446     		mov	r4, r0
  43              	.LBB55:
   4:src/unit/line/line.cpp ****            DigitalOut *mux1a, DigitalOut *mux1b,
   5:src/unit/line/line.cpp ****            DigitalOut *mux2a, DigitalOut *mux2b,
   6:src/unit/line/line.cpp ****            DigitalOut *mux3a, DigitalOut *mux3b,
   7:src/unit/line/line.cpp ****            uint8_t *leftside_val, uint8_t *rightside_val,
   8:src/unit/line/line.cpp ****            uint8_t *mux1x_val, uint8_t *mux1y_val,
   9:src/unit/line/line.cpp ****            uint8_t *mux2x_val, uint8_t *mux2y_val,
  10:src/unit/line/line.cpp ****            uint8_t *mux3x_val, uint8_t *mux3y_val)
  11:src/unit/line/line.cpp ****     : led_line_(led_line), mux1a_(mux1a), mux1b_(mux1b), mux2a_(mux2a), mux2b_(mux2b), mux3a_(mux3a
  44              		.loc 1 11 7 view .LVU2
  45 0004 8160     		str	r1, [r0, #8]
  46              		.loc 1 11 28 view .LVU3
  47 0006 C260     		str	r2, [r0, #12]
ARM GAS  /var/folders/5c/srt4fy4j1pd641bjfx75k5000000gn/T//ccDzhI5D.s 			page 2


  48              		.loc 1 11 43 view .LVU4
  49 0008 0361     		str	r3, [r0, #16]
  50              		.loc 1 11 58 view .LVU5
  51 000a 029B     		ldr	r3, [sp, #8]
  52              	.LVL1:
  53              		.loc 1 11 58 view .LVU6
  54 000c 4361     		str	r3, [r0, #20]
  55              		.loc 1 11 73 view .LVU7
  56 000e 039B     		ldr	r3, [sp, #12]
  57 0010 8361     		str	r3, [r0, #24]
  58              		.loc 1 11 88 view .LVU8
  59 0012 049B     		ldr	r3, [sp, #16]
  60 0014 C361     		str	r3, [r0, #28]
  61              		.loc 1 11 103 view .LVU9
  62 0016 059B     		ldr	r3, [sp, #20]
  63 0018 0362     		str	r3, [r0, #32]
  64              		.loc 1 11 115 view .LVU10
  65 001a 0023     		movs	r3, #0
  66 001c 80F84430 		strb	r3, [r0, #68]
  67 0020 A0F8E030 		strh	r3, [r0, #224]	@ movhi
  68 0024 00F58070 		add	r0, r0, #256
  69              	.LVL2:
  70              		.loc 1 11 115 view .LVU11
  71 0028 FFF7FEFF 		bl	_ZN5TimerC1Ev
  72              	.LVL3:
  12:src/unit/line/line.cpp ****       this->leftside_val_ = leftside_val;
  73              		.loc 1 12 7 is_stmt 1 view .LVU12
  74              		.loc 1 12 27 is_stmt 0 view .LVU13
  75 002c 069B     		ldr	r3, [sp, #24]
  76 002e 6362     		str	r3, [r4, #36]
  13:src/unit/line/line.cpp ****       this->rightside_val_ = rightside_val;
  77              		.loc 1 13 7 is_stmt 1 view .LVU14
  78              		.loc 1 13 28 is_stmt 0 view .LVU15
  79 0030 079B     		ldr	r3, [sp, #28]
  80 0032 A362     		str	r3, [r4, #40]
  14:src/unit/line/line.cpp ****       this->mux1x_val_ = mux1x_val;
  81              		.loc 1 14 7 is_stmt 1 view .LVU16
  82              		.loc 1 14 24 is_stmt 0 view .LVU17
  83 0034 089B     		ldr	r3, [sp, #32]
  84 0036 E362     		str	r3, [r4, #44]
  15:src/unit/line/line.cpp ****       this->mux1y_val_ = mux1y_val;
  85              		.loc 1 15 7 is_stmt 1 view .LVU18
  86              		.loc 1 15 24 is_stmt 0 view .LVU19
  87 0038 099B     		ldr	r3, [sp, #36]
  88 003a 2363     		str	r3, [r4, #48]
  16:src/unit/line/line.cpp ****       this->mux2x_val_ = mux2x_val;
  89              		.loc 1 16 7 is_stmt 1 view .LVU20
  90              		.loc 1 16 24 is_stmt 0 view .LVU21
  91 003c 0A9B     		ldr	r3, [sp, #40]
  92 003e 6363     		str	r3, [r4, #52]
  17:src/unit/line/line.cpp ****       this->mux2y_val_ = mux2y_val;
  93              		.loc 1 17 7 is_stmt 1 view .LVU22
  94              		.loc 1 17 24 is_stmt 0 view .LVU23
  95 0040 0B9B     		ldr	r3, [sp, #44]
  96 0042 A363     		str	r3, [r4, #56]
  18:src/unit/line/line.cpp ****       this->mux3x_val_ = mux3x_val;
  97              		.loc 1 18 7 is_stmt 1 view .LVU24
ARM GAS  /var/folders/5c/srt4fy4j1pd641bjfx75k5000000gn/T//ccDzhI5D.s 			page 3


  98              		.loc 1 18 24 is_stmt 0 view .LVU25
  99 0044 0C9B     		ldr	r3, [sp, #48]
 100 0046 E363     		str	r3, [r4, #60]
  19:src/unit/line/line.cpp ****       this->mux3y_val_ = mux3y_val;
 101              		.loc 1 19 7 is_stmt 1 view .LVU26
 102              		.loc 1 19 24 is_stmt 0 view .LVU27
 103 0048 0D9B     		ldr	r3, [sp, #52]
 104 004a 2364     		str	r3, [r4, #64]
 105              	.LBE55:
  20:src/unit/line/line.cpp **** }
 106              		.loc 1 20 1 view .LVU28
 107 004c 2046     		mov	r0, r4
 108 004e 10BD     		pop	{r4, pc}
 109              		.loc 1 20 1 view .LVU29
 110              		.cfi_endproc
 111              	.LFE254:
 112              		.fnend
 114              		.global	_ZN4LineC1EP10DigitalOutS1_S1_S1_S1_S1_S1_PhS2_S2_S2_S2_S2_S2_S2_
 115              		.thumb_set _ZN4LineC1EP10DigitalOutS1_S1_S1_S1_S1_S1_PhS2_S2_S2_S2_S2_S2_S2_,_ZN4LineC2EP10Digital
 116              		.global	__aeabi_i2d
 117              		.global	__aeabi_dmul
 118              		.global	__aeabi_d2uiz
 119              		.section	.text._ZN4Line4ReadEv,"ax",%progbits
 120              		.align	1
 121              		.global	_ZN4Line4ReadEv
 122              		.syntax unified
 123              		.thumb
 124              		.thumb_func
 126              	_ZN4Line4ReadEv:
 127              		.fnstart
 128              	.LVL4:
 129              	.LFB256:
  21:src/unit/line/line.cpp **** 
  22:src/unit/line/line.cpp **** void Line::Read() {
 130              		.loc 1 22 19 is_stmt 1 view -0
 131              		.cfi_startproc
 132              		@ args = 0, pretend = 0, frame = 0
 133              		@ frame_needed = 0, uses_anonymous_args = 0
 134              		.loc 1 22 19 is_stmt 0 view .LVU31
 135 0000 70B5     		push	{r4, r5, r6, lr}
 136              		.save {r4, r5, r6, lr}
 137              	.LCFI1:
 138              		.cfi_def_cfa_offset 16
 139              		.cfi_offset 4, -16
 140              		.cfi_offset 5, -12
 141              		.cfi_offset 6, -8
 142              		.cfi_offset 14, -4
 143 0002 0646     		mov	r6, r0
  23:src/unit/line/line.cpp ****       // アナログ値の取得
  24:src/unit/line/line.cpp ****       if (read_sensors_group_ == 0 && read_interval_timer.read_us() > READ_INTERVAL_TIME_US) {
 144              		.loc 1 24 7 is_stmt 1 view .LVU32
 145              		.loc 1 24 11 is_stmt 0 view .LVU33
 146 0004 90F84430 		ldrb	r3, [r0, #68]	@ zero_extendqisi2
 147              		.loc 1 24 36 view .LVU34
 148 0008 9BB1     		cbz	r3, .L27
 149              	.LVL5:
 150              	.L4:
ARM GAS  /var/folders/5c/srt4fy4j1pd641bjfx75k5000000gn/T//ccDzhI5D.s 			page 4


  25:src/unit/line/line.cpp ****             if (*leftside_val_ > leftside_th_) {
  26:src/unit/line/line.cpp ****                   is_leftside_white = 1;
  27:src/unit/line/line.cpp ****             } else {
  28:src/unit/line/line.cpp ****                   is_leftside_white = 0;
  29:src/unit/line/line.cpp ****             }
  30:src/unit/line/line.cpp ****             if (*rightside_val_ > rightside_th_) {
  31:src/unit/line/line.cpp ****                   is_rightside_white = 1;
  32:src/unit/line/line.cpp ****             } else {
  33:src/unit/line/line.cpp ****                   is_rightside_white = 0;
  34:src/unit/line/line.cpp ****             }
  35:src/unit/line/line.cpp ****             read_sensors_group_++;
  36:src/unit/line/line.cpp ****             read_interval_timer.reset();
  37:src/unit/line/line.cpp ****       } else if (read_sensors_group_ == 1 && read_interval_timer.read_us() > READ_INTERVAL_TIME_US)
 151              		.loc 1 37 14 is_stmt 1 discriminator 4 view .LVU35
 152              		.loc 1 37 18 is_stmt 0 discriminator 4 view .LVU36
 153 000a 96F84430 		ldrb	r3, [r6, #68]	@ zero_extendqisi2
 154              		.loc 1 37 43 discriminator 4 view .LVU37
 155 000e 012B     		cmp	r3, #1
 156 0010 35D0     		beq	.L28
 157              	.L8:
  38:src/unit/line/line.cpp ****             val_[22] = *mux1x_val_;
  39:src/unit/line/line.cpp ****             val_[19] = *mux1y_val_;
  40:src/unit/line/line.cpp ****             val_[15] = *mux2x_val_;
  41:src/unit/line/line.cpp ****             val_[11] = *mux2y_val_;
  42:src/unit/line/line.cpp ****             val_[2] = *mux3x_val_;
  43:src/unit/line/line.cpp ****             val_[5] = *mux3y_val_;
  44:src/unit/line/line.cpp ****             mux1a_->write(1);
  45:src/unit/line/line.cpp ****             mux1b_->write(0);
  46:src/unit/line/line.cpp ****             mux2a_->write(1);
  47:src/unit/line/line.cpp ****             mux2b_->write(0);
  48:src/unit/line/line.cpp ****             mux3a_->write(1);
  49:src/unit/line/line.cpp ****             mux3b_->write(0);
  50:src/unit/line/line.cpp ****             read_sensors_group_++;
  51:src/unit/line/line.cpp ****             read_interval_timer.reset();
  52:src/unit/line/line.cpp ****       } else if (read_sensors_group_ == 2 && read_interval_timer.read_us() > READ_INTERVAL_TIME_US)
 158              		.loc 1 52 14 is_stmt 1 discriminator 4 view .LVU38
 159              		.loc 1 52 18 is_stmt 0 discriminator 4 view .LVU39
 160 0012 96F84430 		ldrb	r3, [r6, #68]	@ zero_extendqisi2
 161              		.loc 1 52 43 discriminator 4 view .LVU40
 162 0016 022B     		cmp	r3, #2
 163 0018 7DD0     		beq	.L29
 164              	.L15:
  53:src/unit/line/line.cpp ****             val_[21] = *mux1x_val_;
  54:src/unit/line/line.cpp ****             val_[16] = *mux1y_val_;
  55:src/unit/line/line.cpp ****             val_[14] = *mux2x_val_;
  56:src/unit/line/line.cpp ****             val_[8] = *mux2y_val_;
  57:src/unit/line/line.cpp ****             val_[3] = *mux3x_val_;
  58:src/unit/line/line.cpp ****             val_[0] = *mux3y_val_;
  59:src/unit/line/line.cpp ****             mux1a_->write(0);
  60:src/unit/line/line.cpp ****             mux1b_->write(1);
  61:src/unit/line/line.cpp ****             mux2a_->write(0);
  62:src/unit/line/line.cpp ****             mux2b_->write(1);
  63:src/unit/line/line.cpp ****             mux3a_->write(0);
  64:src/unit/line/line.cpp ****             mux3b_->write(1);
  65:src/unit/line/line.cpp ****             read_sensors_group_++;
  66:src/unit/line/line.cpp ****             read_interval_timer.reset();
  67:src/unit/line/line.cpp ****       } else if (read_sensors_group_ == 3 && read_interval_timer.read_us() > READ_INTERVAL_TIME_US)
ARM GAS  /var/folders/5c/srt4fy4j1pd641bjfx75k5000000gn/T//ccDzhI5D.s 			page 5


 165              		.loc 1 67 14 is_stmt 1 discriminator 4 view .LVU41
 166              		.loc 1 67 18 is_stmt 0 discriminator 4 view .LVU42
 167 001a 96F84430 		ldrb	r3, [r6, #68]	@ zero_extendqisi2
 168              		.loc 1 67 43 discriminator 4 view .LVU43
 169 001e 032B     		cmp	r3, #3
 170 0020 00F0C680 		beq	.L30
 171              	.L18:
  68:src/unit/line/line.cpp ****             val_[20] = *mux1x_val_;
  69:src/unit/line/line.cpp ****             val_[18] = *mux1y_val_;
  70:src/unit/line/line.cpp ****             val_[13] = *mux2x_val_;
  71:src/unit/line/line.cpp ****             val_[10] = *mux2y_val_;
  72:src/unit/line/line.cpp ****             val_[6] = *mux3x_val_;
  73:src/unit/line/line.cpp ****             val_[4] = *mux3y_val_;
  74:src/unit/line/line.cpp ****             mux1a_->write(1);
  75:src/unit/line/line.cpp ****             mux1b_->write(1);
  76:src/unit/line/line.cpp ****             mux2a_->write(1);
  77:src/unit/line/line.cpp ****             mux2b_->write(1);
  78:src/unit/line/line.cpp ****             mux3a_->write(1);
  79:src/unit/line/line.cpp ****             mux3b_->write(1);
  80:src/unit/line/line.cpp ****             read_sensors_group_++;
  81:src/unit/line/line.cpp ****             read_interval_timer.reset();
  82:src/unit/line/line.cpp ****       } else if (read_sensors_group_ == 4 && read_interval_timer.read_us() > READ_INTERVAL_TIME_US)
 172              		.loc 1 82 14 is_stmt 1 discriminator 4 view .LVU44
 173              		.loc 1 82 18 is_stmt 0 discriminator 4 view .LVU45
 174 0024 96F84430 		ldrb	r3, [r6, #68]	@ zero_extendqisi2
 175              		.loc 1 82 43 discriminator 4 view .LVU46
 176 0028 042B     		cmp	r3, #4
 177 002a 00F00E81 		beq	.L31
 178              	.L12:
  22:src/unit/line/line.cpp ****       // アナログ値の取得
 179              		.loc 1 22 19 discriminator 1 view .LVU47
 180 002e 0024     		movs	r4, #0
 181 0030 5CE1     		b	.L23
 182              	.LVL6:
 183              	.L27:
  24:src/unit/line/line.cpp ****             if (*leftside_val_ > leftside_th_) {
 184              		.loc 1 24 66 discriminator 1 view .LVU48
 185 0032 00F58074 		add	r4, r0, #256
 186 0036 2046     		mov	r0, r4
 187              	.LVL7:
  24:src/unit/line/line.cpp ****             if (*leftside_val_ > leftside_th_) {
 188              		.loc 1 24 66 discriminator 1 view .LVU49
 189 0038 FFF7FEFF 		bl	_ZN5Timer7read_usEv
 190              	.LVL8:
  24:src/unit/line/line.cpp ****             if (*leftside_val_ > leftside_th_) {
 191              		.loc 1 24 36 discriminator 1 view .LVU50
 192 003c 1428     		cmp	r0, #20
 193 003e E4D9     		bls	.L4
  25:src/unit/line/line.cpp ****                   is_leftside_white = 1;
 194              		.loc 1 25 13 is_stmt 1 view .LVU51
  25:src/unit/line/line.cpp ****                   is_leftside_white = 1;
 195              		.loc 1 25 18 is_stmt 0 view .LVU52
 196 0040 736A     		ldr	r3, [r6, #36]
  25:src/unit/line/line.cpp ****                   is_leftside_white = 1;
 197              		.loc 1 25 17 view .LVU53
 198 0042 1A78     		ldrb	r2, [r3]	@ zero_extendqisi2
  25:src/unit/line/line.cpp ****                   is_leftside_white = 1;
ARM GAS  /var/folders/5c/srt4fy4j1pd641bjfx75k5000000gn/T//ccDzhI5D.s 			page 6


 199              		.loc 1 25 34 view .LVU54
 200 0044 D6F8D830 		ldr	r3, [r6, #216]
  25:src/unit/line/line.cpp ****                   is_leftside_white = 1;
 201              		.loc 1 25 13 view .LVU55
 202 0048 9A42     		cmp	r2, r3
 203 004a 02D8     		bhi	.L5
  28:src/unit/line/line.cpp ****             }
 204              		.loc 1 28 19 is_stmt 1 view .LVU56
  28:src/unit/line/line.cpp ****             }
 205              		.loc 1 28 37 is_stmt 0 view .LVU57
 206 004c 0023     		movs	r3, #0
 207 004e 3371     		strb	r3, [r6, #4]
 208 0050 01E0     		b	.L9
 209              	.L5:
  26:src/unit/line/line.cpp ****             } else {
 210              		.loc 1 26 19 is_stmt 1 view .LVU58
  26:src/unit/line/line.cpp ****             } else {
 211              		.loc 1 26 37 is_stmt 0 view .LVU59
 212 0052 0123     		movs	r3, #1
 213 0054 3371     		strb	r3, [r6, #4]
 214              	.L9:
  30:src/unit/line/line.cpp ****                   is_rightside_white = 1;
 215              		.loc 1 30 13 is_stmt 1 view .LVU60
  30:src/unit/line/line.cpp ****                   is_rightside_white = 1;
 216              		.loc 1 30 18 is_stmt 0 view .LVU61
 217 0056 B36A     		ldr	r3, [r6, #40]
  30:src/unit/line/line.cpp ****                   is_rightside_white = 1;
 218              		.loc 1 30 17 view .LVU62
 219 0058 1A78     		ldrb	r2, [r3]	@ zero_extendqisi2
  30:src/unit/line/line.cpp ****                   is_rightside_white = 1;
 220              		.loc 1 30 35 view .LVU63
 221 005a D6F8DC30 		ldr	r3, [r6, #220]
  30:src/unit/line/line.cpp ****                   is_rightside_white = 1;
 222              		.loc 1 30 13 view .LVU64
 223 005e 9A42     		cmp	r2, r3
 224 0060 0AD9     		bls	.L10
  31:src/unit/line/line.cpp ****             } else {
 225              		.loc 1 31 19 is_stmt 1 view .LVU65
  31:src/unit/line/line.cpp ****             } else {
 226              		.loc 1 31 38 is_stmt 0 view .LVU66
 227 0062 0123     		movs	r3, #1
 228 0064 7371     		strb	r3, [r6, #5]
 229              	.L11:
  35:src/unit/line/line.cpp ****             read_interval_timer.reset();
 230              		.loc 1 35 13 is_stmt 1 view .LVU67
 231 0066 96F84430 		ldrb	r3, [r6, #68]	@ zero_extendqisi2
  35:src/unit/line/line.cpp ****             read_interval_timer.reset();
 232              		.loc 1 35 32 is_stmt 0 view .LVU68
 233 006a 0133     		adds	r3, r3, #1
 234 006c 86F84430 		strb	r3, [r6, #68]
  36:src/unit/line/line.cpp ****       } else if (read_sensors_group_ == 1 && read_interval_timer.read_us() > READ_INTERVAL_TIME_US)
 235              		.loc 1 36 13 is_stmt 1 view .LVU69
  36:src/unit/line/line.cpp ****       } else if (read_sensors_group_ == 1 && read_interval_timer.read_us() > READ_INTERVAL_TIME_US)
 236              		.loc 1 36 38 is_stmt 0 view .LVU70
 237 0070 2046     		mov	r0, r4
 238 0072 FFF7FEFF 		bl	_ZN5Timer5resetEv
 239              	.LVL9:
ARM GAS  /var/folders/5c/srt4fy4j1pd641bjfx75k5000000gn/T//ccDzhI5D.s 			page 7


 240 0076 DAE7     		b	.L12
 241              	.L10:
  33:src/unit/line/line.cpp ****             }
 242              		.loc 1 33 19 is_stmt 1 view .LVU71
  33:src/unit/line/line.cpp ****             }
 243              		.loc 1 33 38 is_stmt 0 view .LVU72
 244 0078 0023     		movs	r3, #0
 245 007a 7371     		strb	r3, [r6, #5]
 246 007c F3E7     		b	.L11
 247              	.L28:
  37:src/unit/line/line.cpp ****             val_[22] = *mux1x_val_;
 248              		.loc 1 37 73 discriminator 1 view .LVU73
 249 007e 06F58074 		add	r4, r6, #256
 250 0082 2046     		mov	r0, r4
 251 0084 FFF7FEFF 		bl	_ZN5Timer7read_usEv
 252              	.LVL10:
  37:src/unit/line/line.cpp ****             val_[22] = *mux1x_val_;
 253              		.loc 1 37 43 discriminator 1 view .LVU74
 254 0088 1428     		cmp	r0, #20
 255 008a C2D9     		bls	.L8
  38:src/unit/line/line.cpp ****             val_[19] = *mux1y_val_;
 256              		.loc 1 38 13 is_stmt 1 view .LVU75
  38:src/unit/line/line.cpp ****             val_[19] = *mux1y_val_;
 257              		.loc 1 38 25 is_stmt 0 view .LVU76
 258 008c F36A     		ldr	r3, [r6, #44]
  38:src/unit/line/line.cpp ****             val_[19] = *mux1y_val_;
 259              		.loc 1 38 24 view .LVU77
 260 008e 1B78     		ldrb	r3, [r3]	@ zero_extendqisi2
  38:src/unit/line/line.cpp ****             val_[19] = *mux1y_val_;
 261              		.loc 1 38 22 view .LVU78
 262 0090 86F85B30 		strb	r3, [r6, #91]
  39:src/unit/line/line.cpp ****             val_[15] = *mux2x_val_;
 263              		.loc 1 39 13 is_stmt 1 view .LVU79
  39:src/unit/line/line.cpp ****             val_[15] = *mux2x_val_;
 264              		.loc 1 39 25 is_stmt 0 view .LVU80
 265 0094 336B     		ldr	r3, [r6, #48]
  39:src/unit/line/line.cpp ****             val_[15] = *mux2x_val_;
 266              		.loc 1 39 24 view .LVU81
 267 0096 1B78     		ldrb	r3, [r3]	@ zero_extendqisi2
  39:src/unit/line/line.cpp ****             val_[15] = *mux2x_val_;
 268              		.loc 1 39 22 view .LVU82
 269 0098 86F85830 		strb	r3, [r6, #88]
  40:src/unit/line/line.cpp ****             val_[11] = *mux2y_val_;
 270              		.loc 1 40 13 is_stmt 1 view .LVU83
  40:src/unit/line/line.cpp ****             val_[11] = *mux2y_val_;
 271              		.loc 1 40 25 is_stmt 0 view .LVU84
 272 009c 736B     		ldr	r3, [r6, #52]
  40:src/unit/line/line.cpp ****             val_[11] = *mux2y_val_;
 273              		.loc 1 40 24 view .LVU85
 274 009e 1B78     		ldrb	r3, [r3]	@ zero_extendqisi2
  40:src/unit/line/line.cpp ****             val_[11] = *mux2y_val_;
 275              		.loc 1 40 22 view .LVU86
 276 00a0 86F85430 		strb	r3, [r6, #84]
  41:src/unit/line/line.cpp ****             val_[2] = *mux3x_val_;
 277              		.loc 1 41 13 is_stmt 1 view .LVU87
  41:src/unit/line/line.cpp ****             val_[2] = *mux3x_val_;
 278              		.loc 1 41 25 is_stmt 0 view .LVU88
ARM GAS  /var/folders/5c/srt4fy4j1pd641bjfx75k5000000gn/T//ccDzhI5D.s 			page 8


 279 00a4 B36B     		ldr	r3, [r6, #56]
  41:src/unit/line/line.cpp ****             val_[2] = *mux3x_val_;
 280              		.loc 1 41 24 view .LVU89
 281 00a6 1B78     		ldrb	r3, [r3]	@ zero_extendqisi2
  41:src/unit/line/line.cpp ****             val_[2] = *mux3x_val_;
 282              		.loc 1 41 22 view .LVU90
 283 00a8 86F85030 		strb	r3, [r6, #80]
  42:src/unit/line/line.cpp ****             val_[5] = *mux3y_val_;
 284              		.loc 1 42 13 is_stmt 1 view .LVU91
  42:src/unit/line/line.cpp ****             val_[5] = *mux3y_val_;
 285              		.loc 1 42 24 is_stmt 0 view .LVU92
 286 00ac F36B     		ldr	r3, [r6, #60]
  42:src/unit/line/line.cpp ****             val_[5] = *mux3y_val_;
 287              		.loc 1 42 23 view .LVU93
 288 00ae 1B78     		ldrb	r3, [r3]	@ zero_extendqisi2
  42:src/unit/line/line.cpp ****             val_[5] = *mux3y_val_;
 289              		.loc 1 42 21 view .LVU94
 290 00b0 86F84730 		strb	r3, [r6, #71]
  43:src/unit/line/line.cpp ****             mux1a_->write(1);
 291              		.loc 1 43 13 is_stmt 1 view .LVU95
  43:src/unit/line/line.cpp ****             mux1a_->write(1);
 292              		.loc 1 43 24 is_stmt 0 view .LVU96
 293 00b4 336C     		ldr	r3, [r6, #64]
  43:src/unit/line/line.cpp ****             mux1a_->write(1);
 294              		.loc 1 43 23 view .LVU97
 295 00b6 1B78     		ldrb	r3, [r3]	@ zero_extendqisi2
  43:src/unit/line/line.cpp ****             mux1a_->write(1);
 296              		.loc 1 43 21 view .LVU98
 297 00b8 86F84A30 		strb	r3, [r6, #74]
  44:src/unit/line/line.cpp ****             mux1b_->write(0);
 298              		.loc 1 44 13 is_stmt 1 view .LVU99
 299 00bc F368     		ldr	r3, [r6, #12]
 300              	.LVL11:
 301              	.LBB56:
 302              	.LBI56:
 303              		.file 2 "Lib/DigitalInOut/DigitalInOut.hpp"
   1:Lib/DigitalInOut/DigitalInOut.hpp **** #ifndef __DIGITALINOUT__
   2:Lib/DigitalInOut/DigitalInOut.hpp **** #define __DIGITALINOUT__
   3:Lib/DigitalInOut/DigitalInOut.hpp **** 
   4:Lib/DigitalInOut/DigitalInOut.hpp **** #include "main.h"
   5:Lib/DigitalInOut/DigitalInOut.hpp **** 
   6:Lib/DigitalInOut/DigitalInOut.hpp **** #ifdef __cplusplus
   7:Lib/DigitalInOut/DigitalInOut.hpp **** 
   8:Lib/DigitalInOut/DigitalInOut.hpp **** extern "C" {
   9:Lib/DigitalInOut/DigitalInOut.hpp **** 
  10:Lib/DigitalInOut/DigitalInOut.hpp **** class DigitalOut {
  11:Lib/DigitalInOut/DigitalInOut.hpp ****      public:
  12:Lib/DigitalInOut/DigitalInOut.hpp ****       DigitalOut(GPIO_TypeDef *port, uint16_t pin) : port(port), pin(pin) {
  13:Lib/DigitalInOut/DigitalInOut.hpp ****             HAL_GPIO_WritePin(port, pin, GPIO_PIN_RESET);
  14:Lib/DigitalInOut/DigitalInOut.hpp ****       }
  15:Lib/DigitalInOut/DigitalInOut.hpp ****       void write(bool value) {
 304              		.loc 2 15 12 view .LVU100
 305              	.LBB57:
  16:Lib/DigitalInOut/DigitalInOut.hpp ****             HAL_GPIO_WritePin(port, pin, value ? GPIO_PIN_SET : GPIO_PIN_RESET);
 306              		.loc 2 16 13 view .LVU101
 307              		.loc 2 16 30 is_stmt 0 view .LVU102
 308 00be 0122     		movs	r2, #1
ARM GAS  /var/folders/5c/srt4fy4j1pd641bjfx75k5000000gn/T//ccDzhI5D.s 			page 9


 309 00c0 9988     		ldrh	r1, [r3, #4]
 310 00c2 1868     		ldr	r0, [r3]
 311 00c4 FFF7FEFF 		bl	HAL_GPIO_WritePin
 312              	.LVL12:
 313              		.loc 2 16 30 view .LVU103
 314              	.LBE57:
 315              	.LBE56:
  45:src/unit/line/line.cpp ****             mux2a_->write(1);
 316              		.loc 1 45 13 is_stmt 1 view .LVU104
 317 00c8 3369     		ldr	r3, [r6, #16]
 318              	.LVL13:
 319              	.LBB58:
 320              	.LBI58:
  15:Lib/DigitalInOut/DigitalInOut.hpp ****             HAL_GPIO_WritePin(port, pin, value ? GPIO_PIN_SET : GPIO_PIN_RESET);
 321              		.loc 2 15 12 view .LVU105
 322              	.LBB59:
 323              		.loc 2 16 13 view .LVU106
 324              		.loc 2 16 30 is_stmt 0 view .LVU107
 325 00ca 0022     		movs	r2, #0
 326 00cc 9988     		ldrh	r1, [r3, #4]
 327 00ce 1868     		ldr	r0, [r3]
 328 00d0 FFF7FEFF 		bl	HAL_GPIO_WritePin
 329              	.LVL14:
 330              		.loc 2 16 30 view .LVU108
 331              	.LBE59:
 332              	.LBE58:
  46:src/unit/line/line.cpp ****             mux2b_->write(0);
 333              		.loc 1 46 13 is_stmt 1 view .LVU109
 334 00d4 7369     		ldr	r3, [r6, #20]
 335              	.LVL15:
 336              	.LBB60:
 337              	.LBI60:
  15:Lib/DigitalInOut/DigitalInOut.hpp ****             HAL_GPIO_WritePin(port, pin, value ? GPIO_PIN_SET : GPIO_PIN_RESET);
 338              		.loc 2 15 12 view .LVU110
 339              	.LBB61:
 340              		.loc 2 16 13 view .LVU111
 341              		.loc 2 16 30 is_stmt 0 view .LVU112
 342 00d6 0122     		movs	r2, #1
 343 00d8 9988     		ldrh	r1, [r3, #4]
 344 00da 1868     		ldr	r0, [r3]
 345 00dc FFF7FEFF 		bl	HAL_GPIO_WritePin
 346              	.LVL16:
 347              		.loc 2 16 30 view .LVU113
 348              	.LBE61:
 349              	.LBE60:
  47:src/unit/line/line.cpp ****             mux3a_->write(1);
 350              		.loc 1 47 13 is_stmt 1 view .LVU114
 351 00e0 B369     		ldr	r3, [r6, #24]
 352              	.LVL17:
 353              	.LBB62:
 354              	.LBI62:
  15:Lib/DigitalInOut/DigitalInOut.hpp ****             HAL_GPIO_WritePin(port, pin, value ? GPIO_PIN_SET : GPIO_PIN_RESET);
 355              		.loc 2 15 12 view .LVU115
 356              	.LBB63:
 357              		.loc 2 16 13 view .LVU116
 358              		.loc 2 16 30 is_stmt 0 view .LVU117
 359 00e2 0022     		movs	r2, #0
ARM GAS  /var/folders/5c/srt4fy4j1pd641bjfx75k5000000gn/T//ccDzhI5D.s 			page 10


 360 00e4 9988     		ldrh	r1, [r3, #4]
 361 00e6 1868     		ldr	r0, [r3]
 362 00e8 FFF7FEFF 		bl	HAL_GPIO_WritePin
 363              	.LVL18:
 364              		.loc 2 16 30 view .LVU118
 365              	.LBE63:
 366              	.LBE62:
  48:src/unit/line/line.cpp ****             mux3b_->write(0);
 367              		.loc 1 48 13 is_stmt 1 view .LVU119
 368 00ec F369     		ldr	r3, [r6, #28]
 369              	.LVL19:
 370              	.LBB64:
 371              	.LBI64:
  15:Lib/DigitalInOut/DigitalInOut.hpp ****             HAL_GPIO_WritePin(port, pin, value ? GPIO_PIN_SET : GPIO_PIN_RESET);
 372              		.loc 2 15 12 view .LVU120
 373              	.LBB65:
 374              		.loc 2 16 13 view .LVU121
 375              		.loc 2 16 30 is_stmt 0 view .LVU122
 376 00ee 0122     		movs	r2, #1
 377 00f0 9988     		ldrh	r1, [r3, #4]
 378 00f2 1868     		ldr	r0, [r3]
 379 00f4 FFF7FEFF 		bl	HAL_GPIO_WritePin
 380              	.LVL20:
 381              		.loc 2 16 30 view .LVU123
 382              	.LBE65:
 383              	.LBE64:
  49:src/unit/line/line.cpp ****             read_sensors_group_++;
 384              		.loc 1 49 13 is_stmt 1 view .LVU124
 385 00f8 336A     		ldr	r3, [r6, #32]
 386              	.LVL21:
 387              	.LBB66:
 388              	.LBI66:
  15:Lib/DigitalInOut/DigitalInOut.hpp ****             HAL_GPIO_WritePin(port, pin, value ? GPIO_PIN_SET : GPIO_PIN_RESET);
 389              		.loc 2 15 12 view .LVU125
 390              	.LBB67:
 391              		.loc 2 16 13 view .LVU126
 392              		.loc 2 16 30 is_stmt 0 view .LVU127
 393 00fa 0022     		movs	r2, #0
 394 00fc 9988     		ldrh	r1, [r3, #4]
 395 00fe 1868     		ldr	r0, [r3]
 396 0100 FFF7FEFF 		bl	HAL_GPIO_WritePin
 397              	.LVL22:
 398              		.loc 2 16 30 view .LVU128
 399              	.LBE67:
 400              	.LBE66:
  50:src/unit/line/line.cpp ****             read_interval_timer.reset();
 401              		.loc 1 50 13 is_stmt 1 view .LVU129
 402 0104 96F84430 		ldrb	r3, [r6, #68]	@ zero_extendqisi2
  50:src/unit/line/line.cpp ****             read_interval_timer.reset();
 403              		.loc 1 50 32 is_stmt 0 view .LVU130
 404 0108 0133     		adds	r3, r3, #1
 405 010a 86F84430 		strb	r3, [r6, #68]
  51:src/unit/line/line.cpp ****       } else if (read_sensors_group_ == 2 && read_interval_timer.read_us() > READ_INTERVAL_TIME_US)
 406              		.loc 1 51 13 is_stmt 1 view .LVU131
  51:src/unit/line/line.cpp ****       } else if (read_sensors_group_ == 2 && read_interval_timer.read_us() > READ_INTERVAL_TIME_US)
 407              		.loc 1 51 38 is_stmt 0 view .LVU132
 408 010e 2046     		mov	r0, r4
ARM GAS  /var/folders/5c/srt4fy4j1pd641bjfx75k5000000gn/T//ccDzhI5D.s 			page 11


 409 0110 FFF7FEFF 		bl	_ZN5Timer5resetEv
 410              	.LVL23:
 411 0114 8BE7     		b	.L12
 412              	.L29:
  52:src/unit/line/line.cpp ****             val_[21] = *mux1x_val_;
 413              		.loc 1 52 73 discriminator 1 view .LVU133
 414 0116 06F58074 		add	r4, r6, #256
 415 011a 2046     		mov	r0, r4
 416 011c FFF7FEFF 		bl	_ZN5Timer7read_usEv
 417              	.LVL24:
  52:src/unit/line/line.cpp ****             val_[21] = *mux1x_val_;
 418              		.loc 1 52 43 discriminator 1 view .LVU134
 419 0120 1428     		cmp	r0, #20
 420 0122 7FF67AAF 		bls	.L15
  53:src/unit/line/line.cpp ****             val_[16] = *mux1y_val_;
 421              		.loc 1 53 13 is_stmt 1 view .LVU135
  53:src/unit/line/line.cpp ****             val_[16] = *mux1y_val_;
 422              		.loc 1 53 25 is_stmt 0 view .LVU136
 423 0126 F36A     		ldr	r3, [r6, #44]
  53:src/unit/line/line.cpp ****             val_[16] = *mux1y_val_;
 424              		.loc 1 53 24 view .LVU137
 425 0128 1B78     		ldrb	r3, [r3]	@ zero_extendqisi2
  53:src/unit/line/line.cpp ****             val_[16] = *mux1y_val_;
 426              		.loc 1 53 22 view .LVU138
 427 012a 86F85A30 		strb	r3, [r6, #90]
  54:src/unit/line/line.cpp ****             val_[14] = *mux2x_val_;
 428              		.loc 1 54 13 is_stmt 1 view .LVU139
  54:src/unit/line/line.cpp ****             val_[14] = *mux2x_val_;
 429              		.loc 1 54 25 is_stmt 0 view .LVU140
 430 012e 336B     		ldr	r3, [r6, #48]
  54:src/unit/line/line.cpp ****             val_[14] = *mux2x_val_;
 431              		.loc 1 54 24 view .LVU141
 432 0130 1B78     		ldrb	r3, [r3]	@ zero_extendqisi2
  54:src/unit/line/line.cpp ****             val_[14] = *mux2x_val_;
 433              		.loc 1 54 22 view .LVU142
 434 0132 86F85530 		strb	r3, [r6, #85]
  55:src/unit/line/line.cpp ****             val_[8] = *mux2y_val_;
 435              		.loc 1 55 13 is_stmt 1 view .LVU143
  55:src/unit/line/line.cpp ****             val_[8] = *mux2y_val_;
 436              		.loc 1 55 25 is_stmt 0 view .LVU144
 437 0136 736B     		ldr	r3, [r6, #52]
  55:src/unit/line/line.cpp ****             val_[8] = *mux2y_val_;
 438              		.loc 1 55 24 view .LVU145
 439 0138 1B78     		ldrb	r3, [r3]	@ zero_extendqisi2
  55:src/unit/line/line.cpp ****             val_[8] = *mux2y_val_;
 440              		.loc 1 55 22 view .LVU146
 441 013a 86F85330 		strb	r3, [r6, #83]
  56:src/unit/line/line.cpp ****             val_[3] = *mux3x_val_;
 442              		.loc 1 56 13 is_stmt 1 view .LVU147
  56:src/unit/line/line.cpp ****             val_[3] = *mux3x_val_;
 443              		.loc 1 56 24 is_stmt 0 view .LVU148
 444 013e B36B     		ldr	r3, [r6, #56]
  56:src/unit/line/line.cpp ****             val_[3] = *mux3x_val_;
 445              		.loc 1 56 23 view .LVU149
 446 0140 1B78     		ldrb	r3, [r3]	@ zero_extendqisi2
  56:src/unit/line/line.cpp ****             val_[3] = *mux3x_val_;
 447              		.loc 1 56 21 view .LVU150
ARM GAS  /var/folders/5c/srt4fy4j1pd641bjfx75k5000000gn/T//ccDzhI5D.s 			page 12


 448 0142 86F84D30 		strb	r3, [r6, #77]
  57:src/unit/line/line.cpp ****             val_[0] = *mux3y_val_;
 449              		.loc 1 57 13 is_stmt 1 view .LVU151
  57:src/unit/line/line.cpp ****             val_[0] = *mux3y_val_;
 450              		.loc 1 57 24 is_stmt 0 view .LVU152
 451 0146 F36B     		ldr	r3, [r6, #60]
  57:src/unit/line/line.cpp ****             val_[0] = *mux3y_val_;
 452              		.loc 1 57 23 view .LVU153
 453 0148 1B78     		ldrb	r3, [r3]	@ zero_extendqisi2
  57:src/unit/line/line.cpp ****             val_[0] = *mux3y_val_;
 454              		.loc 1 57 21 view .LVU154
 455 014a 86F84830 		strb	r3, [r6, #72]
  58:src/unit/line/line.cpp ****             mux1a_->write(0);
 456              		.loc 1 58 13 is_stmt 1 view .LVU155
  58:src/unit/line/line.cpp ****             mux1a_->write(0);
 457              		.loc 1 58 24 is_stmt 0 view .LVU156
 458 014e 336C     		ldr	r3, [r6, #64]
  58:src/unit/line/line.cpp ****             mux1a_->write(0);
 459              		.loc 1 58 23 view .LVU157
 460 0150 1B78     		ldrb	r3, [r3]	@ zero_extendqisi2
  58:src/unit/line/line.cpp ****             mux1a_->write(0);
 461              		.loc 1 58 21 view .LVU158
 462 0152 86F84530 		strb	r3, [r6, #69]
  59:src/unit/line/line.cpp ****             mux1b_->write(1);
 463              		.loc 1 59 13 is_stmt 1 view .LVU159
 464 0156 F368     		ldr	r3, [r6, #12]
 465              	.LVL25:
 466              	.LBB68:
 467              	.LBI68:
  15:Lib/DigitalInOut/DigitalInOut.hpp ****             HAL_GPIO_WritePin(port, pin, value ? GPIO_PIN_SET : GPIO_PIN_RESET);
 468              		.loc 2 15 12 view .LVU160
 469              	.LBB69:
 470              		.loc 2 16 13 view .LVU161
 471              		.loc 2 16 30 is_stmt 0 view .LVU162
 472 0158 0022     		movs	r2, #0
 473 015a 9988     		ldrh	r1, [r3, #4]
 474 015c 1868     		ldr	r0, [r3]
 475 015e FFF7FEFF 		bl	HAL_GPIO_WritePin
 476              	.LVL26:
 477              		.loc 2 16 30 view .LVU163
 478              	.LBE69:
 479              	.LBE68:
  60:src/unit/line/line.cpp ****             mux2a_->write(0);
 480              		.loc 1 60 13 is_stmt 1 view .LVU164
 481 0162 3369     		ldr	r3, [r6, #16]
 482              	.LVL27:
 483              	.LBB70:
 484              	.LBI70:
  15:Lib/DigitalInOut/DigitalInOut.hpp ****             HAL_GPIO_WritePin(port, pin, value ? GPIO_PIN_SET : GPIO_PIN_RESET);
 485              		.loc 2 15 12 view .LVU165
 486              	.LBB71:
 487              		.loc 2 16 13 view .LVU166
 488              		.loc 2 16 30 is_stmt 0 view .LVU167
 489 0164 0122     		movs	r2, #1
 490 0166 9988     		ldrh	r1, [r3, #4]
 491 0168 1868     		ldr	r0, [r3]
 492 016a FFF7FEFF 		bl	HAL_GPIO_WritePin
ARM GAS  /var/folders/5c/srt4fy4j1pd641bjfx75k5000000gn/T//ccDzhI5D.s 			page 13


 493              	.LVL28:
 494              		.loc 2 16 30 view .LVU168
 495              	.LBE71:
 496              	.LBE70:
  61:src/unit/line/line.cpp ****             mux2b_->write(1);
 497              		.loc 1 61 13 is_stmt 1 view .LVU169
 498 016e 7369     		ldr	r3, [r6, #20]
 499              	.LVL29:
 500              	.LBB72:
 501              	.LBI72:
  15:Lib/DigitalInOut/DigitalInOut.hpp ****             HAL_GPIO_WritePin(port, pin, value ? GPIO_PIN_SET : GPIO_PIN_RESET);
 502              		.loc 2 15 12 view .LVU170
 503              	.LBB73:
 504              		.loc 2 16 13 view .LVU171
 505              		.loc 2 16 30 is_stmt 0 view .LVU172
 506 0170 0022     		movs	r2, #0
 507 0172 9988     		ldrh	r1, [r3, #4]
 508 0174 1868     		ldr	r0, [r3]
 509 0176 FFF7FEFF 		bl	HAL_GPIO_WritePin
 510              	.LVL30:
 511              		.loc 2 16 30 view .LVU173
 512              	.LBE73:
 513              	.LBE72:
  62:src/unit/line/line.cpp ****             mux3a_->write(0);
 514              		.loc 1 62 13 is_stmt 1 view .LVU174
 515 017a B369     		ldr	r3, [r6, #24]
 516              	.LVL31:
 517              	.LBB74:
 518              	.LBI74:
  15:Lib/DigitalInOut/DigitalInOut.hpp ****             HAL_GPIO_WritePin(port, pin, value ? GPIO_PIN_SET : GPIO_PIN_RESET);
 519              		.loc 2 15 12 view .LVU175
 520              	.LBB75:
 521              		.loc 2 16 13 view .LVU176
 522              		.loc 2 16 30 is_stmt 0 view .LVU177
 523 017c 0122     		movs	r2, #1
 524 017e 9988     		ldrh	r1, [r3, #4]
 525 0180 1868     		ldr	r0, [r3]
 526 0182 FFF7FEFF 		bl	HAL_GPIO_WritePin
 527              	.LVL32:
 528              		.loc 2 16 30 view .LVU178
 529              	.LBE75:
 530              	.LBE74:
  63:src/unit/line/line.cpp ****             mux3b_->write(1);
 531              		.loc 1 63 13 is_stmt 1 view .LVU179
 532 0186 F369     		ldr	r3, [r6, #28]
 533              	.LVL33:
 534              	.LBB76:
 535              	.LBI76:
  15:Lib/DigitalInOut/DigitalInOut.hpp ****             HAL_GPIO_WritePin(port, pin, value ? GPIO_PIN_SET : GPIO_PIN_RESET);
 536              		.loc 2 15 12 view .LVU180
 537              	.LBB77:
 538              		.loc 2 16 13 view .LVU181
 539              		.loc 2 16 30 is_stmt 0 view .LVU182
 540 0188 0022     		movs	r2, #0
 541 018a 9988     		ldrh	r1, [r3, #4]
 542 018c 1868     		ldr	r0, [r3]
 543 018e FFF7FEFF 		bl	HAL_GPIO_WritePin
ARM GAS  /var/folders/5c/srt4fy4j1pd641bjfx75k5000000gn/T//ccDzhI5D.s 			page 14


 544              	.LVL34:
 545              		.loc 2 16 30 view .LVU183
 546              	.LBE77:
 547              	.LBE76:
  64:src/unit/line/line.cpp ****             read_sensors_group_++;
 548              		.loc 1 64 13 is_stmt 1 view .LVU184
 549 0192 336A     		ldr	r3, [r6, #32]
 550              	.LVL35:
 551              	.LBB78:
 552              	.LBI78:
  15:Lib/DigitalInOut/DigitalInOut.hpp ****             HAL_GPIO_WritePin(port, pin, value ? GPIO_PIN_SET : GPIO_PIN_RESET);
 553              		.loc 2 15 12 view .LVU185
 554              	.LBB79:
 555              		.loc 2 16 13 view .LVU186
 556              		.loc 2 16 30 is_stmt 0 view .LVU187
 557 0194 0122     		movs	r2, #1
 558 0196 9988     		ldrh	r1, [r3, #4]
 559 0198 1868     		ldr	r0, [r3]
 560 019a FFF7FEFF 		bl	HAL_GPIO_WritePin
 561              	.LVL36:
 562              		.loc 2 16 30 view .LVU188
 563              	.LBE79:
 564              	.LBE78:
  65:src/unit/line/line.cpp ****             read_interval_timer.reset();
 565              		.loc 1 65 13 is_stmt 1 view .LVU189
 566 019e 96F84430 		ldrb	r3, [r6, #68]	@ zero_extendqisi2
  65:src/unit/line/line.cpp ****             read_interval_timer.reset();
 567              		.loc 1 65 32 is_stmt 0 view .LVU190
 568 01a2 0133     		adds	r3, r3, #1
 569 01a4 86F84430 		strb	r3, [r6, #68]
  66:src/unit/line/line.cpp ****       } else if (read_sensors_group_ == 3 && read_interval_timer.read_us() > READ_INTERVAL_TIME_US)
 570              		.loc 1 66 13 is_stmt 1 view .LVU191
  66:src/unit/line/line.cpp ****       } else if (read_sensors_group_ == 3 && read_interval_timer.read_us() > READ_INTERVAL_TIME_US)
 571              		.loc 1 66 38 is_stmt 0 view .LVU192
 572 01a8 2046     		mov	r0, r4
 573 01aa FFF7FEFF 		bl	_ZN5Timer5resetEv
 574              	.LVL37:
 575 01ae 3EE7     		b	.L12
 576              	.L30:
  67:src/unit/line/line.cpp ****             val_[20] = *mux1x_val_;
 577              		.loc 1 67 73 discriminator 1 view .LVU193
 578 01b0 06F58074 		add	r4, r6, #256
 579 01b4 2046     		mov	r0, r4
 580 01b6 FFF7FEFF 		bl	_ZN5Timer7read_usEv
 581              	.LVL38:
  67:src/unit/line/line.cpp ****             val_[20] = *mux1x_val_;
 582              		.loc 1 67 43 discriminator 1 view .LVU194
 583 01ba 1428     		cmp	r0, #20
 584 01bc 7FF632AF 		bls	.L18
  68:src/unit/line/line.cpp ****             val_[18] = *mux1y_val_;
 585              		.loc 1 68 13 is_stmt 1 view .LVU195
  68:src/unit/line/line.cpp ****             val_[18] = *mux1y_val_;
 586              		.loc 1 68 25 is_stmt 0 view .LVU196
 587 01c0 F36A     		ldr	r3, [r6, #44]
  68:src/unit/line/line.cpp ****             val_[18] = *mux1y_val_;
 588              		.loc 1 68 24 view .LVU197
 589 01c2 1B78     		ldrb	r3, [r3]	@ zero_extendqisi2
ARM GAS  /var/folders/5c/srt4fy4j1pd641bjfx75k5000000gn/T//ccDzhI5D.s 			page 15


  68:src/unit/line/line.cpp ****             val_[18] = *mux1y_val_;
 590              		.loc 1 68 22 view .LVU198
 591 01c4 86F85930 		strb	r3, [r6, #89]
  69:src/unit/line/line.cpp ****             val_[13] = *mux2x_val_;
 592              		.loc 1 69 13 is_stmt 1 view .LVU199
  69:src/unit/line/line.cpp ****             val_[13] = *mux2x_val_;
 593              		.loc 1 69 25 is_stmt 0 view .LVU200
 594 01c8 336B     		ldr	r3, [r6, #48]
  69:src/unit/line/line.cpp ****             val_[13] = *mux2x_val_;
 595              		.loc 1 69 24 view .LVU201
 596 01ca 1B78     		ldrb	r3, [r3]	@ zero_extendqisi2
  69:src/unit/line/line.cpp ****             val_[13] = *mux2x_val_;
 597              		.loc 1 69 22 view .LVU202
 598 01cc 86F85730 		strb	r3, [r6, #87]
  70:src/unit/line/line.cpp ****             val_[10] = *mux2y_val_;
 599              		.loc 1 70 13 is_stmt 1 view .LVU203
  70:src/unit/line/line.cpp ****             val_[10] = *mux2y_val_;
 600              		.loc 1 70 25 is_stmt 0 view .LVU204
 601 01d0 736B     		ldr	r3, [r6, #52]
  70:src/unit/line/line.cpp ****             val_[10] = *mux2y_val_;
 602              		.loc 1 70 24 view .LVU205
 603 01d2 1B78     		ldrb	r3, [r3]	@ zero_extendqisi2
  70:src/unit/line/line.cpp ****             val_[10] = *mux2y_val_;
 604              		.loc 1 70 22 view .LVU206
 605 01d4 86F85230 		strb	r3, [r6, #82]
  71:src/unit/line/line.cpp ****             val_[6] = *mux3x_val_;
 606              		.loc 1 71 13 is_stmt 1 view .LVU207
  71:src/unit/line/line.cpp ****             val_[6] = *mux3x_val_;
 607              		.loc 1 71 25 is_stmt 0 view .LVU208
 608 01d8 B36B     		ldr	r3, [r6, #56]
  71:src/unit/line/line.cpp ****             val_[6] = *mux3x_val_;
 609              		.loc 1 71 24 view .LVU209
 610 01da 1B78     		ldrb	r3, [r3]	@ zero_extendqisi2
  71:src/unit/line/line.cpp ****             val_[6] = *mux3x_val_;
 611              		.loc 1 71 22 view .LVU210
 612 01dc 86F84F30 		strb	r3, [r6, #79]
  72:src/unit/line/line.cpp ****             val_[4] = *mux3y_val_;
 613              		.loc 1 72 13 is_stmt 1 view .LVU211
  72:src/unit/line/line.cpp ****             val_[4] = *mux3y_val_;
 614              		.loc 1 72 24 is_stmt 0 view .LVU212
 615 01e0 F36B     		ldr	r3, [r6, #60]
  72:src/unit/line/line.cpp ****             val_[4] = *mux3y_val_;
 616              		.loc 1 72 23 view .LVU213
 617 01e2 1B78     		ldrb	r3, [r3]	@ zero_extendqisi2
  72:src/unit/line/line.cpp ****             val_[4] = *mux3y_val_;
 618              		.loc 1 72 21 view .LVU214
 619 01e4 86F84B30 		strb	r3, [r6, #75]
  73:src/unit/line/line.cpp ****             mux1a_->write(1);
 620              		.loc 1 73 13 is_stmt 1 view .LVU215
  73:src/unit/line/line.cpp ****             mux1a_->write(1);
 621              		.loc 1 73 24 is_stmt 0 view .LVU216
 622 01e8 336C     		ldr	r3, [r6, #64]
  73:src/unit/line/line.cpp ****             mux1a_->write(1);
 623              		.loc 1 73 23 view .LVU217
 624 01ea 1B78     		ldrb	r3, [r3]	@ zero_extendqisi2
  73:src/unit/line/line.cpp ****             mux1a_->write(1);
 625              		.loc 1 73 21 view .LVU218
ARM GAS  /var/folders/5c/srt4fy4j1pd641bjfx75k5000000gn/T//ccDzhI5D.s 			page 16


 626 01ec 86F84930 		strb	r3, [r6, #73]
  74:src/unit/line/line.cpp ****             mux1b_->write(1);
 627              		.loc 1 74 13 is_stmt 1 view .LVU219
 628 01f0 F368     		ldr	r3, [r6, #12]
 629              	.LVL39:
 630              	.LBB80:
 631              	.LBI80:
  15:Lib/DigitalInOut/DigitalInOut.hpp ****             HAL_GPIO_WritePin(port, pin, value ? GPIO_PIN_SET : GPIO_PIN_RESET);
 632              		.loc 2 15 12 view .LVU220
 633              	.LBB81:
 634              		.loc 2 16 13 view .LVU221
 635              		.loc 2 16 30 is_stmt 0 view .LVU222
 636 01f2 0122     		movs	r2, #1
 637 01f4 9988     		ldrh	r1, [r3, #4]
 638 01f6 1868     		ldr	r0, [r3]
 639 01f8 FFF7FEFF 		bl	HAL_GPIO_WritePin
 640              	.LVL40:
 641              		.loc 2 16 30 view .LVU223
 642              	.LBE81:
 643              	.LBE80:
  75:src/unit/line/line.cpp ****             mux2a_->write(1);
 644              		.loc 1 75 13 is_stmt 1 view .LVU224
 645 01fc 3369     		ldr	r3, [r6, #16]
 646              	.LVL41:
 647              	.LBB82:
 648              	.LBI82:
  15:Lib/DigitalInOut/DigitalInOut.hpp ****             HAL_GPIO_WritePin(port, pin, value ? GPIO_PIN_SET : GPIO_PIN_RESET);
 649              		.loc 2 15 12 view .LVU225
 650              	.LBB83:
 651              		.loc 2 16 13 view .LVU226
 652              		.loc 2 16 30 is_stmt 0 view .LVU227
 653 01fe 0122     		movs	r2, #1
 654 0200 9988     		ldrh	r1, [r3, #4]
 655 0202 1868     		ldr	r0, [r3]
 656 0204 FFF7FEFF 		bl	HAL_GPIO_WritePin
 657              	.LVL42:
 658              		.loc 2 16 30 view .LVU228
 659              	.LBE83:
 660              	.LBE82:
  76:src/unit/line/line.cpp ****             mux2b_->write(1);
 661              		.loc 1 76 13 is_stmt 1 view .LVU229
 662 0208 7369     		ldr	r3, [r6, #20]
 663              	.LVL43:
 664              	.LBB84:
 665              	.LBI84:
  15:Lib/DigitalInOut/DigitalInOut.hpp ****             HAL_GPIO_WritePin(port, pin, value ? GPIO_PIN_SET : GPIO_PIN_RESET);
 666              		.loc 2 15 12 view .LVU230
 667              	.LBB85:
 668              		.loc 2 16 13 view .LVU231
 669              		.loc 2 16 30 is_stmt 0 view .LVU232
 670 020a 0122     		movs	r2, #1
 671 020c 9988     		ldrh	r1, [r3, #4]
 672 020e 1868     		ldr	r0, [r3]
 673 0210 FFF7FEFF 		bl	HAL_GPIO_WritePin
 674              	.LVL44:
 675              		.loc 2 16 30 view .LVU233
 676              	.LBE85:
ARM GAS  /var/folders/5c/srt4fy4j1pd641bjfx75k5000000gn/T//ccDzhI5D.s 			page 17


 677              	.LBE84:
  77:src/unit/line/line.cpp ****             mux3a_->write(1);
 678              		.loc 1 77 13 is_stmt 1 view .LVU234
 679 0214 B369     		ldr	r3, [r6, #24]
 680              	.LVL45:
 681              	.LBB86:
 682              	.LBI86:
  15:Lib/DigitalInOut/DigitalInOut.hpp ****             HAL_GPIO_WritePin(port, pin, value ? GPIO_PIN_SET : GPIO_PIN_RESET);
 683              		.loc 2 15 12 view .LVU235
 684              	.LBB87:
 685              		.loc 2 16 13 view .LVU236
 686              		.loc 2 16 30 is_stmt 0 view .LVU237
 687 0216 0122     		movs	r2, #1
 688 0218 9988     		ldrh	r1, [r3, #4]
 689 021a 1868     		ldr	r0, [r3]
 690 021c FFF7FEFF 		bl	HAL_GPIO_WritePin
 691              	.LVL46:
 692              		.loc 2 16 30 view .LVU238
 693              	.LBE87:
 694              	.LBE86:
  78:src/unit/line/line.cpp ****             mux3b_->write(1);
 695              		.loc 1 78 13 is_stmt 1 view .LVU239
 696 0220 F369     		ldr	r3, [r6, #28]
 697              	.LVL47:
 698              	.LBB88:
 699              	.LBI88:
  15:Lib/DigitalInOut/DigitalInOut.hpp ****             HAL_GPIO_WritePin(port, pin, value ? GPIO_PIN_SET : GPIO_PIN_RESET);
 700              		.loc 2 15 12 view .LVU240
 701              	.LBB89:
 702              		.loc 2 16 13 view .LVU241
 703              		.loc 2 16 30 is_stmt 0 view .LVU242
 704 0222 0122     		movs	r2, #1
 705 0224 9988     		ldrh	r1, [r3, #4]
 706 0226 1868     		ldr	r0, [r3]
 707 0228 FFF7FEFF 		bl	HAL_GPIO_WritePin
 708              	.LVL48:
 709              		.loc 2 16 30 view .LVU243
 710              	.LBE89:
 711              	.LBE88:
  79:src/unit/line/line.cpp ****             read_sensors_group_++;
 712              		.loc 1 79 13 is_stmt 1 view .LVU244
 713 022c 336A     		ldr	r3, [r6, #32]
 714              	.LVL49:
 715              	.LBB90:
 716              	.LBI90:
  15:Lib/DigitalInOut/DigitalInOut.hpp ****             HAL_GPIO_WritePin(port, pin, value ? GPIO_PIN_SET : GPIO_PIN_RESET);
 717              		.loc 2 15 12 view .LVU245
 718              	.LBB91:
 719              		.loc 2 16 13 view .LVU246
 720              		.loc 2 16 30 is_stmt 0 view .LVU247
 721 022e 0122     		movs	r2, #1
 722 0230 9988     		ldrh	r1, [r3, #4]
 723 0232 1868     		ldr	r0, [r3]
 724 0234 FFF7FEFF 		bl	HAL_GPIO_WritePin
 725              	.LVL50:
 726              		.loc 2 16 30 view .LVU248
 727              	.LBE91:
ARM GAS  /var/folders/5c/srt4fy4j1pd641bjfx75k5000000gn/T//ccDzhI5D.s 			page 18


 728              	.LBE90:
  80:src/unit/line/line.cpp ****             read_interval_timer.reset();
 729              		.loc 1 80 13 is_stmt 1 view .LVU249
 730 0238 96F84430 		ldrb	r3, [r6, #68]	@ zero_extendqisi2
  80:src/unit/line/line.cpp ****             read_interval_timer.reset();
 731              		.loc 1 80 32 is_stmt 0 view .LVU250
 732 023c 0133     		adds	r3, r3, #1
 733 023e 86F84430 		strb	r3, [r6, #68]
  81:src/unit/line/line.cpp ****       } else if (read_sensors_group_ == 4 && read_interval_timer.read_us() > READ_INTERVAL_TIME_US)
 734              		.loc 1 81 13 is_stmt 1 view .LVU251
  81:src/unit/line/line.cpp ****       } else if (read_sensors_group_ == 4 && read_interval_timer.read_us() > READ_INTERVAL_TIME_US)
 735              		.loc 1 81 38 is_stmt 0 view .LVU252
 736 0242 2046     		mov	r0, r4
 737 0244 FFF7FEFF 		bl	_ZN5Timer5resetEv
 738              	.LVL51:
 739 0248 F1E6     		b	.L12
 740              	.L31:
 741              		.loc 1 82 73 discriminator 1 view .LVU253
 742 024a 06F58074 		add	r4, r6, #256
 743 024e 2046     		mov	r0, r4
 744 0250 FFF7FEFF 		bl	_ZN5Timer7read_usEv
 745              	.LVL52:
 746              		.loc 1 82 43 discriminator 1 view .LVU254
 747 0254 1428     		cmp	r0, #20
 748 0256 7FF6EAAE 		bls	.L12
  83:src/unit/line/line.cpp ****             val_[23] = *mux1x_val_;
 749              		.loc 1 83 13 is_stmt 1 view .LVU255
 750              		.loc 1 83 25 is_stmt 0 view .LVU256
 751 025a F36A     		ldr	r3, [r6, #44]
 752              		.loc 1 83 24 view .LVU257
 753 025c 1B78     		ldrb	r3, [r3]	@ zero_extendqisi2
 754              		.loc 1 83 22 view .LVU258
 755 025e 86F85C30 		strb	r3, [r6, #92]
  84:src/unit/line/line.cpp ****             val_[17] = *mux1y_val_;
 756              		.loc 1 84 13 is_stmt 1 view .LVU259
 757              		.loc 1 84 25 is_stmt 0 view .LVU260
 758 0262 336B     		ldr	r3, [r6, #48]
 759              		.loc 1 84 24 view .LVU261
 760 0264 1B78     		ldrb	r3, [r3]	@ zero_extendqisi2
 761              		.loc 1 84 22 view .LVU262
 762 0266 86F85630 		strb	r3, [r6, #86]
  85:src/unit/line/line.cpp ****             val_[12] = *mux2x_val_;
 763              		.loc 1 85 13 is_stmt 1 view .LVU263
 764              		.loc 1 85 25 is_stmt 0 view .LVU264
 765 026a 736B     		ldr	r3, [r6, #52]
 766              		.loc 1 85 24 view .LVU265
 767 026c 1B78     		ldrb	r3, [r3]	@ zero_extendqisi2
 768              		.loc 1 85 22 view .LVU266
 769 026e 86F85130 		strb	r3, [r6, #81]
  86:src/unit/line/line.cpp ****             val_[9] = *mux2y_val_;
 770              		.loc 1 86 13 is_stmt 1 view .LVU267
 771              		.loc 1 86 24 is_stmt 0 view .LVU268
 772 0272 B36B     		ldr	r3, [r6, #56]
 773              		.loc 1 86 23 view .LVU269
 774 0274 1B78     		ldrb	r3, [r3]	@ zero_extendqisi2
 775              		.loc 1 86 21 view .LVU270
 776 0276 86F84E30 		strb	r3, [r6, #78]
ARM GAS  /var/folders/5c/srt4fy4j1pd641bjfx75k5000000gn/T//ccDzhI5D.s 			page 19


  87:src/unit/line/line.cpp ****             val_[7] = *mux3x_val_;
 777              		.loc 1 87 13 is_stmt 1 view .LVU271
 778              		.loc 1 87 24 is_stmt 0 view .LVU272
 779 027a F36B     		ldr	r3, [r6, #60]
 780              		.loc 1 87 23 view .LVU273
 781 027c 1B78     		ldrb	r3, [r3]	@ zero_extendqisi2
 782              		.loc 1 87 21 view .LVU274
 783 027e 86F84C30 		strb	r3, [r6, #76]
  88:src/unit/line/line.cpp ****             val_[1] = *mux3y_val_;
 784              		.loc 1 88 13 is_stmt 1 view .LVU275
 785              		.loc 1 88 24 is_stmt 0 view .LVU276
 786 0282 336C     		ldr	r3, [r6, #64]
 787              		.loc 1 88 23 view .LVU277
 788 0284 1B78     		ldrb	r3, [r3]	@ zero_extendqisi2
 789              		.loc 1 88 21 view .LVU278
 790 0286 86F84630 		strb	r3, [r6, #70]
  89:src/unit/line/line.cpp ****             mux1a_->write(0);
 791              		.loc 1 89 13 is_stmt 1 view .LVU279
 792 028a F368     		ldr	r3, [r6, #12]
 793              	.LVL53:
 794              	.LBB92:
 795              	.LBI92:
  15:Lib/DigitalInOut/DigitalInOut.hpp ****             HAL_GPIO_WritePin(port, pin, value ? GPIO_PIN_SET : GPIO_PIN_RESET);
 796              		.loc 2 15 12 view .LVU280
 797              	.LBB93:
 798              		.loc 2 16 13 view .LVU281
 799              		.loc 2 16 30 is_stmt 0 view .LVU282
 800 028c 0022     		movs	r2, #0
 801 028e 9988     		ldrh	r1, [r3, #4]
 802 0290 1868     		ldr	r0, [r3]
 803 0292 FFF7FEFF 		bl	HAL_GPIO_WritePin
 804              	.LVL54:
 805              		.loc 2 16 30 view .LVU283
 806              	.LBE93:
 807              	.LBE92:
  90:src/unit/line/line.cpp ****             mux1b_->write(0);
 808              		.loc 1 90 13 is_stmt 1 view .LVU284
 809 0296 3369     		ldr	r3, [r6, #16]
 810              	.LVL55:
 811              	.LBB94:
 812              	.LBI94:
  15:Lib/DigitalInOut/DigitalInOut.hpp ****             HAL_GPIO_WritePin(port, pin, value ? GPIO_PIN_SET : GPIO_PIN_RESET);
 813              		.loc 2 15 12 view .LVU285
 814              	.LBB95:
 815              		.loc 2 16 13 view .LVU286
 816              		.loc 2 16 30 is_stmt 0 view .LVU287
 817 0298 0022     		movs	r2, #0
 818 029a 9988     		ldrh	r1, [r3, #4]
 819 029c 1868     		ldr	r0, [r3]
 820 029e FFF7FEFF 		bl	HAL_GPIO_WritePin
 821              	.LVL56:
 822              		.loc 2 16 30 view .LVU288
 823              	.LBE95:
 824              	.LBE94:
  91:src/unit/line/line.cpp ****             mux2a_->write(0);
 825              		.loc 1 91 13 is_stmt 1 view .LVU289
 826 02a2 7369     		ldr	r3, [r6, #20]
ARM GAS  /var/folders/5c/srt4fy4j1pd641bjfx75k5000000gn/T//ccDzhI5D.s 			page 20


 827              	.LVL57:
 828              	.LBB96:
 829              	.LBI96:
  15:Lib/DigitalInOut/DigitalInOut.hpp ****             HAL_GPIO_WritePin(port, pin, value ? GPIO_PIN_SET : GPIO_PIN_RESET);
 830              		.loc 2 15 12 view .LVU290
 831              	.LBB97:
 832              		.loc 2 16 13 view .LVU291
 833              		.loc 2 16 30 is_stmt 0 view .LVU292
 834 02a4 0022     		movs	r2, #0
 835 02a6 9988     		ldrh	r1, [r3, #4]
 836 02a8 1868     		ldr	r0, [r3]
 837 02aa FFF7FEFF 		bl	HAL_GPIO_WritePin
 838              	.LVL58:
 839              		.loc 2 16 30 view .LVU293
 840              	.LBE97:
 841              	.LBE96:
  92:src/unit/line/line.cpp ****             mux2b_->write(0);
 842              		.loc 1 92 13 is_stmt 1 view .LVU294
 843 02ae B369     		ldr	r3, [r6, #24]
 844              	.LVL59:
 845              	.LBB98:
 846              	.LBI98:
  15:Lib/DigitalInOut/DigitalInOut.hpp ****             HAL_GPIO_WritePin(port, pin, value ? GPIO_PIN_SET : GPIO_PIN_RESET);
 847              		.loc 2 15 12 view .LVU295
 848              	.LBB99:
 849              		.loc 2 16 13 view .LVU296
 850              		.loc 2 16 30 is_stmt 0 view .LVU297
 851 02b0 0022     		movs	r2, #0
 852 02b2 9988     		ldrh	r1, [r3, #4]
 853 02b4 1868     		ldr	r0, [r3]
 854 02b6 FFF7FEFF 		bl	HAL_GPIO_WritePin
 855              	.LVL60:
 856              		.loc 2 16 30 view .LVU298
 857              	.LBE99:
 858              	.LBE98:
  93:src/unit/line/line.cpp ****             mux3a_->write(0);
 859              		.loc 1 93 13 is_stmt 1 view .LVU299
 860 02ba F369     		ldr	r3, [r6, #28]
 861              	.LVL61:
 862              	.LBB100:
 863              	.LBI100:
  15:Lib/DigitalInOut/DigitalInOut.hpp ****             HAL_GPIO_WritePin(port, pin, value ? GPIO_PIN_SET : GPIO_PIN_RESET);
 864              		.loc 2 15 12 view .LVU300
 865              	.LBB101:
 866              		.loc 2 16 13 view .LVU301
 867              		.loc 2 16 30 is_stmt 0 view .LVU302
 868 02bc 0022     		movs	r2, #0
 869 02be 9988     		ldrh	r1, [r3, #4]
 870 02c0 1868     		ldr	r0, [r3]
 871 02c2 FFF7FEFF 		bl	HAL_GPIO_WritePin
 872              	.LVL62:
 873              		.loc 2 16 30 view .LVU303
 874              	.LBE101:
 875              	.LBE100:
  94:src/unit/line/line.cpp ****             mux3b_->write(0);
 876              		.loc 1 94 13 is_stmt 1 view .LVU304
 877 02c6 336A     		ldr	r3, [r6, #32]
ARM GAS  /var/folders/5c/srt4fy4j1pd641bjfx75k5000000gn/T//ccDzhI5D.s 			page 21


 878              	.LVL63:
 879              	.LBB102:
 880              	.LBI102:
  15:Lib/DigitalInOut/DigitalInOut.hpp ****             HAL_GPIO_WritePin(port, pin, value ? GPIO_PIN_SET : GPIO_PIN_RESET);
 881              		.loc 2 15 12 view .LVU305
 882              	.LBB103:
 883              		.loc 2 16 13 view .LVU306
 884              		.loc 2 16 30 is_stmt 0 view .LVU307
 885 02c8 0022     		movs	r2, #0
 886 02ca 9988     		ldrh	r1, [r3, #4]
 887 02cc 1868     		ldr	r0, [r3]
 888 02ce FFF7FEFF 		bl	HAL_GPIO_WritePin
 889              	.LVL64:
 890              		.loc 2 16 30 view .LVU308
 891              	.LBE103:
 892              	.LBE102:
  95:src/unit/line/line.cpp ****             read_sensors_group_ = 0;
 893              		.loc 1 95 13 is_stmt 1 view .LVU309
 894              		.loc 1 95 33 is_stmt 0 view .LVU310
 895 02d2 0023     		movs	r3, #0
 896 02d4 86F84430 		strb	r3, [r6, #68]
  96:src/unit/line/line.cpp ****             read_interval_timer.reset();
 897              		.loc 1 96 13 is_stmt 1 view .LVU311
 898              		.loc 1 96 38 is_stmt 0 view .LVU312
 899 02d8 2046     		mov	r0, r4
 900 02da FFF7FEFF 		bl	_ZN5Timer5resetEv
 901              	.LVL65:
 902 02de A6E6     		b	.L12
 903              	.LVL66:
 904              	.L21:
 905              	.LBB104:
  97:src/unit/line/line.cpp ****       }
  98:src/unit/line/line.cpp **** 
  99:src/unit/line/line.cpp ****       // それぞれのセンサが反応しているかの判定
 100:src/unit/line/line.cpp ****       for (uint16_t i = 0; i < LINE_QTY; i++) {
 101:src/unit/line/line.cpp ****             val_[i] = (val_[i] + pre_val_[i]) * 0.5;
 102:src/unit/line/line.cpp ****             pre_val_[i] = val_[i];
 103:src/unit/line/line.cpp ****             if (val_[i] > th_val_[i]) {
 104:src/unit/line/line.cpp ****                   is_white_[i] = 1;
 105:src/unit/line/line.cpp ****             } else {
 106:src/unit/line/line.cpp ****                   is_white_[i] = 0;
 906              		.loc 1 106 19 is_stmt 1 view .LVU313
 907              		.loc 1 106 32 is_stmt 0 view .LVU314
 908 02e0 3319     		adds	r3, r6, r4
 909 02e2 0022     		movs	r2, #0
 910 02e4 83F8E420 		strb	r2, [r3, #228]
 911              	.L22:
 100:src/unit/line/line.cpp ****             val_[i] = (val_[i] + pre_val_[i]) * 0.5;
 912              		.loc 1 100 7 is_stmt 1 discriminator 2 view .LVU315
 913 02e8 0134     		adds	r4, r4, #1
 914              	.LVL67:
 100:src/unit/line/line.cpp ****             val_[i] = (val_[i] + pre_val_[i]) * 0.5;
 915              		.loc 1 100 7 is_stmt 0 discriminator 2 view .LVU316
 916 02ea A4B2     		uxth	r4, r4
 917              	.LVL68:
 918              	.L23:
 100:src/unit/line/line.cpp ****             val_[i] = (val_[i] + pre_val_[i]) * 0.5;
ARM GAS  /var/folders/5c/srt4fy4j1pd641bjfx75k5000000gn/T//ccDzhI5D.s 			page 22


 919              		.loc 1 100 30 is_stmt 1 discriminator 1 view .LVU317
 920 02ec 172C     		cmp	r4, #23
 921 02ee 1CD8     		bhi	.L32
 101:src/unit/line/line.cpp ****             pre_val_[i] = val_[i];
 922              		.loc 1 101 13 view .LVU318
 101:src/unit/line/line.cpp ****             pre_val_[i] = val_[i];
 923              		.loc 1 101 30 is_stmt 0 view .LVU319
 924 02f0 3519     		adds	r5, r6, r4
 925 02f2 95F84500 		ldrb	r0, [r5, #69]	@ zero_extendqisi2
 101:src/unit/line/line.cpp ****             pre_val_[i] = val_[i];
 926              		.loc 1 101 44 view .LVU320
 927 02f6 95F85D30 		ldrb	r3, [r5, #93]	@ zero_extendqisi2
 101:src/unit/line/line.cpp ****             pre_val_[i] = val_[i];
 928              		.loc 1 101 47 view .LVU321
 929 02fa 1844     		add	r0, r0, r3
 930 02fc FFF7FEFF 		bl	__aeabi_i2d
 931              	.LVL69:
 932 0300 0022     		movs	r2, #0
 933 0302 0A4B     		ldr	r3, .L33
 934 0304 FFF7FEFF 		bl	__aeabi_dmul
 935              	.LVL70:
 101:src/unit/line/line.cpp ****             pre_val_[i] = val_[i];
 936              		.loc 1 101 21 view .LVU322
 937 0308 FFF7FEFF 		bl	__aeabi_d2uiz
 938              	.LVL71:
 939 030c C0B2     		uxtb	r0, r0
 940 030e 85F84500 		strb	r0, [r5, #69]
 102:src/unit/line/line.cpp ****             if (val_[i] > th_val_[i]) {
 941              		.loc 1 102 13 is_stmt 1 view .LVU323
 102:src/unit/line/line.cpp ****             if (val_[i] > th_val_[i]) {
 942              		.loc 1 102 25 is_stmt 0 view .LVU324
 943 0312 85F85D00 		strb	r0, [r5, #93]
 103:src/unit/line/line.cpp ****                   is_white_[i] = 1;
 944              		.loc 1 103 13 is_stmt 1 view .LVU325
 103:src/unit/line/line.cpp ****                   is_white_[i] = 1;
 945              		.loc 1 103 36 is_stmt 0 view .LVU326
 946 0316 04F11E03 		add	r3, r4, #30
 947 031a 56F82330 		ldr	r3, [r6, r3, lsl #2]
 103:src/unit/line/line.cpp ****                   is_white_[i] = 1;
 948              		.loc 1 103 13 view .LVU327
 949 031e 9842     		cmp	r0, r3
 950 0320 DED9     		bls	.L21
 104:src/unit/line/line.cpp ****             } else {
 951              		.loc 1 104 19 is_stmt 1 view .LVU328
 104:src/unit/line/line.cpp ****             } else {
 952              		.loc 1 104 32 is_stmt 0 view .LVU329
 953 0322 0122     		movs	r2, #1
 954 0324 85F8E420 		strb	r2, [r5, #228]
 955 0328 DEE7     		b	.L22
 956              	.L32:
 104:src/unit/line/line.cpp ****             } else {
 957              		.loc 1 104 32 view .LVU330
 958              	.LBE104:
 107:src/unit/line/line.cpp ****             }
 108:src/unit/line/line.cpp ****       }
 109:src/unit/line/line.cpp **** }
 959              		.loc 1 109 1 view .LVU331
ARM GAS  /var/folders/5c/srt4fy4j1pd641bjfx75k5000000gn/T//ccDzhI5D.s 			page 23


 960 032a 70BD     		pop	{r4, r5, r6, pc}
 961              	.LVL72:
 962              	.L34:
 963              		.loc 1 109 1 view .LVU332
 964              		.align	2
 965              	.L33:
 966 032c 0000E03F 		.word	1071644672
 967              		.cfi_endproc
 968              	.LFE256:
 969              		.fnend
 971              		.global	__aeabi_dadd
 972              		.global	__aeabi_d2f
 973              		.section	.text._ZN4Line7ComputeEv,"ax",%progbits
 974              		.align	1
 975              		.global	_ZN4Line7ComputeEv
 976              		.syntax unified
 977              		.thumb
 978              		.thumb_func
 980              	_ZN4Line7ComputeEv:
 981              		.fnstart
 982              	.LVL73:
 983              	.LFB258:
 110:src/unit/line/line.cpp **** 
 111:src/unit/line/line.cpp **** bool Line::SetTh() {
 112:src/unit/line/line.cpp ****       if (set_th_cnt_ == 0) {
 113:src/unit/line/line.cpp ****             OnLed();
 114:src/unit/line/line.cpp ****             HAL_Delay(100);
 115:src/unit/line/line.cpp ****             leftside_th_ = 0;
 116:src/unit/line/line.cpp ****             rightside_th_ = 0;
 117:src/unit/line/line.cpp ****             for (uint16_t i = 0; i < LINE_QTY; i++) th_val_[i] = 0;
 118:src/unit/line/line.cpp ****       }
 119:src/unit/line/line.cpp ****       set_th_cnt_++;
 120:src/unit/line/line.cpp **** 
 121:src/unit/line/line.cpp ****       Read();
 122:src/unit/line/line.cpp ****       leftside_th_ += *leftside_val_;
 123:src/unit/line/line.cpp ****       rightside_th_ += *rightside_val_;
 124:src/unit/line/line.cpp **** 
 125:src/unit/line/line.cpp ****       for (uint16_t j = 0; j < LINE_QTY; j++) {
 126:src/unit/line/line.cpp ****             th_val_[j] += val_[j];
 127:src/unit/line/line.cpp ****       }
 128:src/unit/line/line.cpp **** 
 129:src/unit/line/line.cpp ****       if (set_th_cnt_ == SET_TH_NUM) {
 130:src/unit/line/line.cpp ****             leftside_th_ /= SET_TH_NUM;
 131:src/unit/line/line.cpp ****             rightside_th_ /= SET_TH_NUM;
 132:src/unit/line/line.cpp ****             leftside_th_ += TH_VALUE;
 133:src/unit/line/line.cpp ****             rightside_th_ += TH_VALUE;
 134:src/unit/line/line.cpp ****             for (uint16_t i = 0; i < LINE_QTY; i++) {
 135:src/unit/line/line.cpp ****                   th_val_[i] /= SET_TH_NUM;
 136:src/unit/line/line.cpp ****                   th_val_[i] += TH_VALUE;
 137:src/unit/line/line.cpp ****             }
 138:src/unit/line/line.cpp **** 
 139:src/unit/line/line.cpp ****             OffLed();
 140:src/unit/line/line.cpp ****             set_th_cnt_ = 0;
 141:src/unit/line/line.cpp ****             return 1;
 142:src/unit/line/line.cpp ****       }
 143:src/unit/line/line.cpp ****       return 0;
 144:src/unit/line/line.cpp **** }
ARM GAS  /var/folders/5c/srt4fy4j1pd641bjfx75k5000000gn/T//ccDzhI5D.s 			page 24


 145:src/unit/line/line.cpp **** 
 146:src/unit/line/line.cpp **** void Line::Compute() {
 984              		.loc 1 146 22 is_stmt 1 view -0
 985              		.cfi_startproc
 986              		@ args = 0, pretend = 0, frame = 0
 987              		@ frame_needed = 1, uses_anonymous_args = 0
 988              		.loc 1 146 22 is_stmt 0 view .LVU334
 989 0000 2DE9F843 		push	{r3, r4, r5, r6, r7, r8, r9, lr}
 990              		.save {r3, r4, r5, r6, r7, r8, r9, lr}
 991              	.LCFI2:
 992              		.cfi_def_cfa_offset 32
 993              		.cfi_offset 3, -32
 994              		.cfi_offset 4, -28
 995              		.cfi_offset 5, -24
 996              		.cfi_offset 6, -20
 997              		.cfi_offset 7, -16
 998              		.cfi_offset 8, -12
 999              		.cfi_offset 9, -8
 1000              		.cfi_offset 14, -4
 1001              		.setfp r7, sp, #0
 1002 0004 00AF     		add	r7, sp, #0
 1003              	.LCFI3:
 1004              		.cfi_def_cfa_register 7
 1005 0006 0446     		mov	r4, r0
 147:src/unit/line/line.cpp ****       // 反応してるライン
 148:src/unit/line/line.cpp ****       white_qty_ = 0;
 1006              		.loc 1 148 7 is_stmt 1 view .LVU335
 1007              		.loc 1 148 18 is_stmt 0 view .LVU336
 1008 0008 0023     		movs	r3, #0
 1009 000a 80F8FC30 		strb	r3, [r0, #252]
 149:src/unit/line/line.cpp ****       for (uint8_t i = 0; i < LINE_QTY; i++) {
 1010              		.loc 1 149 7 is_stmt 1 view .LVU337
 1011              	.LVL74:
 1012              	.LBB105:
 1013              		.loc 1 149 7 is_stmt 0 view .LVU338
 1014 000e 09E0     		b	.L36
 1015              	.LVL75:
 1016              	.L37:
 150:src/unit/line/line.cpp ****             white_qty_ += is_white_[i];
 1017              		.loc 1 150 13 is_stmt 1 discriminator 3 view .LVU339
 1018 0010 94F8FC20 		ldrb	r2, [r4, #252]	@ zero_extendqisi2
 1019              		.loc 1 150 38 is_stmt 0 discriminator 3 view .LVU340
 1020 0014 E118     		adds	r1, r4, r3
 1021 0016 91F8E410 		ldrb	r1, [r1, #228]	@ zero_extendqisi2
 1022              		.loc 1 150 24 discriminator 3 view .LVU341
 1023 001a 0A44     		add	r2, r2, r1
 1024 001c 84F8FC20 		strb	r2, [r4, #252]
 149:src/unit/line/line.cpp ****       for (uint8_t i = 0; i < LINE_QTY; i++) {
 1025              		.loc 1 149 7 is_stmt 1 discriminator 3 view .LVU342
 1026 0020 0133     		adds	r3, r3, #1
 1027              	.LVL76:
 149:src/unit/line/line.cpp ****       for (uint8_t i = 0; i < LINE_QTY; i++) {
 1028              		.loc 1 149 7 is_stmt 0 discriminator 3 view .LVU343
 1029 0022 DBB2     		uxtb	r3, r3
 1030              	.LVL77:
 1031              	.L36:
 149:src/unit/line/line.cpp ****       for (uint8_t i = 0; i < LINE_QTY; i++) {
ARM GAS  /var/folders/5c/srt4fy4j1pd641bjfx75k5000000gn/T//ccDzhI5D.s 			page 25


 1032              		.loc 1 149 29 is_stmt 1 discriminator 1 view .LVU344
 1033 0024 172B     		cmp	r3, #23
 1034 0026 F3D9     		bls	.L37
 1035              	.LBE105:
 151:src/unit/line/line.cpp ****       }
 152:src/unit/line/line.cpp **** 
 153:src/unit/line/line.cpp ****       if (white_qty_ != 0) {
 1036              		.loc 1 153 7 view .LVU345
 1037              	.LBB106:
 1038              		.loc 1 153 11 is_stmt 0 view .LVU346
 1039 0028 94F8FC30 		ldrb	r3, [r4, #252]	@ zero_extendqisi2
 1040              	.LVL78:
 1041              		.loc 1 153 7 view .LVU347
 1042 002c 002B     		cmp	r3, #0
 1043 002e 00F09880 		beq	.L38
 1044              	.LBB107:
 154:src/unit/line/line.cpp ****             // ラインの間隔
 155:src/unit/line/line.cpp ****             uint8_t pos_white_num[white_qty_];
 156:src/unit/line/line.cpp ****             uint8_t white_num = 0;
 157:src/unit/line/line.cpp **** 
 158:src/unit/line/line.cpp ****             for (uint8_t i = 0; i < LINE_QTY; i++) {
 159:src/unit/line/line.cpp ****                   if (is_white_[i]) {
 160:src/unit/line/line.cpp ****                         pos_white_num[white_num] = i;
 161:src/unit/line/line.cpp ****                         white_num++;
 162:src/unit/line/line.cpp ****                   }
 163:src/unit/line/line.cpp ****             }
 164:src/unit/line/line.cpp **** 
 165:src/unit/line/line.cpp ****             uint8_t interval[white_qty_];
 166:src/unit/line/line.cpp ****             for (uint8_t i = 0; i < white_qty_ - 1; i++) {
 167:src/unit/line/line.cpp ****                   interval[i] = pos_white_num[i + 1] - pos_white_num[i];
 168:src/unit/line/line.cpp ****             }
 169:src/unit/line/line.cpp ****             interval[white_qty_ - 1] = pos_white_num[0] - pos_white_num[white_qty_ - 1] + LINE_QTY;
 170:src/unit/line/line.cpp **** 
 171:src/unit/line/line.cpp ****             // ラインの最大の間隔
 172:src/unit/line/line.cpp ****             max_interval = 0;
 173:src/unit/line/line.cpp ****             uint8_t pos_max_interval = 0;
 174:src/unit/line/line.cpp ****             for (uint8_t i = 0; i < white_qty_; i++) {
 175:src/unit/line/line.cpp ****                   if (max_interval < interval[i]) {
 176:src/unit/line/line.cpp ****                         max_interval = interval[i];
 177:src/unit/line/line.cpp ****                         pos_max_interval = i;
 178:src/unit/line/line.cpp ****                   }
 179:src/unit/line/line.cpp ****             }
 180:src/unit/line/line.cpp **** 
 181:src/unit/line/line.cpp ****             // ラインの方向
 182:src/unit/line/line.cpp ****             float line_dir_num = pos_white_num[pos_max_interval] + max_interval * 0.5;
 183:src/unit/line/line.cpp ****             dir = MyMath::NormalizeDeg180((line_dir_num / LINE_QTY * 360) + 180);
 184:src/unit/line/line.cpp **** 
 185:src/unit/line/line.cpp ****             if (max_interval > 12) max_interval = 24 - max_interval;  // 間隔を１２までに�
 186:src/unit/line/line.cpp **** 
 187:src/unit/line/line.cpp ****             // ラインから戻る方向
 188:src/unit/line/line.cpp ****             if (pre_white_qty_ != 0) {
 189:src/unit/line/line.cpp ****                   int16_t dir_difference = abs(dir - pre_dir_);
 190:src/unit/line/line.cpp ****                   if (dir_difference > 180) dir_difference = 360 - dir_difference;
 191:src/unit/line/line.cpp ****                   if (dir_difference > 120) is_half_out = 1 - is_half_out;
 192:src/unit/line/line.cpp ****             }
 193:src/unit/line/line.cpp **** 
 194:src/unit/line/line.cpp ****             pre_dir_ = dir;
ARM GAS  /var/folders/5c/srt4fy4j1pd641bjfx75k5000000gn/T//ccDzhI5D.s 			page 26


 195:src/unit/line/line.cpp ****             pre_white_qty_ = white_qty_;
 196:src/unit/line/line.cpp ****       } else {
 1045              		.loc 1 196 7 view .LVU348
 1046 0032 6D46     		mov	r5, sp
 155:src/unit/line/line.cpp ****             uint8_t white_num = 0;
 1047              		.loc 1 155 13 is_stmt 1 view .LVU349
 1048              	.LVL79:
 155:src/unit/line/line.cpp ****             uint8_t white_num = 0;
 1049              		.loc 1 155 21 is_stmt 0 view .LVU350
 1050 0034 0733     		adds	r3, r3, #7
 1051              	.LVL80:
 155:src/unit/line/line.cpp ****             uint8_t white_num = 0;
 1052              		.loc 1 155 21 view .LVU351
 1053 0036 03F4FC73 		and	r3, r3, #504
 1054              	.LVL81:
 155:src/unit/line/line.cpp ****             uint8_t white_num = 0;
 1055              		.loc 1 155 21 view .LVU352
 1056 003a ADEB030D 		sub	sp, sp, r3
 1057 003e 6846     		mov	r0, sp
 1058              	.LVL82:
 156:src/unit/line/line.cpp **** 
 1059              		.loc 1 156 13 is_stmt 1 view .LVU353
 158:src/unit/line/line.cpp ****                   if (is_white_[i]) {
 1060              		.loc 1 158 13 view .LVU354
 1061              	.LBB108:
 158:src/unit/line/line.cpp ****                   if (is_white_[i]) {
 1062              		.loc 1 158 26 is_stmt 0 view .LVU355
 1063 0040 0023     		movs	r3, #0
 1064              	.LBE108:
 156:src/unit/line/line.cpp **** 
 1065              		.loc 1 156 21 view .LVU356
 1066 0042 1A46     		mov	r2, r3
 1067              	.LBB109:
 158:src/unit/line/line.cpp ****                   if (is_white_[i]) {
 1068              		.loc 1 158 13 view .LVU357
 1069 0044 01E0     		b	.L39
 1070              	.LVL83:
 1071              	.L40:
 158:src/unit/line/line.cpp ****                   if (is_white_[i]) {
 1072              		.loc 1 158 13 is_stmt 1 discriminator 2 view .LVU358
 1073 0046 0133     		adds	r3, r3, #1
 1074              	.LVL84:
 158:src/unit/line/line.cpp ****                   if (is_white_[i]) {
 1075              		.loc 1 158 13 is_stmt 0 discriminator 2 view .LVU359
 1076 0048 DBB2     		uxtb	r3, r3
 1077              	.LVL85:
 1078              	.L39:
 158:src/unit/line/line.cpp ****                   if (is_white_[i]) {
 1079              		.loc 1 158 35 is_stmt 1 discriminator 1 view .LVU360
 1080 004a 172B     		cmp	r3, #23
 1081 004c 08D8     		bhi	.L52
 159:src/unit/line/line.cpp ****                         pos_white_num[white_num] = i;
 1082              		.loc 1 159 19 view .LVU361
 159:src/unit/line/line.cpp ****                         pos_white_num[white_num] = i;
 1083              		.loc 1 159 34 is_stmt 0 view .LVU362
 1084 004e E118     		adds	r1, r4, r3
 1085 0050 91F8E410 		ldrb	r1, [r1, #228]	@ zero_extendqisi2
ARM GAS  /var/folders/5c/srt4fy4j1pd641bjfx75k5000000gn/T//ccDzhI5D.s 			page 27


 159:src/unit/line/line.cpp ****                         pos_white_num[white_num] = i;
 1086              		.loc 1 159 19 view .LVU363
 1087 0054 0029     		cmp	r1, #0
 1088 0056 F6D0     		beq	.L40
 160:src/unit/line/line.cpp ****                         white_num++;
 1089              		.loc 1 160 25 is_stmt 1 view .LVU364
 160:src/unit/line/line.cpp ****                         white_num++;
 1090              		.loc 1 160 50 is_stmt 0 view .LVU365
 1091 0058 8354     		strb	r3, [r0, r2]
 161:src/unit/line/line.cpp ****                   }
 1092              		.loc 1 161 25 is_stmt 1 view .LVU366
 161:src/unit/line/line.cpp ****                   }
 1093              		.loc 1 161 34 is_stmt 0 view .LVU367
 1094 005a 0132     		adds	r2, r2, #1
 1095              	.LVL86:
 161:src/unit/line/line.cpp ****                   }
 1096              		.loc 1 161 34 view .LVU368
 1097 005c D2B2     		uxtb	r2, r2
 1098              	.LVL87:
 161:src/unit/line/line.cpp ****                   }
 1099              		.loc 1 161 34 view .LVU369
 1100 005e F2E7     		b	.L40
 1101              	.L52:
 161:src/unit/line/line.cpp ****                   }
 1102              		.loc 1 161 34 view .LVU370
 1103              	.LBE109:
 165:src/unit/line/line.cpp ****             for (uint8_t i = 0; i < white_qty_ - 1; i++) {
 1104              		.loc 1 165 13 is_stmt 1 view .LVU371
 165:src/unit/line/line.cpp ****             for (uint8_t i = 0; i < white_qty_ - 1; i++) {
 1105              		.loc 1 165 30 is_stmt 0 view .LVU372
 1106 0060 94F8FC30 		ldrb	r3, [r4, #252]	@ zero_extendqisi2
 1107              	.LVL88:
 165:src/unit/line/line.cpp ****             for (uint8_t i = 0; i < white_qty_ - 1; i++) {
 1108              		.loc 1 165 21 view .LVU373
 1109 0064 0733     		adds	r3, r3, #7
 1110              	.LVL89:
 165:src/unit/line/line.cpp ****             for (uint8_t i = 0; i < white_qty_ - 1; i++) {
 1111              		.loc 1 165 21 view .LVU374
 1112 0066 03F4FC73 		and	r3, r3, #504
 1113              	.LVL90:
 165:src/unit/line/line.cpp ****             for (uint8_t i = 0; i < white_qty_ - 1; i++) {
 1114              		.loc 1 165 21 view .LVU375
 1115 006a ADEB030D 		sub	sp, sp, r3
 1116 006e 6946     		mov	r1, sp
 1117              	.LVL91:
 166:src/unit/line/line.cpp ****                   interval[i] = pos_white_num[i + 1] - pos_white_num[i];
 1118              		.loc 1 166 13 is_stmt 1 view .LVU376
 1119              	.LBB110:
 166:src/unit/line/line.cpp ****                   interval[i] = pos_white_num[i + 1] - pos_white_num[i];
 1120              		.loc 1 166 26 is_stmt 0 view .LVU377
 1121 0070 0023     		movs	r3, #0
 166:src/unit/line/line.cpp ****                   interval[i] = pos_white_num[i + 1] - pos_white_num[i];
 1122              		.loc 1 166 13 view .LVU378
 1123 0072 08E0     		b	.L42
 1124              	.LVL92:
 1125              	.L43:
 167:src/unit/line/line.cpp ****             }
ARM GAS  /var/folders/5c/srt4fy4j1pd641bjfx75k5000000gn/T//ccDzhI5D.s 			page 28


 1126              		.loc 1 167 19 is_stmt 1 discriminator 3 view .LVU379
 167:src/unit/line/line.cpp ****             }
 1127              		.loc 1 167 49 is_stmt 0 discriminator 3 view .LVU380
 1128 0074 5A1C     		adds	r2, r3, #1
 167:src/unit/line/line.cpp ****             }
 1129              		.loc 1 167 52 discriminator 3 view .LVU381
 1130 0076 825C     		ldrb	r2, [r0, r2]	@ zero_extendqisi2
 167:src/unit/line/line.cpp ****             }
 1131              		.loc 1 167 71 discriminator 3 view .LVU382
 1132 0078 10F803C0 		ldrb	ip, [r0, r3]	@ zero_extendqisi2
 167:src/unit/line/line.cpp ****             }
 1133              		.loc 1 167 54 discriminator 3 view .LVU383
 1134 007c A2EB0C02 		sub	r2, r2, ip
 167:src/unit/line/line.cpp ****             }
 1135              		.loc 1 167 31 discriminator 3 view .LVU384
 1136 0080 CA54     		strb	r2, [r1, r3]
 166:src/unit/line/line.cpp ****                   interval[i] = pos_white_num[i + 1] - pos_white_num[i];
 1137              		.loc 1 166 13 is_stmt 1 discriminator 3 view .LVU385
 1138 0082 0133     		adds	r3, r3, #1
 1139              	.LVL93:
 166:src/unit/line/line.cpp ****                   interval[i] = pos_white_num[i + 1] - pos_white_num[i];
 1140              		.loc 1 166 13 is_stmt 0 discriminator 3 view .LVU386
 1141 0084 DBB2     		uxtb	r3, r3
 1142              	.LVL94:
 1143              	.L42:
 166:src/unit/line/line.cpp ****                   interval[i] = pos_white_num[i + 1] - pos_white_num[i];
 1144              		.loc 1 166 35 is_stmt 1 discriminator 1 view .LVU387
 166:src/unit/line/line.cpp ****                   interval[i] = pos_white_num[i + 1] - pos_white_num[i];
 1145              		.loc 1 166 37 is_stmt 0 discriminator 1 view .LVU388
 1146 0086 94F8FC20 		ldrb	r2, [r4, #252]	@ zero_extendqisi2
 166:src/unit/line/line.cpp ****                   interval[i] = pos_white_num[i + 1] - pos_white_num[i];
 1147              		.loc 1 166 48 discriminator 1 view .LVU389
 1148 008a 013A     		subs	r2, r2, #1
 166:src/unit/line/line.cpp ****                   interval[i] = pos_white_num[i + 1] - pos_white_num[i];
 1149              		.loc 1 166 35 discriminator 1 view .LVU390
 1150 008c 9342     		cmp	r3, r2
 1151 008e F1DB     		blt	.L43
 1152              	.LBE110:
 169:src/unit/line/line.cpp **** 
 1153              		.loc 1 169 13 is_stmt 1 view .LVU391
 169:src/unit/line/line.cpp **** 
 1154              		.loc 1 169 55 is_stmt 0 view .LVU392
 1155 0090 0378     		ldrb	r3, [r0]	@ zero_extendqisi2
 1156              	.LVL95:
 169:src/unit/line/line.cpp **** 
 1157              		.loc 1 169 87 view .LVU393
 1158 0092 865C     		ldrb	r6, [r0, r2]	@ zero_extendqisi2
 169:src/unit/line/line.cpp **** 
 1159              		.loc 1 169 57 view .LVU394
 1160 0094 9B1B     		subs	r3, r3, r6
 1161 0096 DBB2     		uxtb	r3, r3
 169:src/unit/line/line.cpp **** 
 1162              		.loc 1 169 89 view .LVU395
 1163 0098 1833     		adds	r3, r3, #24
 169:src/unit/line/line.cpp **** 
 1164              		.loc 1 169 38 view .LVU396
 1165 009a 8B54     		strb	r3, [r1, r2]
ARM GAS  /var/folders/5c/srt4fy4j1pd641bjfx75k5000000gn/T//ccDzhI5D.s 			page 29


 172:src/unit/line/line.cpp ****             uint8_t pos_max_interval = 0;
 1166              		.loc 1 172 13 is_stmt 1 view .LVU397
 172:src/unit/line/line.cpp ****             uint8_t pos_max_interval = 0;
 1167              		.loc 1 172 26 is_stmt 0 view .LVU398
 1168 009c 4FF0000E 		mov	lr, #0
 1169 00a0 84F802E0 		strb	lr, [r4, #2]
 173:src/unit/line/line.cpp ****             for (uint8_t i = 0; i < white_qty_; i++) {
 1170              		.loc 1 173 13 is_stmt 1 view .LVU399
 1171              	.LVL96:
 174:src/unit/line/line.cpp ****                   if (max_interval < interval[i]) {
 1172              		.loc 1 174 13 view .LVU400
 1173              	.LBB111:
 174:src/unit/line/line.cpp ****                   if (max_interval < interval[i]) {
 1174              		.loc 1 174 26 is_stmt 0 view .LVU401
 1175 00a4 7346     		mov	r3, lr
 174:src/unit/line/line.cpp ****                   if (max_interval < interval[i]) {
 1176              		.loc 1 174 13 view .LVU402
 1177 00a6 01E0     		b	.L44
 1178              	.LVL97:
 1179              	.L45:
 174:src/unit/line/line.cpp ****                   if (max_interval < interval[i]) {
 1180              		.loc 1 174 13 is_stmt 1 discriminator 2 view .LVU403
 1181 00a8 0133     		adds	r3, r3, #1
 1182              	.LVL98:
 174:src/unit/line/line.cpp ****                   if (max_interval < interval[i]) {
 1183              		.loc 1 174 13 is_stmt 0 discriminator 2 view .LVU404
 1184 00aa DBB2     		uxtb	r3, r3
 1185              	.LVL99:
 1186              	.L44:
 174:src/unit/line/line.cpp ****                   if (max_interval < interval[i]) {
 1187              		.loc 1 174 35 is_stmt 1 discriminator 1 view .LVU405
 174:src/unit/line/line.cpp ****                   if (max_interval < interval[i]) {
 1188              		.loc 1 174 37 is_stmt 0 discriminator 1 view .LVU406
 1189 00ac 94F8FC20 		ldrb	r2, [r4, #252]	@ zero_extendqisi2
 174:src/unit/line/line.cpp ****                   if (max_interval < interval[i]) {
 1190              		.loc 1 174 35 discriminator 1 view .LVU407
 1191 00b0 9A42     		cmp	r2, r3
 1192 00b2 07D9     		bls	.L53
 175:src/unit/line/line.cpp ****                         max_interval = interval[i];
 1193              		.loc 1 175 19 is_stmt 1 view .LVU408
 175:src/unit/line/line.cpp ****                         max_interval = interval[i];
 1194              		.loc 1 175 23 is_stmt 0 view .LVU409
 1195 00b4 94F802C0 		ldrb	ip, [r4, #2]	@ zero_extendqisi2
 175:src/unit/line/line.cpp ****                         max_interval = interval[i];
 1196              		.loc 1 175 48 view .LVU410
 1197 00b8 CA5C     		ldrb	r2, [r1, r3]	@ zero_extendqisi2
 175:src/unit/line/line.cpp ****                         max_interval = interval[i];
 1198              		.loc 1 175 19 view .LVU411
 1199 00ba 9445     		cmp	ip, r2
 1200 00bc F4D2     		bcs	.L45
 176:src/unit/line/line.cpp ****                         pos_max_interval = i;
 1201              		.loc 1 176 25 is_stmt 1 view .LVU412
 176:src/unit/line/line.cpp ****                         pos_max_interval = i;
 1202              		.loc 1 176 38 is_stmt 0 view .LVU413
 1203 00be A270     		strb	r2, [r4, #2]
 177:src/unit/line/line.cpp ****                   }
 1204              		.loc 1 177 25 is_stmt 1 view .LVU414
ARM GAS  /var/folders/5c/srt4fy4j1pd641bjfx75k5000000gn/T//ccDzhI5D.s 			page 30


 1205              	.LVL100:
 177:src/unit/line/line.cpp ****                   }
 1206              		.loc 1 177 42 is_stmt 0 view .LVU415
 1207 00c0 9E46     		mov	lr, r3
 1208 00c2 F1E7     		b	.L45
 1209              	.LVL101:
 1210              	.L53:
 177:src/unit/line/line.cpp ****                   }
 1211              		.loc 1 177 42 view .LVU416
 1212              	.LBE111:
 182:src/unit/line/line.cpp ****             dir = MyMath::NormalizeDeg180((line_dir_num / LINE_QTY * 360) + 180);
 1213              		.loc 1 182 13 is_stmt 1 view .LVU417
 182:src/unit/line/line.cpp ****             dir = MyMath::NormalizeDeg180((line_dir_num / LINE_QTY * 360) + 180);
 1214              		.loc 1 182 64 is_stmt 0 view .LVU418
 1215 00c4 10F80E60 		ldrb	r6, [r0, lr]	@ zero_extendqisi2
 182:src/unit/line/line.cpp ****             dir = MyMath::NormalizeDeg180((line_dir_num / LINE_QTY * 360) + 180);
 1216              		.loc 1 182 81 view .LVU419
 1217 00c8 A078     		ldrb	r0, [r4, #2]	@ zero_extendqisi2
 1218              	.LVL102:
 182:src/unit/line/line.cpp ****             dir = MyMath::NormalizeDeg180((line_dir_num / LINE_QTY * 360) + 180);
 1219              		.loc 1 182 81 view .LVU420
 1220 00ca FFF7FEFF 		bl	__aeabi_i2d
 1221              	.LVL103:
 182:src/unit/line/line.cpp ****             dir = MyMath::NormalizeDeg180((line_dir_num / LINE_QTY * 360) + 180);
 1222              		.loc 1 182 81 view .LVU421
 1223 00ce 0022     		movs	r2, #0
 1224 00d0 284B     		ldr	r3, .L54
 1225 00d2 FFF7FEFF 		bl	__aeabi_dmul
 1226              	.LVL104:
 1227 00d6 8046     		mov	r8, r0
 1228 00d8 8946     		mov	r9, r1
 182:src/unit/line/line.cpp ****             dir = MyMath::NormalizeDeg180((line_dir_num / LINE_QTY * 360) + 180);
 1229              		.loc 1 182 66 view .LVU422
 1230 00da 3046     		mov	r0, r6
 1231 00dc FFF7FEFF 		bl	__aeabi_i2d
 1232              	.LVL105:
 1233 00e0 4246     		mov	r2, r8
 1234 00e2 4B46     		mov	r3, r9
 1235 00e4 FFF7FEFF 		bl	__aeabi_dadd
 1236              	.LVL106:
 182:src/unit/line/line.cpp ****             dir = MyMath::NormalizeDeg180((line_dir_num / LINE_QTY * 360) + 180);
 1237              		.loc 1 182 19 view .LVU423
 1238 00e8 FFF7FEFF 		bl	__aeabi_d2f
 1239              	.LVL107:
 1240 00ec 06EE900A 		vmov	s13, r0
 1241              	.LVL108:
 183:src/unit/line/line.cpp **** 
 1242              		.loc 1 183 13 is_stmt 1 view .LVU424
 183:src/unit/line/line.cpp **** 
 1243              		.loc 1 183 57 is_stmt 0 view .LVU425
 1244 00f0 B3EE087A 		vmov.f32	s14, #2.4e+1
 1245 00f4 C6EE877A 		vdiv.f32	s15, s13, s14
 183:src/unit/line/line.cpp **** 
 1246              		.loc 1 183 68 view .LVU426
 1247 00f8 9FED1F7A 		vldr.32	s14, .L54+4
 1248 00fc 67EE877A 		vmul.f32	s15, s15, s14
 183:src/unit/line/line.cpp **** 
ARM GAS  /var/folders/5c/srt4fy4j1pd641bjfx75k5000000gn/T//ccDzhI5D.s 			page 31


 1249              		.loc 1 183 75 view .LVU427
 1250 0100 9FED1E7A 		vldr.32	s14, .L54+8
 1251 0104 77EE877A 		vadd.f32	s15, s15, s14
 183:src/unit/line/line.cpp **** 
 1252              		.loc 1 183 42 view .LVU428
 1253 0108 FDEEE77A 		vcvt.s32.f32	s15, s15
 1254 010c 17EE900A 		vmov	r0, s15	@ int
 1255              	.LVL109:
 183:src/unit/line/line.cpp **** 
 1256              		.loc 1 183 42 view .LVU429
 1257 0110 FFF7FEFF 		bl	NormalizeDeg180
 1258              	.LVL110:
 183:src/unit/line/line.cpp **** 
 1259              		.loc 1 183 17 view .LVU430
 1260 0114 00B2     		sxth	r0, r0
 1261 0116 2080     		strh	r0, [r4]	@ movhi
 185:src/unit/line/line.cpp **** 
 1262              		.loc 1 185 13 is_stmt 1 view .LVU431
 185:src/unit/line/line.cpp **** 
 1263              		.loc 1 185 17 is_stmt 0 view .LVU432
 1264 0118 A378     		ldrb	r3, [r4, #2]	@ zero_extendqisi2
 185:src/unit/line/line.cpp **** 
 1265              		.loc 1 185 13 view .LVU433
 1266 011a 0C2B     		cmp	r3, #12
 1267 011c 02D9     		bls	.L47
 185:src/unit/line/line.cpp **** 
 1268              		.loc 1 185 36 is_stmt 1 discriminator 1 view .LVU434
 185:src/unit/line/line.cpp **** 
 1269              		.loc 1 185 54 is_stmt 0 discriminator 1 view .LVU435
 1270 011e C3F11803 		rsb	r3, r3, #24
 185:src/unit/line/line.cpp **** 
 1271              		.loc 1 185 49 discriminator 1 view .LVU436
 1272 0122 A370     		strb	r3, [r4, #2]
 1273              	.L47:
 188:src/unit/line/line.cpp ****                   int16_t dir_difference = abs(dir - pre_dir_);
 1274              		.loc 1 188 13 is_stmt 1 view .LVU437
 1275              	.LBB112:
 188:src/unit/line/line.cpp ****                   int16_t dir_difference = abs(dir - pre_dir_);
 1276              		.loc 1 188 17 is_stmt 0 view .LVU438
 1277 0124 94F8FD30 		ldrb	r3, [r4, #253]	@ zero_extendqisi2
 188:src/unit/line/line.cpp ****                   int16_t dir_difference = abs(dir - pre_dir_);
 1278              		.loc 1 188 13 view .LVU439
 1279 0128 8BB1     		cbz	r3, .L48
 1280              	.LBB113:
 189:src/unit/line/line.cpp ****                   if (dir_difference > 180) dir_difference = 360 - dir_difference;
 1281              		.loc 1 189 19 is_stmt 1 view .LVU440
 189:src/unit/line/line.cpp ****                   if (dir_difference > 180) dir_difference = 360 - dir_difference;
 1282              		.loc 1 189 44 is_stmt 0 view .LVU441
 1283 012a B4F9E230 		ldrsh	r3, [r4, #226]
 1284 012e C31A     		subs	r3, r0, r3
 1285 0130 002B     		cmp	r3, #0
 1286 0132 B8BF     		it	lt
 1287 0134 5B42     		rsblt	r3, r3, #0
 189:src/unit/line/line.cpp ****                   if (dir_difference > 180) dir_difference = 360 - dir_difference;
 1288              		.loc 1 189 27 view .LVU442
 1289 0136 1AB2     		sxth	r2, r3
 1290              	.LVL111:
ARM GAS  /var/folders/5c/srt4fy4j1pd641bjfx75k5000000gn/T//ccDzhI5D.s 			page 32


 190:src/unit/line/line.cpp ****                   if (dir_difference > 120) is_half_out = 1 - is_half_out;
 1291              		.loc 1 190 19 is_stmt 1 view .LVU443
 1292 0138 B42A     		cmp	r2, #180
 1293 013a 02DD     		ble	.L49
 190:src/unit/line/line.cpp ****                   if (dir_difference > 120) is_half_out = 1 - is_half_out;
 1294              		.loc 1 190 45 discriminator 1 view .LVU444
 190:src/unit/line/line.cpp ****                   if (dir_difference > 120) is_half_out = 1 - is_half_out;
 1295              		.loc 1 190 66 is_stmt 0 discriminator 1 view .LVU445
 1296 013c C3F5B473 		rsb	r3, r3, #360
 190:src/unit/line/line.cpp ****                   if (dir_difference > 120) is_half_out = 1 - is_half_out;
 1297              		.loc 1 190 60 discriminator 1 view .LVU446
 1298 0140 1AB2     		sxth	r2, r3
 1299              	.LVL112:
 1300              	.L49:
 191:src/unit/line/line.cpp ****             }
 1301              		.loc 1 191 19 is_stmt 1 view .LVU447
 1302 0142 782A     		cmp	r2, #120
 1303 0144 03DD     		ble	.L48
 191:src/unit/line/line.cpp ****             }
 1304              		.loc 1 191 45 discriminator 1 view .LVU448
 191:src/unit/line/line.cpp ****             }
 1305              		.loc 1 191 63 is_stmt 0 discriminator 1 view .LVU449
 1306 0146 E378     		ldrb	r3, [r4, #3]	@ zero_extendqisi2
 191:src/unit/line/line.cpp ****             }
 1307              		.loc 1 191 61 discriminator 1 view .LVU450
 1308 0148 83F00103 		eor	r3, r3, #1
 191:src/unit/line/line.cpp ****             }
 1309              		.loc 1 191 57 discriminator 1 view .LVU451
 1310 014c E370     		strb	r3, [r4, #3]
 1311              	.LVL113:
 1312              	.L48:
 191:src/unit/line/line.cpp ****             }
 1313              		.loc 1 191 57 discriminator 1 view .LVU452
 1314              	.LBE113:
 1315              	.LBE112:
 194:src/unit/line/line.cpp ****             pre_white_qty_ = white_qty_;
 1316              		.loc 1 194 13 is_stmt 1 discriminator 1 view .LVU453
 194:src/unit/line/line.cpp ****             pre_white_qty_ = white_qty_;
 1317              		.loc 1 194 22 is_stmt 0 discriminator 1 view .LVU454
 1318 014e A4F8E200 		strh	r0, [r4, #226]	@ movhi
 195:src/unit/line/line.cpp ****       } else {
 1319              		.loc 1 195 13 is_stmt 1 discriminator 1 view .LVU455
 195:src/unit/line/line.cpp ****       } else {
 1320              		.loc 1 195 30 is_stmt 0 discriminator 1 view .LVU456
 1321 0152 94F8FC30 		ldrb	r3, [r4, #252]	@ zero_extendqisi2
 195:src/unit/line/line.cpp ****       } else {
 1322              		.loc 1 195 28 discriminator 1 view .LVU457
 1323 0156 84F8FD30 		strb	r3, [r4, #253]
 1324 015a AD46     		mov	sp, r5
 1325              	.LVL114:
 1326              	.L35:
 195:src/unit/line/line.cpp ****       } else {
 1327              		.loc 1 195 28 discriminator 1 view .LVU458
 1328              	.LBE107:
 1329              	.LBE106:
 197:src/unit/line/line.cpp ****             is_half_out = 0;
 198:src/unit/line/line.cpp ****             max_interval = 0;
ARM GAS  /var/folders/5c/srt4fy4j1pd641bjfx75k5000000gn/T//ccDzhI5D.s 			page 33


 199:src/unit/line/line.cpp ****             dir = 0;
 200:src/unit/line/line.cpp **** 
 201:src/unit/line/line.cpp ****             pre_dir_ = 0;
 202:src/unit/line/line.cpp ****             pre_white_qty_ = 0;
 203:src/unit/line/line.cpp ****       }
 204:src/unit/line/line.cpp **** }
 1330              		.loc 1 204 1 view .LVU459
 1331 015c BD46     		mov	sp, r7
 1332              	.LCFI4:
 1333              		.cfi_remember_state
 1334              		.cfi_def_cfa_register 13
 1335              		@ sp needed
 1336 015e BDE8F883 		pop	{r3, r4, r5, r6, r7, r8, r9, pc}
 1337              	.LVL115:
 1338              	.L38:
 1339              	.LCFI5:
 1340              		.cfi_restore_state
 1341              	.LBB114:
 197:src/unit/line/line.cpp ****             is_half_out = 0;
 1342              		.loc 1 197 13 is_stmt 1 view .LVU460
 197:src/unit/line/line.cpp ****             is_half_out = 0;
 1343              		.loc 1 197 25 is_stmt 0 view .LVU461
 1344 0162 0023     		movs	r3, #0
 1345 0164 E370     		strb	r3, [r4, #3]
 198:src/unit/line/line.cpp ****             dir = 0;
 1346              		.loc 1 198 13 is_stmt 1 view .LVU462
 198:src/unit/line/line.cpp ****             dir = 0;
 1347              		.loc 1 198 26 is_stmt 0 view .LVU463
 1348 0166 A370     		strb	r3, [r4, #2]
 199:src/unit/line/line.cpp **** 
 1349              		.loc 1 199 13 is_stmt 1 view .LVU464
 199:src/unit/line/line.cpp **** 
 1350              		.loc 1 199 17 is_stmt 0 view .LVU465
 1351 0168 2380     		strh	r3, [r4]	@ movhi
 201:src/unit/line/line.cpp ****             pre_white_qty_ = 0;
 1352              		.loc 1 201 13 is_stmt 1 view .LVU466
 201:src/unit/line/line.cpp ****             pre_white_qty_ = 0;
 1353              		.loc 1 201 22 is_stmt 0 view .LVU467
 1354 016a A4F8E230 		strh	r3, [r4, #226]	@ movhi
 202:src/unit/line/line.cpp ****       }
 1355              		.loc 1 202 13 is_stmt 1 view .LVU468
 202:src/unit/line/line.cpp ****       }
 1356              		.loc 1 202 28 is_stmt 0 view .LVU469
 1357 016e 84F8FD30 		strb	r3, [r4, #253]
 1358              	.LBE114:
 1359              		.loc 1 204 1 view .LVU470
 1360 0172 F3E7     		b	.L35
 1361              	.L55:
 1362              		.align	2
 1363              	.L54:
 1364 0174 0000E03F 		.word	1071644672
 1365 0178 0000B443 		.word	1135869952
 1366 017c 00003443 		.word	1127481344
 1367              		.cfi_endproc
 1368              	.LFE258:
 1369              		.fnend
 1371              		.section	.text._ZN4Line8IsOnLineEv,"ax",%progbits
ARM GAS  /var/folders/5c/srt4fy4j1pd641bjfx75k5000000gn/T//ccDzhI5D.s 			page 34


 1372              		.align	1
 1373              		.global	_ZN4Line8IsOnLineEv
 1374              		.syntax unified
 1375              		.thumb
 1376              		.thumb_func
 1378              	_ZN4Line8IsOnLineEv:
 1379              		.fnstart
 1380              	.LVL116:
 1381              	.LFB259:
 205:src/unit/line/line.cpp **** 
 206:src/unit/line/line.cpp **** bool Line::IsOnLine() {
 1382              		.loc 1 206 23 is_stmt 1 view -0
 1383              		.cfi_startproc
 1384              		@ args = 0, pretend = 0, frame = 0
 1385              		@ frame_needed = 0, uses_anonymous_args = 0
 1386              		@ link register save eliminated.
 207:src/unit/line/line.cpp ****       bool is_on_line = 0;
 1387              		.loc 1 207 7 view .LVU472
 208:src/unit/line/line.cpp ****       if (white_qty_ > 0) is_on_line = 1;
 1388              		.loc 1 208 7 view .LVU473
 1389              		.loc 1 208 11 is_stmt 0 view .LVU474
 1390 0000 90F8FC30 		ldrb	r3, [r0, #252]	@ zero_extendqisi2
 1391              		.loc 1 208 7 view .LVU475
 1392 0004 0BB9     		cbnz	r3, .L58
 207:src/unit/line/line.cpp ****       bool is_on_line = 0;
 1393              		.loc 1 207 12 view .LVU476
 1394 0006 0020     		movs	r0, #0
 1395              	.LVL117:
 207:src/unit/line/line.cpp ****       bool is_on_line = 0;
 1396              		.loc 1 207 12 view .LVU477
 1397 0008 7047     		bx	lr
 1398              	.LVL118:
 1399              	.L58:
 1400              		.loc 1 208 38 view .LVU478
 1401 000a 0120     		movs	r0, #1
 1402              	.LVL119:
 209:src/unit/line/line.cpp ****       return is_on_line;
 1403              		.loc 1 209 7 is_stmt 1 view .LVU479
 210:src/unit/line/line.cpp **** }
 1404              		.loc 1 210 1 is_stmt 0 view .LVU480
 1405 000c 7047     		bx	lr
 1406              		.cfi_endproc
 1407              	.LFE259:
 1408              		.cantunwind
 1409              		.fnend
 1411              		.section	.text._ZN4Line5OnLedEv,"ax",%progbits
 1412              		.align	1
 1413              		.global	_ZN4Line5OnLedEv
 1414              		.syntax unified
 1415              		.thumb
 1416              		.thumb_func
 1418              	_ZN4Line5OnLedEv:
 1419              		.fnstart
 1420              	.LVL120:
 1421              	.LFB260:
 211:src/unit/line/line.cpp **** 
 212:src/unit/line/line.cpp **** void Line::OnLed() {
ARM GAS  /var/folders/5c/srt4fy4j1pd641bjfx75k5000000gn/T//ccDzhI5D.s 			page 35


 1422              		.loc 1 212 20 is_stmt 1 view -0
 1423              		.cfi_startproc
 1424              		@ args = 0, pretend = 0, frame = 0
 1425              		@ frame_needed = 0, uses_anonymous_args = 0
 1426              		.loc 1 212 20 is_stmt 0 view .LVU482
 1427 0000 08B5     		push	{r3, lr}
 1428              		.save {r3, lr}
 1429              	.LCFI6:
 1430              		.cfi_def_cfa_offset 8
 1431              		.cfi_offset 3, -8
 1432              		.cfi_offset 14, -4
 213:src/unit/line/line.cpp ****       led_line_->write(0);
 1433              		.loc 1 213 7 is_stmt 1 view .LVU483
 1434 0002 8368     		ldr	r3, [r0, #8]
 1435              	.LVL121:
 1436              	.LBB115:
 1437              	.LBI115:
  15:Lib/DigitalInOut/DigitalInOut.hpp ****             HAL_GPIO_WritePin(port, pin, value ? GPIO_PIN_SET : GPIO_PIN_RESET);
 1438              		.loc 2 15 12 view .LVU484
 1439              	.LBB116:
 1440              		.loc 2 16 13 view .LVU485
 1441              		.loc 2 16 30 is_stmt 0 view .LVU486
 1442 0004 0022     		movs	r2, #0
 1443 0006 9988     		ldrh	r1, [r3, #4]
 1444 0008 1868     		ldr	r0, [r3]
 1445              	.LVL122:
 1446              		.loc 2 16 30 view .LVU487
 1447 000a FFF7FEFF 		bl	HAL_GPIO_WritePin
 1448              	.LVL123:
 1449              		.loc 2 16 30 view .LVU488
 1450              	.LBE116:
 1451              	.LBE115:
 214:src/unit/line/line.cpp **** }
 1452              		.loc 1 214 1 view .LVU489
 1453 000e 08BD     		pop	{r3, pc}
 1454              		.cfi_endproc
 1455              	.LFE260:
 1456              		.fnend
 1458              		.section	.text._ZN4Line6OffLedEv,"ax",%progbits
 1459              		.align	1
 1460              		.global	_ZN4Line6OffLedEv
 1461              		.syntax unified
 1462              		.thumb
 1463              		.thumb_func
 1465              	_ZN4Line6OffLedEv:
 1466              		.fnstart
 1467              	.LVL124:
 1468              	.LFB261:
 215:src/unit/line/line.cpp **** 
 216:src/unit/line/line.cpp **** void Line::OffLed() {
 1469              		.loc 1 216 21 is_stmt 1 view -0
 1470              		.cfi_startproc
 1471              		@ args = 0, pretend = 0, frame = 0
 1472              		@ frame_needed = 0, uses_anonymous_args = 0
 1473              		.loc 1 216 21 is_stmt 0 view .LVU491
 1474 0000 08B5     		push	{r3, lr}
 1475              		.save {r3, lr}
ARM GAS  /var/folders/5c/srt4fy4j1pd641bjfx75k5000000gn/T//ccDzhI5D.s 			page 36


 1476              	.LCFI7:
 1477              		.cfi_def_cfa_offset 8
 1478              		.cfi_offset 3, -8
 1479              		.cfi_offset 14, -4
 217:src/unit/line/line.cpp ****       led_line_->write(1);
 1480              		.loc 1 217 7 is_stmt 1 view .LVU492
 1481 0002 8368     		ldr	r3, [r0, #8]
 1482              	.LVL125:
 1483              	.LBB117:
 1484              	.LBI117:
  15:Lib/DigitalInOut/DigitalInOut.hpp ****             HAL_GPIO_WritePin(port, pin, value ? GPIO_PIN_SET : GPIO_PIN_RESET);
 1485              		.loc 2 15 12 view .LVU493
 1486              	.LBB118:
 1487              		.loc 2 16 13 view .LVU494
 1488              		.loc 2 16 30 is_stmt 0 view .LVU495
 1489 0004 0122     		movs	r2, #1
 1490 0006 9988     		ldrh	r1, [r3, #4]
 1491 0008 1868     		ldr	r0, [r3]
 1492              	.LVL126:
 1493              		.loc 2 16 30 view .LVU496
 1494 000a FFF7FEFF 		bl	HAL_GPIO_WritePin
 1495              	.LVL127:
 1496              		.loc 2 16 30 view .LVU497
 1497              	.LBE118:
 1498              	.LBE117:
 218:src/unit/line/line.cpp **** }...
 1499              		.loc 1 218 1 view .LVU498
 1500 000e 08BD     		pop	{r3, pc}
 1501              		.cfi_endproc
 1502              	.LFE261:
 1503              		.fnend
 1505              		.section	.text._ZN4Line5SetThEv,"ax",%progbits
 1506              		.align	1
 1507              		.global	_ZN4Line5SetThEv
 1508              		.syntax unified
 1509              		.thumb
 1510              		.thumb_func
 1512              	_ZN4Line5SetThEv:
 1513              		.fnstart
 1514              	.LVL128:
 1515              	.LFB257:
 111:src/unit/line/line.cpp **** bool Line::SetTh() {
 1516              		.loc 1 111 20 is_stmt 1 view -0
 1517              		.cfi_startproc
 1518              		@ args = 0, pretend = 0, frame = 0
 1519              		@ frame_needed = 0, uses_anonymous_args = 0
 111:src/unit/line/line.cpp **** bool Line::SetTh() {
 1520              		.loc 1 111 20 is_stmt 0 view .LVU500
 1521 0000 70B5     		push	{r4, r5, r6, lr}
 1522              		.save {r4, r5, r6, lr}
 1523              	.LCFI8:
 1524              		.cfi_def_cfa_offset 16
 1525              		.cfi_offset 4, -16
 1526              		.cfi_offset 5, -12
 1527              		.cfi_offset 6, -8
 1528              		.cfi_offset 14, -4
 1529 0002 0446     		mov	r4, r0
ARM GAS  /var/folders/5c/srt4fy4j1pd641bjfx75k5000000gn/T//ccDzhI5D.s 			page 37


 112:src/unit/line/line.cpp ****       if (set_th_cnt_ == 0) {
 1530              		.loc 1 112 7 is_stmt 1 view .LVU501
 1531              	.LBB119:
 112:src/unit/line/line.cpp ****       if (set_th_cnt_ == 0) {
 1532              		.loc 1 112 11 is_stmt 0 view .LVU502
 1533 0004 B0F8E050 		ldrh	r5, [r0, #224]
 112:src/unit/line/line.cpp ****       if (set_th_cnt_ == 0) {
 1534              		.loc 1 112 7 view .LVU503
 1535 0008 BDB1     		cbz	r5, .L74
 1536              	.LVL129:
 1537              	.L64:
 112:src/unit/line/line.cpp ****       if (set_th_cnt_ == 0) {
 1538              		.loc 1 112 7 view .LVU504
 1539              	.LBE119:
 119:src/unit/line/line.cpp ****       set_th_cnt_++;
 1540              		.loc 1 119 7 is_stmt 1 view .LVU505
 1541 000a B4F8E030 		ldrh	r3, [r4, #224]
 119:src/unit/line/line.cpp ****       set_th_cnt_++;
 1542              		.loc 1 119 18 is_stmt 0 view .LVU506
 1543 000e 0133     		adds	r3, r3, #1
 1544 0010 A4F8E030 		strh	r3, [r4, #224]	@ movhi
 121:src/unit/line/line.cpp ****       Read();
 1545              		.loc 1 121 7 is_stmt 1 view .LVU507
 121:src/unit/line/line.cpp ****       Read();
 1546              		.loc 1 121 11 is_stmt 0 view .LVU508
 1547 0014 2046     		mov	r0, r4
 1548 0016 FFF7FEFF 		bl	_ZN4Line4ReadEv
 1549              	.LVL130:
 122:src/unit/line/line.cpp ****       leftside_th_ += *leftside_val_;
 1550              		.loc 1 122 7 is_stmt 1 view .LVU509
 1551 001a D4F8D820 		ldr	r2, [r4, #216]
 122:src/unit/line/line.cpp ****       leftside_th_ += *leftside_val_;
 1552              		.loc 1 122 24 is_stmt 0 view .LVU510
 1553 001e 636A     		ldr	r3, [r4, #36]
 122:src/unit/line/line.cpp ****       leftside_th_ += *leftside_val_;
 1554              		.loc 1 122 23 view .LVU511
 1555 0020 1B78     		ldrb	r3, [r3]	@ zero_extendqisi2
 122:src/unit/line/line.cpp ****       leftside_th_ += *leftside_val_;
 1556              		.loc 1 122 20 view .LVU512
 1557 0022 D618     		adds	r6, r2, r3
 1558 0024 C4F8D860 		str	r6, [r4, #216]
 123:src/unit/line/line.cpp ****       rightside_th_ += *rightside_val_;
 1559              		.loc 1 123 7 is_stmt 1 view .LVU513
 1560 0028 D4F8DC50 		ldr	r5, [r4, #220]
 123:src/unit/line/line.cpp ****       rightside_th_ += *rightside_val_;
 1561              		.loc 1 123 25 is_stmt 0 view .LVU514
 1562 002c A36A     		ldr	r3, [r4, #40]
 123:src/unit/line/line.cpp ****       rightside_th_ += *rightside_val_;
 1563              		.loc 1 123 24 view .LVU515
 1564 002e 1B78     		ldrb	r3, [r3]	@ zero_extendqisi2
 123:src/unit/line/line.cpp ****       rightside_th_ += *rightside_val_;
 1565              		.loc 1 123 21 view .LVU516
 1566 0030 1D44     		add	r5, r5, r3
 1567 0032 C4F8DC50 		str	r5, [r4, #220]
 125:src/unit/line/line.cpp ****       for (uint16_t j = 0; j < LINE_QTY; j++) {
 1568              		.loc 1 125 7 is_stmt 1 view .LVU517
 1569              	.LVL131:
ARM GAS  /var/folders/5c/srt4fy4j1pd641bjfx75k5000000gn/T//ccDzhI5D.s 			page 38


 1570              	.LBB122:
 125:src/unit/line/line.cpp ****       for (uint16_t j = 0; j < LINE_QTY; j++) {
 1571              		.loc 1 125 21 is_stmt 0 view .LVU518
 1572 0036 0023     		movs	r3, #0
 125:src/unit/line/line.cpp ****       for (uint16_t j = 0; j < LINE_QTY; j++) {
 1573              		.loc 1 125 7 view .LVU519
 1574 0038 20E0     		b	.L67
 1575              	.LVL132:
 1576              	.L74:
 125:src/unit/line/line.cpp ****       for (uint16_t j = 0; j < LINE_QTY; j++) {
 1577              		.loc 1 125 7 view .LVU520
 1578              	.LBE122:
 1579              	.LBB123:
 1580              	.LBB120:
 113:src/unit/line/line.cpp ****             OnLed();
 1581              		.loc 1 113 13 is_stmt 1 view .LVU521
 113:src/unit/line/line.cpp ****             OnLed();
 1582              		.loc 1 113 18 is_stmt 0 view .LVU522
 1583 003a FFF7FEFF 		bl	_ZN4Line5OnLedEv
 1584              	.LVL133:
 114:src/unit/line/line.cpp ****             HAL_Delay(100);
 1585              		.loc 1 114 13 is_stmt 1 view .LVU523
 114:src/unit/line/line.cpp ****             HAL_Delay(100);
 1586              		.loc 1 114 22 is_stmt 0 view .LVU524
 1587 003e 6420     		movs	r0, #100
 1588 0040 FFF7FEFF 		bl	HAL_Delay
 1589              	.LVL134:
 115:src/unit/line/line.cpp ****             leftside_th_ = 0;
 1590              		.loc 1 115 13 is_stmt 1 view .LVU525
 115:src/unit/line/line.cpp ****             leftside_th_ = 0;
 1591              		.loc 1 115 26 is_stmt 0 view .LVU526
 1592 0044 0023     		movs	r3, #0
 1593 0046 C4F8D830 		str	r3, [r4, #216]
 116:src/unit/line/line.cpp ****             rightside_th_ = 0;
 1594              		.loc 1 116 13 is_stmt 1 view .LVU527
 116:src/unit/line/line.cpp ****             rightside_th_ = 0;
 1595              		.loc 1 116 27 is_stmt 0 view .LVU528
 1596 004a C4F8DC30 		str	r3, [r4, #220]
 117:src/unit/line/line.cpp ****             for (uint16_t i = 0; i < LINE_QTY; i++) th_val_[i] = 0;
 1597              		.loc 1 117 13 is_stmt 1 view .LVU529
 1598              	.LVL135:
 1599              	.LBB121:
 117:src/unit/line/line.cpp ****             for (uint16_t i = 0; i < LINE_QTY; i++) th_val_[i] = 0;
 1600              		.loc 1 117 13 is_stmt 0 view .LVU530
 1601 004e 06E0     		b	.L65
 1602              	.LVL136:
 1603              	.L66:
 117:src/unit/line/line.cpp ****             for (uint16_t i = 0; i < LINE_QTY; i++) th_val_[i] = 0;
 1604              		.loc 1 117 53 is_stmt 1 discriminator 3 view .LVU531
 117:src/unit/line/line.cpp ****             for (uint16_t i = 0; i < LINE_QTY; i++) th_val_[i] = 0;
 1605              		.loc 1 117 64 is_stmt 0 discriminator 3 view .LVU532
 1606 0050 05F11E03 		add	r3, r5, #30
 1607 0054 0022     		movs	r2, #0
 1608 0056 44F82320 		str	r2, [r4, r3, lsl #2]
 117:src/unit/line/line.cpp ****             for (uint16_t i = 0; i < LINE_QTY; i++) th_val_[i] = 0;
 1609              		.loc 1 117 13 is_stmt 1 discriminator 3 view .LVU533
 1610 005a 0135     		adds	r5, r5, #1
ARM GAS  /var/folders/5c/srt4fy4j1pd641bjfx75k5000000gn/T//ccDzhI5D.s 			page 39


 1611              	.LVL137:
 117:src/unit/line/line.cpp ****             for (uint16_t i = 0; i < LINE_QTY; i++) th_val_[i] = 0;
 1612              		.loc 1 117 13 is_stmt 0 discriminator 3 view .LVU534
 1613 005c ADB2     		uxth	r5, r5
 1614              	.LVL138:
 1615              	.L65:
 117:src/unit/line/line.cpp ****             for (uint16_t i = 0; i < LINE_QTY; i++) th_val_[i] = 0;
 1616              		.loc 1 117 36 is_stmt 1 discriminator 1 view .LVU535
 1617 005e 172D     		cmp	r5, #23
 1618 0060 F6D9     		bls	.L66
 1619 0062 D2E7     		b	.L64
 1620              	.LVL139:
 1621              	.L68:
 117:src/unit/line/line.cpp ****             for (uint16_t i = 0; i < LINE_QTY; i++) th_val_[i] = 0;
 1622              		.loc 1 117 36 is_stmt 0 discriminator 1 view .LVU536
 1623              	.LBE121:
 1624              	.LBE120:
 1625              	.LBE123:
 1626              	.LBB124:
 126:src/unit/line/line.cpp ****             th_val_[j] += val_[j];
 1627              		.loc 1 126 13 is_stmt 1 discriminator 3 view .LVU537
 126:src/unit/line/line.cpp ****             th_val_[j] += val_[j];
 1628              		.loc 1 126 22 is_stmt 0 discriminator 3 view .LVU538
 1629 0064 03F11E01 		add	r1, r3, #30
 1630 0068 54F82120 		ldr	r2, [r4, r1, lsl #2]
 126:src/unit/line/line.cpp ****             th_val_[j] += val_[j];
 1631              		.loc 1 126 33 discriminator 3 view .LVU539
 1632 006c E018     		adds	r0, r4, r3
 1633 006e 90F84500 		ldrb	r0, [r0, #69]	@ zero_extendqisi2
 126:src/unit/line/line.cpp ****             th_val_[j] += val_[j];
 1634              		.loc 1 126 24 discriminator 3 view .LVU540
 1635 0072 0244     		add	r2, r2, r0
 1636 0074 44F82120 		str	r2, [r4, r1, lsl #2]
 125:src/unit/line/line.cpp ****       for (uint16_t j = 0; j < LINE_QTY; j++) {
 1637              		.loc 1 125 7 is_stmt 1 discriminator 3 view .LVU541
 1638 0078 0133     		adds	r3, r3, #1
 1639              	.LVL140:
 125:src/unit/line/line.cpp ****       for (uint16_t j = 0; j < LINE_QTY; j++) {
 1640              		.loc 1 125 7 is_stmt 0 discriminator 3 view .LVU542
 1641 007a 9BB2     		uxth	r3, r3
 1642              	.LVL141:
 1643              	.L67:
 125:src/unit/line/line.cpp ****       for (uint16_t j = 0; j < LINE_QTY; j++) {
 1644              		.loc 1 125 30 is_stmt 1 discriminator 1 view .LVU543
 1645 007c 172B     		cmp	r3, #23
 1646 007e F1D9     		bls	.L68
 1647              	.LBE124:
 129:src/unit/line/line.cpp ****       if (set_th_cnt_ == SET_TH_NUM) {
 1648              		.loc 1 129 7 view .LVU544
 1649              	.LBB125:
 129:src/unit/line/line.cpp ****       if (set_th_cnt_ == SET_TH_NUM) {
 1650              		.loc 1 129 11 is_stmt 0 view .LVU545
 1651 0080 B4F8E010 		ldrh	r1, [r4, #224]
 129:src/unit/line/line.cpp ****       if (set_th_cnt_ == SET_TH_NUM) {
 1652              		.loc 1 129 7 view .LVU546
 1653 0084 40F6B833 		movw	r3, #3000
 1654              	.LVL142:
ARM GAS  /var/folders/5c/srt4fy4j1pd641bjfx75k5000000gn/T//ccDzhI5D.s 			page 40


 129:src/unit/line/line.cpp ****       if (set_th_cnt_ == SET_TH_NUM) {
 1655              		.loc 1 129 7 view .LVU547
 1656 0088 9942     		cmp	r1, r3
 1657 008a 01D0     		beq	.L75
 1658              	.LBE125:
 143:src/unit/line/line.cpp ****       return 0;
 1659              		.loc 1 143 14 view .LVU548
 1660 008c 0020     		movs	r0, #0
 1661              	.L69:
 144:src/unit/line/line.cpp **** }
 1662              		.loc 1 144 1 view .LVU549
 1663 008e 70BD     		pop	{r4, r5, r6, pc}
 1664              	.LVL143:
 1665              	.L75:
 1666              	.LBB128:
 1667              	.LBB126:
 130:src/unit/line/line.cpp ****             leftside_th_ /= SET_TH_NUM;
 1668              		.loc 1 130 13 is_stmt 1 view .LVU550
 130:src/unit/line/line.cpp ****             leftside_th_ /= SET_TH_NUM;
 1669              		.loc 1 130 26 is_stmt 0 view .LVU551
 1670 0090 154B     		ldr	r3, .L76
 1671 0092 A3FB0612 		umull	r1, r2, r3, r6
 1672 0096 9209     		lsrs	r2, r2, #6
 1673 0098 C4F8D820 		str	r2, [r4, #216]
 131:src/unit/line/line.cpp ****             rightside_th_ /= SET_TH_NUM;
 1674              		.loc 1 131 13 is_stmt 1 view .LVU552
 131:src/unit/line/line.cpp ****             rightside_th_ /= SET_TH_NUM;
 1675              		.loc 1 131 27 is_stmt 0 view .LVU553
 1676 009c A3FB0513 		umull	r1, r3, r3, r5
 1677 00a0 9B09     		lsrs	r3, r3, #6
 1678 00a2 C4F8DC30 		str	r3, [r4, #220]
 132:src/unit/line/line.cpp ****             leftside_th_ += TH_VALUE;
 1679              		.loc 1 132 13 is_stmt 1 view .LVU554
 132:src/unit/line/line.cpp ****             leftside_th_ += TH_VALUE;
 1680              		.loc 1 132 26 is_stmt 0 view .LVU555
 1681 00a6 0332     		adds	r2, r2, #3
 1682 00a8 C4F8D820 		str	r2, [r4, #216]
 133:src/unit/line/line.cpp ****             rightside_th_ += TH_VALUE;
 1683              		.loc 1 133 13 is_stmt 1 view .LVU556
 133:src/unit/line/line.cpp ****             rightside_th_ += TH_VALUE;
 1684              		.loc 1 133 27 is_stmt 0 view .LVU557
 1685 00ac 0333     		adds	r3, r3, #3
 1686 00ae C4F8DC30 		str	r3, [r4, #220]
 134:src/unit/line/line.cpp ****             for (uint16_t i = 0; i < LINE_QTY; i++) {
 1687              		.loc 1 134 13 is_stmt 1 view .LVU558
 1688              	.LVL144:
 1689              	.LBB127:
 134:src/unit/line/line.cpp ****             for (uint16_t i = 0; i < LINE_QTY; i++) {
 1690              		.loc 1 134 27 is_stmt 0 view .LVU559
 1691 00b2 0022     		movs	r2, #0
 134:src/unit/line/line.cpp ****             for (uint16_t i = 0; i < LINE_QTY; i++) {
 1692              		.loc 1 134 13 view .LVU560
 1693 00b4 0EE0     		b	.L70
 1694              	.LVL145:
 1695              	.L71:
 135:src/unit/line/line.cpp ****                   th_val_[i] /= SET_TH_NUM;
 1696              		.loc 1 135 19 is_stmt 1 discriminator 3 view .LVU561
ARM GAS  /var/folders/5c/srt4fy4j1pd641bjfx75k5000000gn/T//ccDzhI5D.s 			page 41


 135:src/unit/line/line.cpp ****                   th_val_[i] /= SET_TH_NUM;
 1697              		.loc 1 135 28 is_stmt 0 discriminator 3 view .LVU562
 1698 00b6 02F11E01 		add	r1, r2, #30
 1699 00ba 54F82130 		ldr	r3, [r4, r1, lsl #2]
 135:src/unit/line/line.cpp ****                   th_val_[i] /= SET_TH_NUM;
 1700              		.loc 1 135 30 discriminator 3 view .LVU563
 1701 00be 0A48     		ldr	r0, .L76
 1702 00c0 A0FB0303 		umull	r0, r3, r0, r3
 1703 00c4 9B09     		lsrs	r3, r3, #6
 1704 00c6 44F82130 		str	r3, [r4, r1, lsl #2]
 136:src/unit/line/line.cpp ****                   th_val_[i] += TH_VALUE;
 1705              		.loc 1 136 19 is_stmt 1 discriminator 3 view .LVU564
 136:src/unit/line/line.cpp ****                   th_val_[i] += TH_VALUE;
 1706              		.loc 1 136 30 is_stmt 0 discriminator 3 view .LVU565
 1707 00ca 0333     		adds	r3, r3, #3
 1708 00cc 44F82130 		str	r3, [r4, r1, lsl #2]
 134:src/unit/line/line.cpp ****             for (uint16_t i = 0; i < LINE_QTY; i++) {
 1709              		.loc 1 134 13 is_stmt 1 discriminator 3 view .LVU566
 1710 00d0 0132     		adds	r2, r2, #1
 1711              	.LVL146:
 134:src/unit/line/line.cpp ****             for (uint16_t i = 0; i < LINE_QTY; i++) {
 1712              		.loc 1 134 13 is_stmt 0 discriminator 3 view .LVU567
 1713 00d2 92B2     		uxth	r2, r2
 1714              	.LVL147:
 1715              	.L70:
 134:src/unit/line/line.cpp ****             for (uint16_t i = 0; i < LINE_QTY; i++) {
 1716              		.loc 1 134 36 is_stmt 1 discriminator 1 view .LVU568
 1717 00d4 172A     		cmp	r2, #23
 1718 00d6 EED9     		bls	.L71
 1719              	.LBE127:
 139:src/unit/line/line.cpp ****             OffLed();
 1720              		.loc 1 139 13 view .LVU569
 139:src/unit/line/line.cpp ****             OffLed();
 1721              		.loc 1 139 19 is_stmt 0 view .LVU570
 1722 00d8 2046     		mov	r0, r4
 1723 00da FFF7FEFF 		bl	_ZN4Line6OffLedEv
 1724              	.LVL148:
 140:src/unit/line/line.cpp ****             set_th_cnt_ = 0;
 1725              		.loc 1 140 13 is_stmt 1 view .LVU571
 140:src/unit/line/line.cpp ****             set_th_cnt_ = 0;
 1726              		.loc 1 140 25 is_stmt 0 view .LVU572
 1727 00de 0023     		movs	r3, #0
 1728 00e0 A4F8E030 		strh	r3, [r4, #224]	@ movhi
 141:src/unit/line/line.cpp ****             return 1;
 1729              		.loc 1 141 13 is_stmt 1 view .LVU573
 141:src/unit/line/line.cpp ****             return 1;
 1730              		.loc 1 141 20 is_stmt 0 view .LVU574
 1731 00e4 0120     		movs	r0, #1
 1732 00e6 D2E7     		b	.L69
 1733              	.L77:
 1734              		.align	2
 1735              	.L76:
 1736 00e8 F1197605 		.word	91625969
 1737              	.LBE126:
 1738              	.LBE128:
 1739              		.cfi_endproc
 1740              	.LFE257:
ARM GAS  /var/folders/5c/srt4fy4j1pd641bjfx75k5000000gn/T//ccDzhI5D.s 			page 42


 1741              		.fnend
 1743              		.text
 1744              	.Letext0:
 1745              		.file 3 "/opt/ST/STM32CubeCLT_1.16.0/GNU-tools-for-STM32/arm-none-eabi/include/machine/_default_ty
 1746              		.file 4 "/opt/ST/STM32CubeCLT_1.16.0/GNU-tools-for-STM32/arm-none-eabi/include/sys/_stdint.h"
 1747              		.file 5 "Drivers/CMSIS/Device/ST/STM32F4xx/Include/stm32f446xx.h"
 1748              		.file 6 "/opt/ST/STM32CubeCLT_1.16.0/GNU-tools-for-STM32/lib/gcc/arm-none-eabi/12.3.1/include/stdd
 1749              		.file 7 "Drivers/STM32F4xx_HAL_Driver/Inc/stm32f4xx_hal_gpio.h"
 1750              		.file 8 "/opt/ST/STM32CubeCLT_1.16.0/GNU-tools-for-STM32/arm-none-eabi/include/c++/12.3.1/cstdio"
 1751              		.file 9 "/opt/ST/STM32CubeCLT_1.16.0/GNU-tools-for-STM32/arm-none-eabi/include/c++/12.3.1/arm-none
 1752              		.file 10 "/opt/ST/STM32CubeCLT_1.16.0/GNU-tools-for-STM32/arm-none-eabi/include/sys/_types.h"
 1753              		.file 11 "/opt/ST/STM32CubeCLT_1.16.0/GNU-tools-for-STM32/arm-none-eabi/include/sys/reent.h"
 1754              		.file 12 "/opt/ST/STM32CubeCLT_1.16.0/GNU-tools-for-STM32/arm-none-eabi/include/sys/lock.h"
 1755              		.file 13 "/opt/ST/STM32CubeCLT_1.16.0/GNU-tools-for-STM32/arm-none-eabi/include/stdio.h"
 1756              		.file 14 "Lib/Timer/Timer.hpp"
 1757              		.file 15 "src/unit/line/line.hpp"
 1758              		.file 16 "Lib/MyMath/MyMath.hpp"
 1759              		.file 17 "Drivers/STM32F4xx_HAL_Driver/Inc/stm32f4xx_hal.h"
ARM GAS  /var/folders/5c/srt4fy4j1pd641bjfx75k5000000gn/T//ccDzhI5D.s 			page 43


DEFINED SYMBOLS
                            *ABS*:00000000 line.cpp
/var/folders/5c/srt4fy4j1pd641bjfx75k5000000gn/T//ccDzhI5D.s:21     .text._ZN4LineC2EP10DigitalOutS1_S1_S1_S1_S1_S1_PhS2_S2_S2_S2_S2_S2_S2_:00000000 $t
/var/folders/5c/srt4fy4j1pd641bjfx75k5000000gn/T//ccDzhI5D.s:27     .text._ZN4LineC2EP10DigitalOutS1_S1_S1_S1_S1_S1_PhS2_S2_S2_S2_S2_S2_S2_:00000000 _ZN4LineC2EP10DigitalOutS1_S1_S1_S1_S1_S1_PhS2_S2_S2_S2_S2_S2_S2_
.ARM.exidx.text._ZN4LineC2EP10DigitalOutS1_S1_S1_S1_S1_S1_PhS2_S2_S2_S2_S2_S2_S2_:00000000 $d
/var/folders/5c/srt4fy4j1pd641bjfx75k5000000gn/T//ccDzhI5D.s:27     .text._ZN4LineC2EP10DigitalOutS1_S1_S1_S1_S1_S1_PhS2_S2_S2_S2_S2_S2_S2_:00000000 _ZN4LineC1EP10DigitalOutS1_S1_S1_S1_S1_S1_PhS2_S2_S2_S2_S2_S2_S2_
/var/folders/5c/srt4fy4j1pd641bjfx75k5000000gn/T//ccDzhI5D.s:120    .text._ZN4Line4ReadEv:00000000 $t
/var/folders/5c/srt4fy4j1pd641bjfx75k5000000gn/T//ccDzhI5D.s:126    .text._ZN4Line4ReadEv:00000000 _ZN4Line4ReadEv
/var/folders/5c/srt4fy4j1pd641bjfx75k5000000gn/T//ccDzhI5D.s:966    .text._ZN4Line4ReadEv:0000032c $d
  .ARM.exidx.text._ZN4Line4ReadEv:00000000 $d
/var/folders/5c/srt4fy4j1pd641bjfx75k5000000gn/T//ccDzhI5D.s:974    .text._ZN4Line7ComputeEv:00000000 $t
/var/folders/5c/srt4fy4j1pd641bjfx75k5000000gn/T//ccDzhI5D.s:980    .text._ZN4Line7ComputeEv:00000000 _ZN4Line7ComputeEv
/var/folders/5c/srt4fy4j1pd641bjfx75k5000000gn/T//ccDzhI5D.s:1364   .text._ZN4Line7ComputeEv:00000174 $d
.ARM.extab.text._ZN4Line7ComputeEv:00000000 $d
.ARM.exidx.text._ZN4Line7ComputeEv:00000000 $d
/var/folders/5c/srt4fy4j1pd641bjfx75k5000000gn/T//ccDzhI5D.s:1372   .text._ZN4Line8IsOnLineEv:00000000 $t
/var/folders/5c/srt4fy4j1pd641bjfx75k5000000gn/T//ccDzhI5D.s:1378   .text._ZN4Line8IsOnLineEv:00000000 _ZN4Line8IsOnLineEv
.ARM.exidx.text._ZN4Line8IsOnLineEv:00000000 $d
/var/folders/5c/srt4fy4j1pd641bjfx75k5000000gn/T//ccDzhI5D.s:1412   .text._ZN4Line5OnLedEv:00000000 $t
/var/folders/5c/srt4fy4j1pd641bjfx75k5000000gn/T//ccDzhI5D.s:1418   .text._ZN4Line5OnLedEv:00000000 _ZN4Line5OnLedEv
 .ARM.extab.text._ZN4Line5OnLedEv:00000000 $d
 .ARM.exidx.text._ZN4Line5OnLedEv:00000000 $d
/var/folders/5c/srt4fy4j1pd641bjfx75k5000000gn/T//ccDzhI5D.s:1459   .text._ZN4Line6OffLedEv:00000000 $t
/var/folders/5c/srt4fy4j1pd641bjfx75k5000000gn/T//ccDzhI5D.s:1465   .text._ZN4Line6OffLedEv:00000000 _ZN4Line6OffLedEv
.ARM.extab.text._ZN4Line6OffLedEv:00000000 $d
.ARM.exidx.text._ZN4Line6OffLedEv:00000000 $d
/var/folders/5c/srt4fy4j1pd641bjfx75k5000000gn/T//ccDzhI5D.s:1506   .text._ZN4Line5SetThEv:00000000 $t
/var/folders/5c/srt4fy4j1pd641bjfx75k5000000gn/T//ccDzhI5D.s:1512   .text._ZN4Line5SetThEv:00000000 _ZN4Line5SetThEv
/var/folders/5c/srt4fy4j1pd641bjfx75k5000000gn/T//ccDzhI5D.s:1736   .text._ZN4Line5SetThEv:000000e8 $d
 .ARM.exidx.text._ZN4Line5SetThEv:00000000 $d

UNDEFINED SYMBOLS
_ZN5TimerC1Ev
__aeabi_unwind_cpp_pr0
__aeabi_i2d
__aeabi_dmul
__aeabi_d2uiz
_ZN5Timer7read_usEv
_ZN5Timer5resetEv
HAL_GPIO_WritePin
__aeabi_dadd
__aeabi_d2f
NormalizeDeg180
__aeabi_unwind_cpp_pr1
HAL_Delay
